attempt_id,user_id,course_id,instrument_id,attempt_type,started_at,submitted_at,duration_s,created_at
14ec4910-8c01-41dd-ba00-d6bd641ab2ca,66463ff1-b84c-49cf-b596-bebb3cb7ae59,7d2803a4-967a-4b5b-aaa7-e76fea38ab03,550e8400-e29b-41d4-a716-446655440002,post,2026-04-13 05:01:11.629091+00,2026-04-13 05:16:49.183+00,937,2026-04-13 05:01:11.629091+00
a07fd43b-e2bc-4e28-88d0-438a4b38bcde,7fa4abb8-6ed9-4a3a-938a-31ee94d3766d,7d2803a4-967a-4b5b-aaa7-e76fea38ab03,550e8400-e29b-41d4-a716-446655440002,post,2026-04-13 05:13:45.816054+00,2026-04-13 05:30:17.867+00,992,2026-04-13 05:13:45.816054+00
fe465014-c7d5-4f39-91d1-7c162a8c6c05,ba57b317-ce06-44c6-b117-58c8a4b82fc1,7d2803a4-967a-4b5b-aaa7-e76fea38ab03,550e8400-e29b-41d4-a716-446655440002,post,2026-04-13 05:54:45.905731+00,2026-04-13 06:08:10.128+00,804,2026-04-13 05:54:45.905731+00
1bcb6e90-33f1-46eb-9fae-08f4f01bb5c0,422632cf-ecd9-4798-a90b-aed4f5977661,7d2803a4-967a-4b5b-aaa7-e76fea38ab03,550e8400-e29b-41d4-a716-446655440002,post,2026-04-13 06:05:27.14811+00,2026-04-13 06:34:36.525+00,1749,2026-04-13 06:05:27.14811+00
754d49f0-7c13-4644-9e5d-d05d267582b8,c0d1113c-43e6-4e2a-a1b8-6ad5e773d4bf,7d2803a4-967a-4b5b-aaa7-e76fea38ab03,550e8400-e29b-41d4-a716-446655440002,post,2026-04-13 07:11:33.777867+00,2026-04-13 07:30:58.999+00,1165,2026-04-13 07:11:33.777867+00
c716252b-38ad-489c-8312-c8898cdd2974,926b6982-c3ee-486b-9646-029121432b1a,7d2803a4-967a-4b5b-aaa7-e76fea38ab03,550e8400-e29b-41d4-a716-446655440002,post,2026-04-13 05:38:51.260454+00,2026-04-13 08:02:13.174+00,8601,2026-04-13 05:38:51.260454+00
505b998a-7a6c-42d0-abef-735048a92d1f,658fd9b5-05e5-4010-8838-b41783ec6f87,7d2803a4-967a-4b5b-aaa7-e76fea38ab03,550e8400-e29b-41d4-a716-446655440002,post,2026-04-13 08:58:48.303994+00,2026-04-13 09:46:19.689+00,2851,2026-04-13 08:58:48.303994+00
44fa23b8-9fe3-4230-bd5f-5ca0a57a67a7,37b79b9d-7ee4-4eb5-a1ba-37839edfef17,7d2803a4-967a-4b5b-aaa7-e76fea38ab03,550e8400-e29b-41d4-a716-446655440002,post,2026-04-13 12:19:23.420499+00,2026-04-13 12:33:27.188+00,843,2026-04-13 12:19:23.420499+00
85b101eb-16ff-471a-aecc-e17f10b14cab,9eb9c822-2342-4ddf-b5b9-f1a26a915b22,7d2803a4-967a-4b5b-aaa7-e76fea38ab03,550e8400-e29b-41d4-a716-446655440002,post,2026-04-13 12:11:12.551588+00,2026-04-13 12:36:13.255+00,1500,2026-04-13 12:11:12.551588+00
cc15479e-aa6e-4ee8-8558-215131c96e02,1dadf029-d80a-4fe8-bcfa-63efd1fcb618,7d2803a4-967a-4b5b-aaa7-e76fea38ab03,550e8400-e29b-41d4-a716-446655440002,post,2026-04-13 12:33:58.597724+00,2026-04-13 12:54:56.48+00,1257,2026-04-13 12:33:58.597724+00
0aaef171-6a77-4fb3-b3d7-64c1b726b7ba,55471591-dfec-456f-b7ae-0399529f8aab,7d2803a4-967a-4b5b-aaa7-e76fea38ab03,550e8400-e29b-41d4-a716-446655440002,post,2026-04-13 12:43:30.376585+00,2026-04-13 13:11:43.329+00,1692,2026-04-13 12:43:30.376585+00
e3776f0f-6584-47c7-8175-36b1309399e7,cb519c63-e632-4734-aac5-2bda2b962d40,7d2803a4-967a-4b5b-aaa7-e76fea38ab03,550e8400-e29b-41d4-a716-446655440002,post,2026-04-13 13:05:29.675667+00,2026-04-13 13:26:12.275+00,1242,2026-04-13 13:05:29.675667+00
36ee9841-7b15-40e9-8a0f-f9d075f9d570,5509958c-52ec-40bc-8be4-4ffad0bdf13b,7d2803a4-967a-4b5b-aaa7-e76fea38ab03,550e8400-e29b-41d4-a716-446655440002,post,2026-04-13 13:24:04.985256+00,2026-04-13 13:43:10.449+00,1145,2026-04-13 13:24:04.985256+00
913a1f54-1622-4052-8e90-9c4f96ec1e11,4dc8fb4e-b5a0-4780-b637-98e51d9113d5,7d2803a4-967a-4b5b-aaa7-e76fea38ab03,550e8400-e29b-41d4-a716-446655440002,post,2026-04-13 13:59:43.087206+00,2026-04-13 14:12:11.508+00,748,2026-04-13 13:59:43.087206+00
6509e7da-6da8-4953-9fc2-79bed36e81cf,62569261-a935-4afc-92a4-ef62129cda33,7d2803a4-967a-4b5b-aaa7-e76fea38ab03,550e8400-e29b-41d4-a716-446655440002,post,2026-04-13 13:56:23.833255+00,2026-04-13 14:21:21.937+00,1498,2026-04-13 13:56:23.833255+00
6502277a-c6af-4331-a92b-6dd1eb31eb82,6ffbf2b0-6fee-40c1-bf98-0d33199ad1e9,7d2803a4-967a-4b5b-aaa7-e76fea38ab03,550e8400-e29b-41d4-a716-446655440002,post,2026-04-13 14:11:11.3234+00,2026-04-13 14:25:40.378+00,869,2026-04-13 14:11:11.3234+00
40513e09-0f3f-4970-928b-37c924eb4861,56e4cfcf-1d0f-480d-aae7-0fc77ca5298f,7d2803a4-967a-4b5b-aaa7-e76fea38ab03,550e8400-e29b-41d4-a716-446655440002,post,2026-04-13 14:27:32.635625+00,2026-04-13 14:35:13.423+00,460,2026-04-13 14:27:32.635625+00
82b68071-2414-466a-a7f8-7028683c8e91,0e01535f-fddc-409e-810b-fd3ded7d2ac2,7d2803a4-967a-4b5b-aaa7-e76fea38ab03,550e8400-e29b-41d4-a716-446655440002,post,2026-04-13 14:34:20.247755+00,2026-04-13 14:36:57.314+00,157,2026-04-13 14:34:20.247755+00
562613b3-e529-44db-9a38-413d9a578deb,3a00fbdb-ea33-483d-b82e-df3d81c04f0a,7d2803a4-967a-4b5b-aaa7-e76fea38ab03,550e8400-e29b-41d4-a716-446655440002,post,2026-04-13 14:23:45.831758+00,2026-04-13 14:37:00.968+00,795,2026-04-13 14:23:45.831758+00
edacc276-56a8-4b10-8068-824ce90a20a1,d8434543-92f1-4089-af65-17b258c2d622,7d2803a4-967a-4b5b-aaa7-e76fea38ab03,550e8400-e29b-41d4-a716-446655440002,post,2026-04-13 14:24:21.975883+00,2026-04-13 14:39:15.933+00,893,2026-04-13 14:24:21.975883+00
b24ad6e7-65cf-449c-b6a6-a0dda9c8ea8c,d358b751-b5f5-40b9-9623-b781ef1e71bc,7d2803a4-967a-4b5b-aaa7-e76fea38ab03,550e8400-e29b-41d4-a716-446655440002,post,2026-04-13 14:18:10.585941+00,2026-04-13 14:42:37.882+00,1467,2026-04-13 14:18:10.585941+00
b374053a-683c-4ef2-9602-e1ae8f741361,8f2cb546-6d29-46c7-8e0e-5ae2e4b5483e,7d2803a4-967a-4b5b-aaa7-e76fea38ab03,550e8400-e29b-41d4-a716-446655440002,post,2026-04-13 14:34:34.568306+00,2026-04-13 14:43:22.72+00,528,2026-04-13 14:34:34.568306+00
59368e28-4ee0-4174-8973-1de6597557c7,f9fa96e7-82a6-4bca-a7bd-98ae82704598,7d2803a4-967a-4b5b-aaa7-e76fea38ab03,550e8400-e29b-41d4-a716-446655440002,post,2026-04-13 14:17:05.900272+00,2026-04-13 14:43:27.88+00,1581,2026-04-13 14:17:05.900272+00
4f3c1dde-88c3-47f9-8605-e13da72285e1,3dba0c5e-3dc2-43f6-933b-98e5a82096a6,7d2803a4-967a-4b5b-aaa7-e76fea38ab03,550e8400-e29b-41d4-a716-446655440002,post,2026-04-13 13:53:24.980552+00,2026-04-13 14:47:02.053+00,3217,2026-04-13 13:53:24.980552+00
258d831f-e1b2-4fdc-88a4-42a2f9c7ba19,932666ce-3939-458e-9ae7-6418e57f27ba,7d2803a4-967a-4b5b-aaa7-e76fea38ab03,550e8400-e29b-41d4-a716-446655440002,post,2026-04-13 14:37:03.004247+00,2026-04-13 14:48:44.098+00,701,2026-04-13 14:37:03.004247+00
e89fac77-5d57-4412-8e27-42cb01ad6201,7591ede2-3417-4e0e-ae52-e565734fcb12,7d2803a4-967a-4b5b-aaa7-e76fea38ab03,550e8400-e29b-41d4-a716-446655440002,post,2026-04-13 14:49:42.698415+00,2026-04-13 15:03:16.299+00,813,2026-04-13 14:49:42.698415+00
44a50674-b539-4e79-8d2a-b86640f15f69,023df988-f3ab-4259-8146-7d50c655bd5c,7d2803a4-967a-4b5b-aaa7-e76fea38ab03,550e8400-e29b-41d4-a716-446655440002,post,2026-04-13 14:48:16.764325+00,2026-04-13 15:06:33.448+00,1096,2026-04-13 14:48:16.764325+00
e4d72ce6-4da4-47ae-9113-df6653c825d8,7eebf6eb-b686-4cf2-8987-3a2b734a18b7,7d2803a4-967a-4b5b-aaa7-e76fea38ab03,550e8400-e29b-41d4-a716-446655440002,post,2026-04-13 14:44:46.920221+00,2026-04-13 15:07:12.212+00,1345,2026-04-13 14:44:46.920221+00
3e7857af-86ae-4b13-8f7d-24d706938a41,bf2ed0ab-3056-492e-acad-a797f978c40c,7d2803a4-967a-4b5b-aaa7-e76fea38ab03,550e8400-e29b-41d4-a716-446655440002,post,2026-04-13 15:01:18.956613+00,2026-04-13 15:14:01.756+00,762,2026-04-13 15:01:18.956613+00
95b74415-00f1-4541-94cd-440a4d499df6,b4829a74-0b46-4201-a619-312b7677a97c,7d2803a4-967a-4b5b-aaa7-e76fea38ab03,550e8400-e29b-41d4-a716-446655440002,post,2026-04-13 15:11:37.798153+00,2026-04-13 15:24:53.112+00,795,2026-04-13 15:11:37.798153+00
3a036d0d-acc3-4636-9634-1f7ed4526353,3415449e-8c26-4205-8cf5-8af73a85de19,7d2803a4-967a-4b5b-aaa7-e76fea38ab03,550e8400-e29b-41d4-a716-446655440002,post,2026-04-13 15:05:26.431814+00,2026-04-13 15:33:45.454+00,1699,2026-04-13 15:05:26.431814+00
60b0aa6b-e1f8-4d46-80a2-53253080bc81,c437cc95-97d3-4da1-bad2-3bc3a2e6047c,7d2803a4-967a-4b5b-aaa7-e76fea38ab03,550e8400-e29b-41d4-a716-446655440002,post,2026-04-13 15:22:51.964337+00,2026-04-13 15:37:58.342+00,906,2026-04-13 15:22:51.964337+00
93bf99c6-c2c9-4962-ba58-9828566e213e,af8fec36-f572-4494-8911-ee7848b2cc57,7d2803a4-967a-4b5b-aaa7-e76fea38ab03,550e8400-e29b-41d4-a716-446655440002,post,2026-04-13 15:25:00.973426+00,2026-04-13 15:38:49.312+00,828,2026-04-13 15:25:00.973426+00
8e861b75-55c6-456b-92b2-00d683866bac,223c2925-62f2-43b9-998e-f44c86831c68,7d2803a4-967a-4b5b-aaa7-e76fea38ab03,550e8400-e29b-41d4-a716-446655440002,post,2026-04-13 15:16:34.750397+00,2026-04-13 15:41:01.622+00,1466,2026-04-13 15:16:34.750397+00
3634b63c-36de-4721-b5e0-8af874a17e41,f8e23dd9-4715-43db-a15f-248c9974e314,7d2803a4-967a-4b5b-aaa7-e76fea38ab03,550e8400-e29b-41d4-a716-446655440002,post,2026-04-13 15:25:02.655091+00,2026-04-13 15:46:53.224+00,1310,2026-04-13 15:25:02.655091+00
ccaf83e3-cc82-466c-9a2d-f21a1a138cc9,b205be68-59cb-4664-8e71-54640c623bd2,7d2803a4-967a-4b5b-aaa7-e76fea38ab03,550e8400-e29b-41d4-a716-446655440002,post,2026-04-13 15:28:06.153366+00,2026-04-13 15:55:56.776+00,1670,2026-04-13 15:28:06.153366+00
cd4dc577-1422-4a4d-819c-edf0eb5e1cd0,929e7e73-2466-484d-9361-8ab004d55c8f,7d2803a4-967a-4b5b-aaa7-e76fea38ab03,550e8400-e29b-41d4-a716-446655440002,post,2026-04-13 15:46:26.01446+00,2026-04-13 15:56:06.71+00,580,2026-04-13 15:46:26.01446+00
f8055870-ad14-46c4-b459-2c789c40d03f,b17abeb0-1da7-4bf5-9f05-c557b8feac26,7d2803a4-967a-4b5b-aaa7-e76fea38ab03,550e8400-e29b-41d4-a716-446655440002,post,2026-04-13 15:35:23.341063+00,2026-04-13 15:57:46.101+00,1342,2026-04-13 15:35:23.341063+00
7f09122a-aa6c-4fb3-8b2e-00df3a19ba9b,283582df-980f-4f96-b37d-f3c25436d613,7d2803a4-967a-4b5b-aaa7-e76fea38ab03,550e8400-e29b-41d4-a716-446655440002,post,2026-04-13 15:54:11.157526+00,2026-04-13 16:00:10.532+00,359,2026-04-13 15:54:11.157526+00
09576b09-6ec7-4d08-8f4f-fb4d55e48f24,3c484818-ecf5-4ee0-8e55-ea799862a9da,7d2803a4-967a-4b5b-aaa7-e76fea38ab03,550e8400-e29b-41d4-a716-446655440002,post,2026-04-13 14:56:52.596172+00,2026-04-13 16:02:23.562+00,3930,2026-04-13 14:56:52.596172+00
9abbece5-16f8-4654-b850-98b1fae12c6e,43c4f8cd-0e70-4007-8fe0-13ede925fad0,7d2803a4-967a-4b5b-aaa7-e76fea38ab03,550e8400-e29b-41d4-a716-446655440002,post,2026-04-13 16:04:03.87092+00,2026-04-13 16:15:34.775+00,690,2026-04-13 16:04:03.87092+00
aeff495b-68a3-4af8-8149-65441062d9a8,291c292d-9b14-4d33-b2d5-2dc2473bb8a8,7d2803a4-967a-4b5b-aaa7-e76fea38ab03,550e8400-e29b-41d4-a716-446655440002,post,2026-04-13 15:59:36.910605+00,2026-04-13 16:21:03.541+00,1286,2026-04-13 15:59:36.910605+00
a7bdda41-f16a-4805-86b4-9a2e0ad31140,40c39fd0-de18-4d69-8c91-f9b1257fe7c9,7d2803a4-967a-4b5b-aaa7-e76fea38ab03,550e8400-e29b-41d4-a716-446655440002,post,2026-04-13 15:23:22.4109+00,2026-04-13 16:25:59.464+00,3757,2026-04-13 15:23:22.4109+00
84e0ff63-59fd-4ff3-af77-2f44875afccb,b7274b0b-8cf4-4ab8-ae9c-5bc783d55851,7d2803a4-967a-4b5b-aaa7-e76fea38ab03,550e8400-e29b-41d4-a716-446655440002,post,2026-04-13 16:08:51.065004+00,2026-04-13 16:28:17.443+00,1166,2026-04-13 16:08:51.065004+00
05ed0509-1641-4b0c-bce6-fe0231c13e7d,9e49264d-0a86-4871-9dcf-169ce19349b6,7d2803a4-967a-4b5b-aaa7-e76fea38ab03,550e8400-e29b-41d4-a716-446655440002,post,2026-04-13 16:18:25.472969+00,2026-04-13 16:30:30.324+00,724,2026-04-13 16:18:25.472969+00
be921c12-37ae-4fbe-ad8e-a2433047da21,dc80d78d-ee7a-46e6-9839-a4d23876568f,7d2803a4-967a-4b5b-aaa7-e76fea38ab03,550e8400-e29b-41d4-a716-446655440002,post,2026-04-13 16:25:35.343925+00,2026-04-13 16:32:50.389+00,435,2026-04-13 16:25:35.343925+00
a7e705ba-7fdc-4bf8-ba99-8a8db848ac56,8018141e-9e45-4445-aafb-7aca4f4fcbc7,7d2803a4-967a-4b5b-aaa7-e76fea38ab03,550e8400-e29b-41d4-a716-446655440002,post,2026-04-13 16:24:40.064952+00,2026-04-13 16:40:14.493+00,934,2026-04-13 16:24:40.064952+00
b2e79c03-2267-48c2-8e05-5a50cb27d203,7ae80699-65ec-448c-b808-09f4d4a89f08,7d2803a4-967a-4b5b-aaa7-e76fea38ab03,550e8400-e29b-41d4-a716-446655440002,post,2026-04-13 16:34:35.218068+00,2026-04-13 16:42:56.568+00,501,2026-04-13 16:34:35.218068+00
79f076b8-1389-469f-9cb7-239a2e0efa30,b6a218a0-b9c9-48e1-a7f0-825d7b8673d5,7d2803a4-967a-4b5b-aaa7-e76fea38ab03,550e8400-e29b-41d4-a716-446655440002,post,2026-04-13 16:27:59.452916+00,2026-04-13 16:44:04.004+00,964,2026-04-13 16:27:59.452916+00
3899547b-4bbc-46fe-9b4b-f035b4fb5c1b,a9948e1a-9d8f-46cd-843b-31b5da7e9943,7d2803a4-967a-4b5b-aaa7-e76fea38ab03,550e8400-e29b-41d4-a716-446655440002,post,2026-04-13 16:35:16.06721+00,2026-04-13 16:44:08.618+00,532,2026-04-13 16:35:16.06721+00
c5a19639-2c53-4be7-91fb-a947ec2ffb5f,f32eb83c-4b42-41b4-a2e8-60eae40f38f0,7d2803a4-967a-4b5b-aaa7-e76fea38ab03,550e8400-e29b-41d4-a716-446655440002,post,2026-04-13 16:23:06.039074+00,2026-04-13 16:45:11.586+00,1325,2026-04-13 16:23:06.039074+00
cb1527de-9334-4fd2-ab04-0357ca51dc56,f17b8d59-75ea-4af1-82e7-0adad7f7acda,7d2803a4-967a-4b5b-aaa7-e76fea38ab03,550e8400-e29b-41d4-a716-446655440002,post,2026-04-13 16:01:44.832854+00,2026-04-13 16:49:16.863+00,2852,2026-04-13 16:01:44.832854+00
fffee5eb-ca86-488c-8063-f9d74ad2a5b7,72821f30-5e35-4ab8-995c-7a7f07efdd5d,7d2803a4-967a-4b5b-aaa7-e76fea38ab03,550e8400-e29b-41d4-a716-446655440002,post,2026-04-13 16:37:04.459929+00,2026-04-13 16:51:09.185+00,844,2026-04-13 16:37:04.459929+00
942ccca6-d2ad-4a16-8965-faf1e8c340f0,2a093996-e13c-49bd-ad4f-2485ce689172,7d2803a4-967a-4b5b-aaa7-e76fea38ab03,550e8400-e29b-41d4-a716-446655440002,post,2026-04-13 16:50:10.571779+00,2026-04-13 17:02:37.887+00,747,2026-04-13 16:50:10.571779+00
453d6b9a-de3d-4aea-930d-87a5bd8a8b67,55b478da-d45a-4525-9dff-b726c22af040,7d2803a4-967a-4b5b-aaa7-e76fea38ab03,550e8400-e29b-41d4-a716-446655440002,post,2026-04-13 15:45:26.179706+00,2026-04-13 17:07:48.97+00,4942,2026-04-13 15:45:26.179706+00
bd2fc210-b90b-48c9-8d8e-9da18aeaaf76,04c5c80d-c326-4790-9bf9-158af52afabf,7d2803a4-967a-4b5b-aaa7-e76fea38ab03,550e8400-e29b-41d4-a716-446655440002,post,2026-04-13 16:56:37.829843+00,2026-04-13 17:13:19.79+00,1001,2026-04-13 16:56:37.829843+00
7a765d49-7203-4033-bc03-5bf630a71c76,94257b0c-54b3-47f1-b0eb-782105e1e230,7d2803a4-967a-4b5b-aaa7-e76fea38ab03,550e8400-e29b-41d4-a716-446655440002,post,2026-04-13 16:41:48.295373+00,2026-04-13 17:17:07.626+00,2119,2026-04-13 16:41:48.295373+00
2c23bbe5-beee-4e59-9876-bc600395d6a1,9b4d383a-2207-4bb9-9e53-14b8931757ee,7d2803a4-967a-4b5b-aaa7-e76fea38ab03,550e8400-e29b-41d4-a716-446655440002,post,2026-04-13 14:19:05.374995+00,2026-04-13 17:22:19.851+00,10994,2026-04-13 14:19:05.374995+00
a7b8b08f-b3d0-484d-bcd6-408a6a8bd47d,3993b63b-9fde-4569-865f-f5bc87455910,7d2803a4-967a-4b5b-aaa7-e76fea38ab03,550e8400-e29b-41d4-a716-446655440002,post,2026-04-13 17:12:06.715467+00,2026-04-13 17:32:25.287+00,1218,2026-04-13 17:12:06.715467+00
07973970-a698-40b7-a599-27a00bcfe40e,76032b04-d4fe-4ae7-a9ec-1c55d8c81de1,7d2803a4-967a-4b5b-aaa7-e76fea38ab03,550e8400-e29b-41d4-a716-446655440002,post,2026-04-13 17:31:47.166064+00,2026-04-13 17:50:01.849+00,1094,2026-04-13 17:31:47.166064+00
bb34f378-471d-4151-8c24-5c1886dce889,25ed0053-d2b4-46c0-89b8-438ca2858b95,7d2803a4-967a-4b5b-aaa7-e76fea38ab03,550e8400-e29b-41d4-a716-446655440002,post,2026-04-13 17:15:09.498301+00,2026-04-13 17:51:19.149+00,2169,2026-04-13 17:15:09.498301+00
fcdbe18c-bbb8-4ded-90bf-0f2b9f64f4c0,91a304ee-a063-47f7-991f-a311337a9a4a,7d2803a4-967a-4b5b-aaa7-e76fea38ab03,550e8400-e29b-41d4-a716-446655440002,post,2026-04-13 17:47:10.359852+00,2026-04-13 18:01:11.702+00,841,2026-04-13 17:47:10.359852+00
c1fa45e2-8e92-4780-9157-ba88c4bad56a,c06222da-1592-495f-bf69-cbb1a525aee8,7d2803a4-967a-4b5b-aaa7-e76fea38ab03,550e8400-e29b-41d4-a716-446655440002,post,2026-04-13 17:40:32.345931+00,2026-04-13 18:01:40.276+00,1267,2026-04-13 17:40:32.345931+00
3e267f60-962b-43b8-b051-53307c15c5f0,081170cf-888d-4248-b97f-ccbfcaf07935,7d2803a4-967a-4b5b-aaa7-e76fea38ab03,550e8400-e29b-41d4-a716-446655440002,post,2026-04-13 17:36:51.094419+00,2026-04-13 18:05:50.234+00,1739,2026-04-13 17:36:51.094419+00
6c97be63-612f-4f76-a317-ca9b7ce0389b,d2d974a3-5cda-4903-9090-86f0791fdb9b,7d2803a4-967a-4b5b-aaa7-e76fea38ab03,550e8400-e29b-41d4-a716-446655440002,post,2026-04-13 17:15:11.134631+00,2026-04-13 18:10:10.137+00,3298,2026-04-13 17:15:11.134631+00
79bb9d9c-70a7-4e8d-8612-39454dde32b5,9a5be23a-0ff8-4455-b7e4-fd95d3e199d4,7d2803a4-967a-4b5b-aaa7-e76fea38ab03,550e8400-e29b-41d4-a716-446655440002,post,2026-04-13 17:55:58.809136+00,2026-04-13 18:15:32.015+00,1173,2026-04-13 17:55:58.809136+00
5583d315-a115-4477-907f-a631fd9dc63c,0e8e67ba-970e-4406-a667-64e67b518da0,7d2803a4-967a-4b5b-aaa7-e76fea38ab03,550e8400-e29b-41d4-a716-446655440002,post,2026-04-13 18:39:05.449208+00,2026-04-13 18:40:38.063+00,92,2026-04-13 18:39:05.449208+00
0999657c-116c-498b-bba2-7450994c84a4,1be8c561-a3b6-4b95-b193-754d9325320f,7d2803a4-967a-4b5b-aaa7-e76fea38ab03,550e8400-e29b-41d4-a716-446655440002,post,2026-04-13 18:01:08.52354+00,2026-04-13 18:41:40.353+00,2431,2026-04-13 18:01:08.52354+00
d48e0704-e0fd-465d-9089-66f8978f9c2a,cfcca1aa-75ab-4597-9e94-bc14a3372a5f,7d2803a4-967a-4b5b-aaa7-e76fea38ab03,550e8400-e29b-41d4-a716-446655440002,post,2026-04-13 18:35:11.501461+00,2026-04-13 18:43:37.191+00,505,2026-04-13 18:35:11.501461+00
99f0f4fc-e1f5-407d-a914-1337823c22f3,7c8759ae-fb71-4733-9b41-bde0c8a6e1d9,7d2803a4-967a-4b5b-aaa7-e76fea38ab03,550e8400-e29b-41d4-a716-446655440002,post,2026-04-13 18:46:47.447523+00,2026-04-13 19:01:36.68+00,889,2026-04-13 18:46:47.447523+00
c2fd8c3d-769f-47db-a217-f6da959243db,6a724941-d859-4fe7-84ee-916232c3931d,7d2803a4-967a-4b5b-aaa7-e76fea38ab03,550e8400-e29b-41d4-a716-446655440002,post,2026-04-13 18:43:46.723336+00,2026-04-13 19:03:47.605+00,1200,2026-04-13 18:43:46.723336+00
dc474719-b7e3-4362-b255-fcebd4c6629e,334215c7-e772-4902-97f5-a5155524a1b1,7d2803a4-967a-4b5b-aaa7-e76fea38ab03,550e8400-e29b-41d4-a716-446655440002,post,2026-04-13 18:43:36.05417+00,2026-04-13 19:10:48.453+00,1632,2026-04-13 18:43:36.05417+00
cc94f289-e42d-4d1e-88f1-f84c44fe2535,dd106dfa-683b-445f-829d-82e29987624c,7d2803a4-967a-4b5b-aaa7-e76fea38ab03,550e8400-e29b-41d4-a716-446655440002,post,2026-04-13 19:11:41.321907+00,2026-04-13 19:24:13.353+00,752,2026-04-13 19:11:41.321907+00
f52cd3a4-34a9-4165-9fb4-18b48203d673,42982a23-16e0-48ce-9f32-8d6f494508f5,7d2803a4-967a-4b5b-aaa7-e76fea38ab03,550e8400-e29b-41d4-a716-446655440002,post,2026-04-13 19:23:12.449659+00,2026-04-13 19:42:08.433+00,1135,2026-04-13 19:23:12.449659+00
63e41f65-b6fc-40ae-94b8-da248136b961,85f61c5a-eff7-43cd-bb76-bc308510fcf9,7d2803a4-967a-4b5b-aaa7-e76fea38ab03,550e8400-e29b-41d4-a716-446655440002,post,2026-04-13 19:39:12.129779+00,2026-04-13 19:52:12.028+00,779,2026-04-13 19:39:12.129779+00
a207ca07-f7eb-403f-8613-2b29b76c70bb,16f16979-6826-479a-8f0b-a20496d0c2b8,7d2803a4-967a-4b5b-aaa7-e76fea38ab03,550e8400-e29b-41d4-a716-446655440002,post,2026-04-13 19:26:45.250697+00,2026-04-13 19:58:39.838+00,1914,2026-04-13 19:26:45.250697+00
7393f34b-6031-422d-82ab-9394ec8335d1,8ded5c36-5957-4833-9e6f-76eae7e3b1cc,7d2803a4-967a-4b5b-aaa7-e76fea38ab03,550e8400-e29b-41d4-a716-446655440002,post,2026-04-13 19:45:32.727136+00,2026-04-13 20:11:49.346+00,1576,2026-04-13 19:45:32.727136+00
1f2ca946-b007-47fb-9aab-a10d68793f51,a8e632f4-965a-4ebb-bf35-931107406303,7d2803a4-967a-4b5b-aaa7-e76fea38ab03,550e8400-e29b-41d4-a716-446655440002,post,2026-04-13 19:44:16.489511+00,2026-04-13 20:13:47.984+00,1771,2026-04-13 19:44:16.489511+00
29986559-f3a2-4404-a1ed-41ff75932d68,32853b5d-e0c2-4de9-9e21-365c4e8a9fa3,7d2803a4-967a-4b5b-aaa7-e76fea38ab03,550e8400-e29b-41d4-a716-446655440002,post,2026-04-13 20:16:26.916467+00,2026-04-13 20:28:01.705+00,694,2026-04-13 20:16:26.916467+00
3c2e8e54-c770-4c62-93f7-d65b3f99a03e,c1931dae-3508-469e-a88b-2db70f3d2bba,7d2803a4-967a-4b5b-aaa7-e76fea38ab03,550e8400-e29b-41d4-a716-446655440002,post,2026-04-13 15:52:06.157026+00,2026-04-13 20:38:35.482+00,17189,2026-04-13 15:52:06.157026+00
9b77c726-4e38-474b-892a-1f19c29e2b4f,f700eee8-a911-4f4f-b732-c02afc302f7f,7d2803a4-967a-4b5b-aaa7-e76fea38ab03,550e8400-e29b-41d4-a716-446655440002,post,2026-04-13 20:19:56.779524+00,2026-04-13 20:39:27.831+00,1171,2026-04-13 20:19:56.779524+00
ec0afc8e-49e7-4267-b78b-88699ad3ba0b,1fb6c20a-b45a-409c-a7ee-bddc3a87eb64,7d2803a4-967a-4b5b-aaa7-e76fea38ab03,550e8400-e29b-41d4-a716-446655440002,post,2026-04-13 20:22:43.91265+00,2026-04-13 20:49:57.45+00,1633,2026-04-13 20:22:43.91265+00
281b1958-6fe3-45f4-af73-930c65b9a3ab,4b17aa77-3ca9-4922-a5ea-4efd79ee66fe,7d2803a4-967a-4b5b-aaa7-e76fea38ab03,550e8400-e29b-41d4-a716-446655440002,post,2026-04-13 20:13:51.243008+00,2026-04-13 20:52:41.733+00,2330,2026-04-13 20:13:51.243008+00
3cd46a05-6aa8-4cd3-8910-2c9a35ab60a9,d713be91-e944-4154-b2b6-89eb5d95fdde,7d2803a4-967a-4b5b-aaa7-e76fea38ab03,550e8400-e29b-41d4-a716-446655440002,post,2026-04-13 17:21:51.644208+00,2026-04-13 21:06:31.704+00,13480,2026-04-13 17:21:51.644208+00
2aeab3fe-c526-4471-93fa-26438bb6b747,69f22ed1-b75e-46ac-b8eb-d5fc2980732c,7d2803a4-967a-4b5b-aaa7-e76fea38ab03,550e8400-e29b-41d4-a716-446655440002,post,2026-04-13 21:09:00.842918+00,2026-04-13 21:17:59.565+00,538,2026-04-13 21:09:00.842918+00
e0edaad6-3741-4efd-a76c-8ba0560a0147,02000a24-d78d-4c3f-8dde-c5a8285dd481,7d2803a4-967a-4b5b-aaa7-e76fea38ab03,550e8400-e29b-41d4-a716-446655440002,post,2026-04-13 21:18:38.733564+00,2026-04-13 21:34:39.811+00,961,2026-04-13 21:18:38.733564+00
1759123f-f517-4a2b-94df-8830cdd98c99,44b9aad3-71ca-4c00-8c92-e017e129cb8f,7d2803a4-967a-4b5b-aaa7-e76fea38ab03,550e8400-e29b-41d4-a716-446655440002,post,2026-04-13 21:21:49.3475+00,2026-04-13 21:35:56.269+00,846,2026-04-13 21:21:49.3475+00
2d02b4c7-1835-4c33-b454-5c291e0427cd,4700d520-514f-4a51-b486-18789d305b1f,7d2803a4-967a-4b5b-aaa7-e76fea38ab03,550e8400-e29b-41d4-a716-446655440002,post,2026-04-13 21:21:56.051527+00,2026-04-13 21:38:06.071+00,970,2026-04-13 21:21:56.051527+00
cbc30960-2405-47ac-a595-7aa76d28bcd9,304b538d-cf77-4247-83c2-3efe5750ce04,7d2803a4-967a-4b5b-aaa7-e76fea38ab03,550e8400-e29b-41d4-a716-446655440002,post,2026-04-13 21:29:01.841709+00,2026-04-13 21:45:08.267+00,966,2026-04-13 21:29:01.841709+00
c5b06083-9246-475e-8a4e-976eecbbe654,27902b06-d34d-4f81-a316-a4ba4ceb13cd,7d2803a4-967a-4b5b-aaa7-e76fea38ab03,550e8400-e29b-41d4-a716-446655440002,post,2026-04-13 21:58:02.26529+00,2026-04-13 22:13:14.294+00,912,2026-04-13 21:58:02.26529+00
d6d97870-9f7c-463a-941c-0ce13caedaed,bb3f595f-5db5-47ee-974f-f54d1a198c22,7d2803a4-967a-4b5b-aaa7-e76fea38ab03,550e8400-e29b-41d4-a716-446655440002,post,2026-04-13 21:56:16.304156+00,2026-04-13 22:21:24.58+00,1508,2026-04-13 21:56:16.304156+00
c07c7cdd-9a53-48a3-8d92-324637f3e297,8beea528-b5fa-471b-93a4-a581311bb682,7d2803a4-967a-4b5b-aaa7-e76fea38ab03,550e8400-e29b-41d4-a716-446655440002,post,2026-04-13 22:06:52.73106+00,2026-04-13 22:30:00.325+00,1387,2026-04-13 22:06:52.73106+00
6af00fb5-9c5a-41f5-8b40-5df89405c433,04c824fe-256a-4b2f-8fbd-611efb6977a4,7d2803a4-967a-4b5b-aaa7-e76fea38ab03,550e8400-e29b-41d4-a716-446655440002,post,2026-04-13 19:56:33.395355+00,2026-04-13 22:31:50.018+00,9316,2026-04-13 19:56:33.395355+00
705de2c3-eb50-489b-adf7-4bef96a34ba2,c22cfc0a-a36a-4f19-a8bb-e2dc4bad8093,7d2803a4-967a-4b5b-aaa7-e76fea38ab03,550e8400-e29b-41d4-a716-446655440002,post,2026-04-13 22:04:40.380501+00,2026-04-13 22:44:26.08+00,2385,2026-04-13 22:04:40.380501+00
c8b4e7f0-8577-468e-b69c-6cad51a40efd,a7c2bdef-8caa-49a3-9e03-0149a4757ec2,7d2803a4-967a-4b5b-aaa7-e76fea38ab03,550e8400-e29b-41d4-a716-446655440002,post,2026-04-13 23:52:58.162985+00,2026-04-13 23:57:05.062+00,246,2026-04-13 23:52:58.162985+00
999580db-be98-4595-88c7-b05278476336,56f5306b-77a3-45e6-89df-d161e08ea49a,7d2803a4-967a-4b5b-aaa7-e76fea38ab03,550e8400-e29b-41d4-a716-446655440002,post,2026-04-13 23:45:48.29206+00,2026-04-14 00:00:23.383+00,875,2026-04-13 23:45:48.29206+00
51b9316b-7d08-42f9-b078-d4e1acf9653a,5c3aacda-0300-42b9-98c1-adecf4d9734b,7d2803a4-967a-4b5b-aaa7-e76fea38ab03,550e8400-e29b-41d4-a716-446655440002,post,2026-04-14 00:17:37.742849+00,2026-04-14 00:23:15.81+00,338,2026-04-14 00:17:37.742849+00
5fda311d-98c4-450d-a1ac-b440ee6c9be0,67f5efd9-ae98-4a23-8733-051b48bb7e10,7d2803a4-967a-4b5b-aaa7-e76fea38ab03,550e8400-e29b-41d4-a716-446655440002,post,2026-04-14 00:16:21.835298+00,2026-04-14 00:36:55.561+00,1233,2026-04-14 00:16:21.835298+00
7be38448-725e-4d87-95a7-1931e38ec3f5,b1e1de17-2f9a-4a8e-9628-c8909d8e1194,7d2803a4-967a-4b5b-aaa7-e76fea38ab03,550e8400-e29b-41d4-a716-446655440002,post,2026-04-14 00:26:46.687538+00,2026-04-14 00:39:26.187+00,759,2026-04-14 00:26:46.687538+00
4334dd45-b9b6-48d1-a86f-3952b588dcbe,82b623c1-f1ab-449c-a574-7c6b203cdb7c,7d2803a4-967a-4b5b-aaa7-e76fea38ab03,550e8400-e29b-41d4-a716-446655440002,post,2026-04-14 00:24:18.182277+00,2026-04-14 00:39:55.77+00,937,2026-04-14 00:24:18.182277+00
8dbe2577-2c82-4a69-a07d-ec129d62bee5,1b13ca04-9348-433a-8d45-6e69e766e1b9,7d2803a4-967a-4b5b-aaa7-e76fea38ab03,550e8400-e29b-41d4-a716-446655440002,post,2026-04-14 00:38:05.21541+00,2026-04-14 01:00:22.503+00,1337,2026-04-14 00:38:05.21541+00
a06a0d85-cb80-46d7-a14e-093d46fb0aea,5a80b7d8-d810-4de2-a655-c2bf7634b57f,7d2803a4-967a-4b5b-aaa7-e76fea38ab03,550e8400-e29b-41d4-a716-446655440002,post,2026-04-14 01:15:17.835616+00,2026-04-14 01:25:42.043+00,624,2026-04-14 01:15:17.835616+00
8563c707-92e0-4f7d-b4b3-a8135b235edc,11cb4187-2f10-4e39-8662-0d49f2a3bced,7d2803a4-967a-4b5b-aaa7-e76fea38ab03,550e8400-e29b-41d4-a716-446655440002,post,2026-04-14 01:09:49.649612+00,2026-04-14 01:26:29.053+00,999,2026-04-14 01:09:49.649612+00
2f6db324-3f5e-4725-808b-43f967ba26d9,2c851e7c-cead-4588-8766-efb9d7d2f47f,7d2803a4-967a-4b5b-aaa7-e76fea38ab03,550e8400-e29b-41d4-a716-446655440002,post,2026-04-14 01:09:46.360586+00,2026-04-14 01:27:02.732+00,1036,2026-04-14 01:09:46.360586+00
61f3d6e6-4824-413b-8993-006db156d06b,fdb9315e-4b0e-4ef6-9fbf-676c4891bbf1,7d2803a4-967a-4b5b-aaa7-e76fea38ab03,550e8400-e29b-41d4-a716-446655440002,post,2026-04-14 01:05:13.829617+00,2026-04-14 01:36:39.735+00,1885,2026-04-14 01:05:13.829617+00
910f812d-e03c-41b1-9e3b-c854297252d5,f58d556e-8120-44bb-849d-4cfc0a45e6c2,7d2803a4-967a-4b5b-aaa7-e76fea38ab03,550e8400-e29b-41d4-a716-446655440002,post,2026-04-14 00:53:32.68747+00,2026-04-14 01:39:17.225+00,2744,2026-04-14 00:53:32.68747+00
f9227216-57a9-4f38-8ddf-77c798562487,b461e70b-1350-4db6-8ca1-a63ec493c3ee,7d2803a4-967a-4b5b-aaa7-e76fea38ab03,550e8400-e29b-41d4-a716-446655440002,post,2026-04-14 01:08:27.484799+00,2026-04-14 01:41:22.847+00,1975,2026-04-14 01:08:27.484799+00
cb1fc337-ccce-4555-8ae7-c4f3d0ad6a3e,0335337a-0116-45ea-ba76-65076a62d40a,7d2803a4-967a-4b5b-aaa7-e76fea38ab03,550e8400-e29b-41d4-a716-446655440002,post,2026-04-14 01:29:10.922063+00,2026-04-14 01:44:20.957+00,910,2026-04-14 01:29:10.922063+00
504950d8-c70e-4dbb-8ae1-3378f52dd815,75c720c1-4f80-4712-97a7-badd664c646c,7d2803a4-967a-4b5b-aaa7-e76fea38ab03,550e8400-e29b-41d4-a716-446655440002,post,2026-04-14 01:25:38.514636+00,2026-04-14 01:50:03.598+00,1465,2026-04-14 01:25:38.514636+00
fec55fd1-eac4-4866-9621-962f7d34477e,63d42d69-a34d-426c-b810-8d9a15707940,7d2803a4-967a-4b5b-aaa7-e76fea38ab03,550e8400-e29b-41d4-a716-446655440002,post,2026-04-14 01:33:41.399347+00,2026-04-14 01:54:42.211+00,1260,2026-04-14 01:33:41.399347+00
b4413c52-cde4-4314-8a4e-e48acc17f854,8b9b6cf2-4c1d-4f0b-a509-975032ad60f5,7d2803a4-967a-4b5b-aaa7-e76fea38ab03,550e8400-e29b-41d4-a716-446655440002,post,2026-04-14 02:01:32.647068+00,2026-04-14 02:14:09.278+00,756,2026-04-14 02:01:32.647068+00
97ad40e2-de55-4275-947b-fc827b7ae906,2e113363-d3c8-472f-a407-73be07b754f8,7d2803a4-967a-4b5b-aaa7-e76fea38ab03,550e8400-e29b-41d4-a716-446655440002,post,2026-04-13 05:08:22.720169+00,2026-04-14 02:47:15.089+00,77932,2026-04-13 05:08:22.720169+00
97948e40-6ea6-4d28-bb7c-95dd05e61641,3719b0c7-eaab-4670-91f9-9e249b00d22c,7d2803a4-967a-4b5b-aaa7-e76fea38ab03,550e8400-e29b-41d4-a716-446655440002,post,2026-04-14 02:41:46.711919+00,2026-04-14 03:07:21.784+00,1535,2026-04-14 02:41:46.711919+00
6a5584ba-dbc8-4837-b8bd-1225081c7107,3a6ea1fb-74ab-465f-bfc1-c5d4b2c7056c,7d2803a4-967a-4b5b-aaa7-e76fea38ab03,550e8400-e29b-41d4-a716-446655440002,post,2026-04-14 02:29:58.11257+00,2026-04-14 03:24:13.613+00,3255,2026-04-14 02:29:58.11257+00
385c43bc-ebbb-4b8a-865b-21e63e22bd55,0c9cd719-108f-405b-be1c-4dab9d46c804,7d2803a4-967a-4b5b-aaa7-e76fea38ab03,550e8400-e29b-41d4-a716-446655440002,post,2026-04-14 01:41:13.616446+00,2026-04-14 03:39:46.213+00,7112,2026-04-14 01:41:13.616446+00
e69d8665-ba35-43b2-93a2-62452b6575bb,6afd970f-cf90-48d5-ba70-e31df9693b10,7d2803a4-967a-4b5b-aaa7-e76fea38ab03,550e8400-e29b-41d4-a716-446655440002,post,2026-04-14 03:44:34.375161+00,2026-04-14 04:13:42.791+00,1748,2026-04-14 03:44:34.375161+00
210d13dc-9f34-446e-bae5-0cbdb34bc22e,849d3686-c9c5-42d5-8213-f346f963b279,7d2803a4-967a-4b5b-aaa7-e76fea38ab03,550e8400-e29b-41d4-a716-446655440002,post,2026-04-14 03:30:02.323971+00,2026-04-14 04:16:56.313+00,2813,2026-04-14 03:30:02.323971+00
5d1c2257-bdd9-4fe5-8856-bf61d3377ff5,2a7a36c4-a2ad-4c08-9072-0d715a0f6a3a,7d2803a4-967a-4b5b-aaa7-e76fea38ab03,550e8400-e29b-41d4-a716-446655440002,post,2026-04-14 04:32:21.048796+00,2026-04-14 04:53:55.208+00,1294,2026-04-14 04:32:21.048796+00
4b51cb2c-0002-48ac-bf04-2d35780a5daa,433a74d7-d61e-419c-b9f8-ab07e4e13688,7d2803a4-967a-4b5b-aaa7-e76fea38ab03,550e8400-e29b-41d4-a716-446655440002,post,2026-04-14 05:26:52.965716+00,2026-04-14 06:02:41.529+00,2148,2026-04-14 05:26:52.965716+00
7b055da2-b5b6-418c-bff1-a8b4e09b38fb,200be3bd-bcad-4abd-a60e-6448f74d8ab3,7d2803a4-967a-4b5b-aaa7-e76fea38ab03,550e8400-e29b-41d4-a716-446655440002,post,2026-04-14 05:46:18.086299+00,2026-04-14 06:09:06.555+00,1368,2026-04-14 05:46:18.086299+00
456c41f9-a27c-4f49-a1f9-e021ef5f5d13,99204388-8c67-45b5-9aa1-bf06195c5cd9,7d2803a4-967a-4b5b-aaa7-e76fea38ab03,550e8400-e29b-41d4-a716-446655440002,post,2026-04-14 05:57:15.786413+00,2026-04-14 06:25:09.568+00,1673,2026-04-14 05:57:15.786413+00
a6c3a14d-affb-4d79-a550-b4e673e199b5,dd98c8fa-c2e5-4687-b15b-61ccbc094426,7d2803a4-967a-4b5b-aaa7-e76fea38ab03,550e8400-e29b-41d4-a716-446655440002,post,2026-04-14 12:48:01.959699+00,2026-04-14 12:56:31.911+00,509,2026-04-14 12:48:01.959699+00
b8db1462-e2fe-46d5-a666-6fc1fabac3a8,facf977a-47b6-4337-9f44-2036767c8c9c,7d2803a4-967a-4b5b-aaa7-e76fea38ab03,550e8400-e29b-41d4-a716-446655440002,post,2026-04-14 14:05:35.353611+00,2026-04-14 14:22:03.133+00,987,2026-04-14 14:05:35.353611+00
bdc196ec-76c0-4efe-ae9f-f161f4ebd77f,bd611c6e-616c-4340-8197-e49c02748d84,7d2803a4-967a-4b5b-aaa7-e76fea38ab03,550e8400-e29b-41d4-a716-446655440002,post,2026-04-14 13:50:16.937038+00,2026-04-14 14:22:28.768+00,1931,2026-04-14 13:50:16.937038+00
6ffcef0d-5d92-4b8c-ac5a-6ec9221f888b,2300ee67-66b0-40e0-b527-2e6fd39e9c98,7d2803a4-967a-4b5b-aaa7-e76fea38ab03,550e8400-e29b-41d4-a716-446655440002,post,2026-04-14 14:15:14.246783+00,2026-04-14 14:41:53.234+00,1598,2026-04-14 14:15:14.246783+00
2ef5d036-9058-4657-be5a-7af90789b3a4,d0ae771b-ff49-4bb5-b287-f1be801ec39b,7d2803a4-967a-4b5b-aaa7-e76fea38ab03,550e8400-e29b-41d4-a716-446655440002,post,2026-04-14 15:01:15.156551+00,2026-04-14 15:12:33.879+00,678,2026-04-14 15:01:15.156551+00
ce4b2a45-4bbf-4720-8903-dd2a2b92a036,5ae9c119-f7bf-47c2-9099-6a92c89f6810,7d2803a4-967a-4b5b-aaa7-e76fea38ab03,550e8400-e29b-41d4-a716-446655440002,post,2026-04-14 15:18:04.425204+00,2026-04-14 15:18:06.527+00,2,2026-04-14 15:18:04.425204+00
fa80c753-6ffa-4cf2-8cc7-140192243d46,a29fffaa-e5a6-45d6-8d64-ea882dced792,7d2803a4-967a-4b5b-aaa7-e76fea38ab03,550e8400-e29b-41d4-a716-446655440002,post,2026-04-14 14:55:08.724151+00,2026-04-14 15:26:05.231+00,1856,2026-04-14 14:55:08.724151+00
8c83009f-3b58-4ad6-a794-0ba3a6c5df7a,7c1e5973-e058-448e-b371-ff44460e3482,7d2803a4-967a-4b5b-aaa7-e76fea38ab03,550e8400-e29b-41d4-a716-446655440002,post,2026-04-14 15:22:33.783422+00,2026-04-14 15:39:50.822+00,1037,2026-04-14 15:22:33.783422+00
d7f14ef7-7297-4852-bcdb-b7b482c596cf,cfa38b79-8bf6-4c20-85a9-95c1449c703f,7d2803a4-967a-4b5b-aaa7-e76fea38ab03,550e8400-e29b-41d4-a716-446655440002,post,2026-04-14 15:15:21.474416+00,2026-04-14 15:42:02.751+00,1601,2026-04-14 15:15:21.474416+00
4aca0cc8-dad3-4391-acc5-c2bf43e17d6c,dcfc9d31-b864-43e1-b9de-cd72c9e56ece,7d2803a4-967a-4b5b-aaa7-e76fea38ab03,550e8400-e29b-41d4-a716-446655440002,post,2026-04-13 19:02:05.364561+00,2026-04-14 15:49:00.791+00,74815,2026-04-13 19:02:05.364561+00
ff53aea5-3d09-4d69-a61f-60fe056d36de,8429083f-4d18-40ac-829d-13cbef201786,7d2803a4-967a-4b5b-aaa7-e76fea38ab03,550e8400-e29b-41d4-a716-446655440002,post,2026-04-14 15:03:36.777415+00,2026-04-14 15:53:55.771+00,3018,2026-04-14 15:03:36.777415+00
0b7f9333-9bcf-4f01-b204-4ebb993085ea,88b02cfe-9c4c-4b43-ba7f-bf1dace95343,7d2803a4-967a-4b5b-aaa7-e76fea38ab03,550e8400-e29b-41d4-a716-446655440002,post,2026-04-14 16:27:21.532476+00,2026-04-14 16:32:03.125+00,281,2026-04-14 16:27:21.532476+00
336b12cf-d022-427c-ab0c-3aad1edcdcd0,02983dd8-4be1-472f-bfe2-d76c6fa6b0a9,7d2803a4-967a-4b5b-aaa7-e76fea38ab03,550e8400-e29b-41d4-a716-446655440002,post,2026-04-13 15:51:04.518134+00,2026-04-14 16:36:39.478+00,89134,2026-04-13 15:51:04.518134+00
42504099-d32a-4bc8-a667-0b1d75f30286,846584e3-805c-4200-8b65-4fba47d93f88,7d2803a4-967a-4b5b-aaa7-e76fea38ab03,550e8400-e29b-41d4-a716-446655440002,post,2026-04-14 16:46:08.14649+00,2026-04-14 17:00:06.112+00,837,2026-04-14 16:46:08.14649+00
467dfc7f-7a9c-482c-9c8f-8a635a04d74a,91d4e01c-de74-488f-b355-3bdee888b451,7d2803a4-967a-4b5b-aaa7-e76fea38ab03,550e8400-e29b-41d4-a716-446655440002,post,2026-04-14 16:57:20.028762+00,2026-04-14 17:05:12.105+00,472,2026-04-14 16:57:20.028762+00
b9f02623-0da9-4675-b716-bcf6c760fddf,c1554c02-946a-4feb-8e50-6ad8372372f2,7d2803a4-967a-4b5b-aaa7-e76fea38ab03,550e8400-e29b-41d4-a716-446655440002,post,2026-04-14 16:54:19.837391+00,2026-04-14 17:10:22.566+00,962,2026-04-14 16:54:19.837391+00
9b08f4d3-6f7f-4f95-91b7-b5a924e0e23a,681bc1cb-c0bb-489e-9b78-dcd25f5daa38,7d2803a4-967a-4b5b-aaa7-e76fea38ab03,550e8400-e29b-41d4-a716-446655440002,post,2026-04-14 16:51:09.418209+00,2026-04-14 17:13:06.199+00,1316,2026-04-14 16:51:09.418209+00
6a57b015-7fc6-41db-b598-8770abf5db71,55b1aab8-72eb-4591-8b81-917baa996b8b,7d2803a4-967a-4b5b-aaa7-e76fea38ab03,550e8400-e29b-41d4-a716-446655440002,post,2026-04-14 16:51:27.743204+00,2026-04-14 17:15:59.718+00,1471,2026-04-14 16:51:27.743204+00
0f36c642-830c-44d0-8867-d820e0620d5b,db0f6506-de3d-4d8a-853e-580bbfc7023b,7d2803a4-967a-4b5b-aaa7-e76fea38ab03,550e8400-e29b-41d4-a716-446655440002,post,2026-04-14 17:30:49.734818+00,2026-04-14 17:50:07.24+00,1157,2026-04-14 17:30:49.734818+00
45d22cfe-3260-4ffa-b8bd-c8d6b2cd9a5e,34a050fc-d6f5-4d52-818a-1fb5d3197c60,7d2803a4-967a-4b5b-aaa7-e76fea38ab03,550e8400-e29b-41d4-a716-446655440002,post,2026-04-14 18:31:30.07523+00,2026-04-14 18:46:36.228+00,906,2026-04-14 18:31:30.07523+00
5953f7c3-86b1-4818-8410-c5c643f77e08,c0554152-e611-431e-a579-b5ca5a80067d,7d2803a4-967a-4b5b-aaa7-e76fea38ab03,550e8400-e29b-41d4-a716-446655440002,post,2026-04-14 18:23:02.194996+00,2026-04-14 18:58:23.743+00,2121,2026-04-14 18:23:02.194996+00
43b6ede5-adf4-47b9-a804-ff3fda998842,fd06849b-274b-4405-bd45-b7e9ec997631,7d2803a4-967a-4b5b-aaa7-e76fea38ab03,550e8400-e29b-41d4-a716-446655440002,post,2026-04-14 18:50:12.641454+00,2026-04-14 19:09:11.813+00,1139,2026-04-14 18:50:12.641454+00
ee4292fa-0914-46fe-b318-9cf9d527efde,500780b3-4ef1-4072-9df5-d8706c7413e6,7d2803a4-967a-4b5b-aaa7-e76fea38ab03,550e8400-e29b-41d4-a716-446655440002,post,2026-04-14 18:45:31.389174+00,2026-04-14 19:13:22.781+00,1671,2026-04-14 18:45:31.389174+00
d3213796-d19e-4bac-8850-48baec0f1157,e81a391a-d49f-4b65-b3c2-3ee59d007fa8,7d2803a4-967a-4b5b-aaa7-e76fea38ab03,550e8400-e29b-41d4-a716-446655440002,post,2026-04-14 19:07:07.539061+00,2026-04-14 19:21:16.759+00,849,2026-04-14 19:07:07.539061+00
423b9044-a808-4bc9-981a-c7ab29f96b0a,cf8f6a88-1220-40ab-8bab-489126a20ce3,7d2803a4-967a-4b5b-aaa7-e76fea38ab03,550e8400-e29b-41d4-a716-446655440002,post,2026-04-14 19:32:12.107607+00,2026-04-14 19:43:44.897+00,692,2026-04-14 19:32:12.107607+00
8d39ee1b-1ff8-4095-845d-ce83a400581b,bfd4f924-5ce7-495c-89b1-0130a20924de,7d2803a4-967a-4b5b-aaa7-e76fea38ab03,550e8400-e29b-41d4-a716-446655440002,post,2026-04-14 19:21:27.368181+00,2026-04-14 19:56:55.207+00,2127,2026-04-14 19:21:27.368181+00
905b0b56-687e-48ba-94fd-ab3553e9fc6a,26d21e36-bea7-48c1-b348-eb3a35bb56ac,7d2803a4-967a-4b5b-aaa7-e76fea38ab03,550e8400-e29b-41d4-a716-446655440002,post,2026-04-14 19:27:08.65872+00,2026-04-14 19:58:22.851+00,1874,2026-04-14 19:27:08.65872+00
7bcb6bfb-a1f9-4955-88e1-c4e5feb5366d,8b67a533-de66-4f2a-b2ec-51b7e77d55fb,7d2803a4-967a-4b5b-aaa7-e76fea38ab03,550e8400-e29b-41d4-a716-446655440002,post,2026-04-14 19:47:11.129517+00,2026-04-14 20:02:09.236+00,898,2026-04-14 19:47:11.129517+00
74741299-1314-4dd5-b82f-2f41e62c3826,c9b34398-948d-42c2-b9c4-35e60260b407,7d2803a4-967a-4b5b-aaa7-e76fea38ab03,550e8400-e29b-41d4-a716-446655440002,post,2026-04-14 19:37:48.775991+00,2026-04-14 20:07:10.372+00,1761,2026-04-14 19:37:48.775991+00
b06ca55a-7f0c-48b9-96f5-53cf7d968472,9afacf94-4ce5-4563-832b-43d6cc7f6d0e,7d2803a4-967a-4b5b-aaa7-e76fea38ab03,550e8400-e29b-41d4-a716-446655440002,post,2026-04-14 19:47:38.865694+00,2026-04-14 20:12:11.142+00,1472,2026-04-14 19:47:38.865694+00
e28c93b6-5279-43e4-90ae-91f3509c7ef9,0dc0bc30-6ba9-482b-b74d-18b65c8a1af5,7d2803a4-967a-4b5b-aaa7-e76fea38ab03,550e8400-e29b-41d4-a716-446655440002,post,2026-04-13 17:51:26.23564+00,2026-04-14 20:22:17.388+00,95451,2026-04-13 17:51:26.23564+00
dea48d74-2245-471a-81a7-b64c34793001,1ee101a3-367e-49a3-9e67-11ff0fccf6b8,7d2803a4-967a-4b5b-aaa7-e76fea38ab03,550e8400-e29b-41d4-a716-446655440002,post,2026-04-14 18:55:01.849873+00,2026-04-14 21:23:56.812+00,8934,2026-04-14 18:55:01.849873+00
5a5a37b7-1c4e-4d1e-a7bf-bed7b5570b4a,b209e15f-9e16-4d94-8771-f35b94a55db5,7d2803a4-967a-4b5b-aaa7-e76fea38ab03,550e8400-e29b-41d4-a716-446655440002,post,2026-04-14 21:53:46.509127+00,2026-04-14 22:04:55.67+00,669,2026-04-14 21:53:46.509127+00
ab2a4d17-4eed-4f88-9a86-cd7b4120e5e6,7f72231d-fc77-4e61-bbb9-de4089d6c8e7,7d2803a4-967a-4b5b-aaa7-e76fea38ab03,550e8400-e29b-41d4-a716-446655440002,post,2026-04-14 21:53:33.695753+00,2026-04-14 22:09:37.561+00,963,2026-04-14 21:53:33.695753+00
03e7436d-9b1b-478b-b5f2-a48f28b289dc,c4cd2841-f561-43f0-b67c-2a38acf2ac04,7d2803a4-967a-4b5b-aaa7-e76fea38ab03,550e8400-e29b-41d4-a716-446655440002,post,2026-04-14 21:56:13.589562+00,2026-04-14 22:20:09.895+00,1436,2026-04-14 21:56:13.589562+00
c21bf8fd-f680-46a4-b565-b25bc856ab0d,c697d079-2ee3-4784-94c8-e25d9c5e5ff0,7d2803a4-967a-4b5b-aaa7-e76fea38ab03,550e8400-e29b-41d4-a716-446655440002,post,2026-04-14 23:08:27.92527+00,2026-04-14 23:21:07.14+00,759,2026-04-14 23:08:27.92527+00
35637cf3-e6c8-404d-a0ae-a1d12496a6e7,04db1eb9-e15a-4c80-b681-4e6be5a9f700,7d2803a4-967a-4b5b-aaa7-e76fea38ab03,550e8400-e29b-41d4-a716-446655440002,post,2026-04-14 23:04:59.629392+00,2026-04-14 23:32:33.049+00,1653,2026-04-14 23:04:59.629392+00
2845ac93-9a39-4e50-9b56-99c854454c77,34e64a2f-bfac-4f18-978f-c2bca109fa65,7d2803a4-967a-4b5b-aaa7-e76fea38ab03,550e8400-e29b-41d4-a716-446655440002,post,2026-04-14 23:24:44.471207+00,2026-04-14 23:52:59.097+00,1694,2026-04-14 23:24:44.471207+00
01626c30-06bb-43c7-8750-b8e23047f354,2a5f2fe3-b911-4a3a-85e2-e286f0a28958,7d2803a4-967a-4b5b-aaa7-e76fea38ab03,550e8400-e29b-41d4-a716-446655440002,post,2026-04-15 00:17:49.785809+00,2026-04-15 00:31:21.829+00,812,2026-04-15 00:17:49.785809+00
99cb916c-2d6e-4f94-806c-61dc44e39958,e1bb1f62-1118-49e0-b13a-9ecc47e050a3,7d2803a4-967a-4b5b-aaa7-e76fea38ab03,550e8400-e29b-41d4-a716-446655440002,post,2026-04-15 00:04:56.635254+00,2026-04-15 00:35:11.063+00,1814,2026-04-15 00:04:56.635254+00
658c4593-8c97-401e-85f6-d3b31be1a834,fc83ebaa-d9ef-4885-a97a-280eb5d42f7c,7d2803a4-967a-4b5b-aaa7-e76fea38ab03,550e8400-e29b-41d4-a716-446655440002,post,2026-04-14 23:34:35.11071+00,2026-04-15 00:38:17.108+00,3821,2026-04-14 23:34:35.11071+00
688a2c12-26fd-4a6d-9ab9-f18724aed074,9b3025b9-f7d0-40cb-a95e-9604be2ffa2b,7d2803a4-967a-4b5b-aaa7-e76fea38ab03,550e8400-e29b-41d4-a716-446655440002,post,2026-04-15 00:50:01.212835+00,2026-04-15 01:01:25.209+00,683,2026-04-15 00:50:01.212835+00
bf784967-d138-4173-b439-ae3542bfd397,0154b794-0ced-4ba0-bb83-f26ba2fa39fa,7d2803a4-967a-4b5b-aaa7-e76fea38ab03,550e8400-e29b-41d4-a716-446655440002,post,2026-04-15 00:49:35.115551+00,2026-04-15 01:11:05.245+00,1290,2026-04-15 00:49:35.115551+00
eacc8e1c-7a72-43a1-9204-12811a36f938,53617188-3d8a-4133-8087-c76d8d5f6f98,7d2803a4-967a-4b5b-aaa7-e76fea38ab03,550e8400-e29b-41d4-a716-446655440002,post,2026-04-14 14:17:27.010925+00,2026-04-15 01:54:59.475+00,41852,2026-04-14 14:17:27.010925+00
0848754a-5a3d-47bc-a681-7b327e8882be,52d0e41d-f574-47c0-afcc-d55f29f71c96,7d2803a4-967a-4b5b-aaa7-e76fea38ab03,550e8400-e29b-41d4-a716-446655440002,post,2026-04-15 01:26:16.415719+00,2026-04-15 02:04:45.818+00,2309,2026-04-15 01:26:16.415719+00
17bd0613-b437-4e23-b047-c3faae9719ec,0b3d2cbd-2aa0-479e-9719-20771a357f08,7d2803a4-967a-4b5b-aaa7-e76fea38ab03,550e8400-e29b-41d4-a716-446655440002,post,2026-04-15 01:21:11.824759+00,2026-04-15 02:19:54.913+00,3523,2026-04-15 01:21:11.824759+00
8138f32e-f484-4015-a09f-c7e4733d69f4,77d2f9c3-1da7-4e3d-b468-043d952e68d9,7d2803a4-967a-4b5b-aaa7-e76fea38ab03,550e8400-e29b-41d4-a716-446655440002,post,2026-04-13 14:50:51.152951+00,2026-04-15 04:22:07.675+00,135076,2026-04-13 14:50:51.152951+00
517b64ef-ee20-4740-b354-761144422cc4,136cf5ce-8759-479b-80fd-8df0740965b6,7d2803a4-967a-4b5b-aaa7-e76fea38ab03,550e8400-e29b-41d4-a716-446655440002,post,2026-04-15 04:30:52.270775+00,2026-04-15 04:41:08.956+00,616,2026-04-15 04:30:52.270775+00
4d7b1098-398f-4a4d-9a8b-8585ac5a48a5,dfb7570a-2d6a-444a-a547-133a170bfb86,7d2803a4-967a-4b5b-aaa7-e76fea38ab03,550e8400-e29b-41d4-a716-446655440002,post,2026-04-15 05:47:41.595112+00,2026-04-15 06:09:00.204+00,1278,2026-04-15 05:47:41.595112+00
1d2aaba7-e834-4d8f-b2bd-f87f68c44dc8,ca5d122a-d91b-4d32-8d92-136a848a0183,7d2803a4-967a-4b5b-aaa7-e76fea38ab03,550e8400-e29b-41d4-a716-446655440002,post,2026-04-15 14:17:27.889742+00,2026-04-15 14:41:13.253+00,1425,2026-04-15 14:17:27.889742+00
da5e92a7-bb8e-4b38-9431-d7d635ff2073,a20dbb19-4803-4a70-b3d3-5e07419f11ec,7d2803a4-967a-4b5b-aaa7-e76fea38ab03,550e8400-e29b-41d4-a716-446655440002,post,2026-04-15 14:10:04.931112+00,2026-04-15 14:54:02.55+00,2637,2026-04-15 14:10:04.931112+00
3aca8d11-b0a7-40af-802c-2006fafe93f8,9fc7af2f-ad5d-46d0-8b01-7153e0f8e004,7d2803a4-967a-4b5b-aaa7-e76fea38ab03,550e8400-e29b-41d4-a716-446655440002,post,2026-04-15 15:41:15.144272+00,2026-04-15 15:51:01.093+00,585,2026-04-15 15:41:15.144272+00
8a8a902a-0e10-411d-8094-9ea0afebc93a,e2f1f4f1-37b2-4f91-9404-bb61228be1af,7d2803a4-967a-4b5b-aaa7-e76fea38ab03,550e8400-e29b-41d4-a716-446655440002,post,2026-04-15 15:39:32.781908+00,2026-04-15 16:24:34.892+00,2702,2026-04-15 15:39:32.781908+00
dff9bf69-7405-426b-bd44-112ad6ddda3a,f1275903-04bf-4062-bbbc-d0f62f8d0000,7d2803a4-967a-4b5b-aaa7-e76fea38ab03,550e8400-e29b-41d4-a716-446655440002,post,2026-04-15 16:26:54.921722+00,2026-04-15 16:31:27.163+00,272,2026-04-15 16:26:54.921722+00
f0ece90a-9dfc-4e13-a364-2a38a26a1cf2,c88387aa-3a07-4699-8a50-017078c5f361,7d2803a4-967a-4b5b-aaa7-e76fea38ab03,550e8400-e29b-41d4-a716-446655440002,post,2026-04-15 16:29:48.320632+00,2026-04-15 16:36:40.453+00,412,2026-04-15 16:29:48.320632+00
60020495-e7af-457e-9884-1180f49fa05d,43a6975d-8f14-486b-b48a-43695e6adfdc,7d2803a4-967a-4b5b-aaa7-e76fea38ab03,550e8400-e29b-41d4-a716-446655440002,post,2026-04-15 16:33:03.271979+00,2026-04-15 16:45:04.201+00,720,2026-04-15 16:33:03.271979+00
32917bc8-7399-4d80-9aed-aeb33999f23d,4bf48240-ca32-4204-97cb-15caffdfb4c7,7d2803a4-967a-4b5b-aaa7-e76fea38ab03,550e8400-e29b-41d4-a716-446655440002,post,2026-04-15 16:28:16.179827+00,2026-04-15 16:46:47.019+00,1110,2026-04-15 16:28:16.179827+00
b7dd2559-7b75-4c4c-acc3-9381ff5de993,efc922fc-df4d-400d-84fe-b02f8c902d21,7d2803a4-967a-4b5b-aaa7-e76fea38ab03,550e8400-e29b-41d4-a716-446655440002,post,2026-04-15 16:28:10.031281+00,2026-04-15 16:47:45.302+00,1175,2026-04-15 16:28:10.031281+00
651335fc-fc70-417e-8e9f-9ca67a1dc4af,f60a4cb8-ca6c-4987-99bf-f4d3e1c4c9ba,7d2803a4-967a-4b5b-aaa7-e76fea38ab03,550e8400-e29b-41d4-a716-446655440002,post,2026-04-15 16:39:25.644211+00,2026-04-15 16:50:57.436+00,691,2026-04-15 16:39:25.644211+00
97c830e9-5aff-4da3-9739-3d2c356360d8,b0b6be78-73ec-4a8f-89c6-c8fd4124fd90,7d2803a4-967a-4b5b-aaa7-e76fea38ab03,550e8400-e29b-41d4-a716-446655440002,post,2026-04-15 16:39:35.870975+00,2026-04-15 16:53:08.671+00,812,2026-04-15 16:39:35.870975+00
19e04d09-90af-4cc4-91b4-5149f50e5b9c,84ee2f03-59b7-4e86-b2b7-8eaba8988fb5,7d2803a4-967a-4b5b-aaa7-e76fea38ab03,550e8400-e29b-41d4-a716-446655440002,post,2026-04-15 16:32:18.177345+00,2026-04-15 16:54:17.385+00,1319,2026-04-15 16:32:18.177345+00
9bc85c12-f89f-4c90-b0f0-71f1e1dddccd,c159fbae-27e3-4122-8a78-514b7eabcc9a,7d2803a4-967a-4b5b-aaa7-e76fea38ab03,550e8400-e29b-41d4-a716-446655440002,post,2026-04-15 16:31:51.87926+00,2026-04-15 16:55:09.845+00,1397,2026-04-15 16:31:51.87926+00
d8ff0d3e-ec31-4dcb-b05c-ca55fdd3da8b,8be72b9c-fde9-4b12-b715-cb8e949250b7,7d2803a4-967a-4b5b-aaa7-e76fea38ab03,550e8400-e29b-41d4-a716-446655440002,post,2026-04-15 16:38:46.335254+00,2026-04-15 16:57:45.698+00,1139,2026-04-15 16:38:46.335254+00
2d74b8ed-accf-4423-98f4-7b542e851f49,ba50cab9-d5a9-41fb-b280-887e99b87a70,7d2803a4-967a-4b5b-aaa7-e76fea38ab03,550e8400-e29b-41d4-a716-446655440002,post,2026-04-15 16:39:42.161182+00,2026-04-15 17:01:17.302+00,1295,2026-04-15 16:39:42.161182+00
c01293e3-9069-468e-a5d5-2a32df5989b0,ef996ca3-149c-4dea-ae3b-74807bdae998,7d2803a4-967a-4b5b-aaa7-e76fea38ab03,550e8400-e29b-41d4-a716-446655440002,post,2026-04-15 16:35:26.536163+00,2026-04-15 17:01:39.109+00,1572,2026-04-15 16:35:26.536163+00
5aa081ae-dc10-465d-9dc2-668aa20b937c,adfc5966-1516-4b34-8301-f3272627dc14,7d2803a4-967a-4b5b-aaa7-e76fea38ab03,550e8400-e29b-41d4-a716-446655440002,post,2026-04-15 16:39:41.466837+00,2026-04-15 17:01:53.216+00,1331,2026-04-15 16:39:41.466837+00
b893cf06-23c9-4b54-9a24-9ebcb384c6b7,a973f54a-b847-4950-bac8-c412598afa6a,7d2803a4-967a-4b5b-aaa7-e76fea38ab03,550e8400-e29b-41d4-a716-446655440002,post,2026-04-15 16:28:04.973828+00,2026-04-15 17:02:37.757+00,2072,2026-04-15 16:28:04.973828+00
86c2d352-33aa-4554-8cee-f2363fea61c3,9d9e5222-a09a-4155-92c2-d859aa541a52,7d2803a4-967a-4b5b-aaa7-e76fea38ab03,550e8400-e29b-41d4-a716-446655440002,post,2026-04-15 17:00:08.847984+00,2026-04-15 17:03:18.731+00,189,2026-04-15 17:00:08.847984+00
43fb8752-11c6-4d1e-9e52-7a2277b5dc43,a3cc269e-371d-4206-beac-1c875b4eaba7,7d2803a4-967a-4b5b-aaa7-e76fea38ab03,550e8400-e29b-41d4-a716-446655440002,post,2026-04-13 23:41:59.837288+00,2026-04-15 17:06:53.486+00,149093,2026-04-13 23:41:59.837288+00
194f9923-0129-4d6c-b5b6-766174409ce2,e80d24fd-1d58-4391-b3bd-0df67bf32f11,7d2803a4-967a-4b5b-aaa7-e76fea38ab03,550e8400-e29b-41d4-a716-446655440002,post,2026-04-15 16:40:12.848244+00,2026-04-15 17:07:23.436+00,1630,2026-04-15 16:40:12.848244+00
324c0cd1-9409-4709-8985-f4cef9b5fc07,03dfdd75-0f97-4215-8076-bcc2d8177a31,7d2803a4-967a-4b5b-aaa7-e76fea38ab03,550e8400-e29b-41d4-a716-446655440002,post,2026-04-15 15:17:42.633324+00,2026-04-15 17:11:27.063+00,6824,2026-04-15 15:17:42.633324+00
32662486-35b0-4c9e-ad83-0888454d70aa,50e102cc-f614-4ee8-be1b-dd0d717fadf8,7d2803a4-967a-4b5b-aaa7-e76fea38ab03,550e8400-e29b-41d4-a716-446655440002,post,2026-04-15 16:52:49.144068+00,2026-04-15 17:14:37.476+00,1308,2026-04-15 16:52:49.144068+00
f2d2ecae-908d-492c-b8e9-e9f926b34ed8,ee0659f9-44fb-448a-a2da-863a02a7aea8,7d2803a4-967a-4b5b-aaa7-e76fea38ab03,550e8400-e29b-41d4-a716-446655440002,post,2026-04-15 17:10:36.974884+00,2026-04-15 17:16:20.079+00,343,2026-04-15 17:10:36.974884+00
0392403d-25c4-488d-b1ae-9890679b30df,cb22c9f7-ed10-41be-b6ba-4fc4060d03ef,7d2803a4-967a-4b5b-aaa7-e76fea38ab03,550e8400-e29b-41d4-a716-446655440002,post,2026-04-15 17:01:35.434777+00,2026-04-15 17:16:31.704+00,896,2026-04-15 17:01:35.434777+00
668bb82c-fd75-411c-b5c2-18ed52ad5ada,7e2ff437-55b9-4cc9-bd6b-8b422257d9d2,7d2803a4-967a-4b5b-aaa7-e76fea38ab03,550e8400-e29b-41d4-a716-446655440002,post,2026-04-15 17:02:42.186223+00,2026-04-15 17:16:34.513+00,832,2026-04-15 17:02:42.186223+00
2e2d7145-985e-4210-a557-4b9a2ae5061a,e1a9b300-6c72-4c92-a245-5be095d389fe,7d2803a4-967a-4b5b-aaa7-e76fea38ab03,550e8400-e29b-41d4-a716-446655440002,post,2026-04-15 16:47:03.390606+00,2026-04-15 17:17:26.299+00,1822,2026-04-15 16:47:03.390606+00
3e64531d-78ab-4b43-89e2-149e48c18217,c947b792-891f-470b-aa93-324ea975a117,7d2803a4-967a-4b5b-aaa7-e76fea38ab03,550e8400-e29b-41d4-a716-446655440002,post,2026-04-15 16:40:43.518034+00,2026-04-15 17:20:25.646+00,2382,2026-04-15 16:40:43.518034+00
1b5e9c2a-6cdf-4c41-8447-1f407ef5864a,59908946-27f4-40a7-997b-260f0c9261be,7d2803a4-967a-4b5b-aaa7-e76fea38ab03,550e8400-e29b-41d4-a716-446655440002,post,2026-04-15 17:09:14.445487+00,2026-04-15 17:24:44.806+00,930,2026-04-15 17:09:14.445487+00
9acf736c-b719-46b7-9200-284ca0963787,4ee923b2-a270-46f6-9ac0-f8c08dd35129,7d2803a4-967a-4b5b-aaa7-e76fea38ab03,550e8400-e29b-41d4-a716-446655440002,post,2026-04-15 16:46:46.108256+00,2026-04-15 17:33:36.914+00,2810,2026-04-15 16:46:46.108256+00
137d2b97-8257-417c-819c-4f5ebd4bc706,5db34c3f-6d22-44e1-a5fa-5936188f9fca,7d2803a4-967a-4b5b-aaa7-e76fea38ab03,550e8400-e29b-41d4-a716-446655440002,post,2026-04-15 17:24:01.929333+00,2026-04-15 17:35:57.384+00,715,2026-04-15 17:24:01.929333+00
fb201b67-c325-477e-bd39-ef8ceb5942ff,4078f18f-92fd-47b2-95a5-a309cffae3b2,7d2803a4-967a-4b5b-aaa7-e76fea38ab03,550e8400-e29b-41d4-a716-446655440002,post,2026-04-15 16:31:48.711774+00,2026-04-15 17:37:05.459+00,3916,2026-04-15 16:31:48.711774+00
5e55c56f-f0a7-49af-aa9c-460628064665,b8c0d803-91dc-4846-9447-6a48eb8483d9,7d2803a4-967a-4b5b-aaa7-e76fea38ab03,550e8400-e29b-41d4-a716-446655440002,post,2026-04-15 17:12:17.004425+00,2026-04-15 17:40:13.477+00,1676,2026-04-15 17:12:17.004425+00
7296289b-2e07-49f0-a797-c12b865ac6b3,bd1ecf8e-5563-48b6-9b11-fccad405a900,7d2803a4-967a-4b5b-aaa7-e76fea38ab03,550e8400-e29b-41d4-a716-446655440002,post,2026-04-15 17:39:33.094892+00,2026-04-15 17:41:25.73+00,112,2026-04-15 17:39:33.094892+00
1317e782-8ce9-4599-8d8e-1517f48e82cb,a05a3302-d07c-4603-a39b-20916255952c,7d2803a4-967a-4b5b-aaa7-e76fea38ab03,550e8400-e29b-41d4-a716-446655440002,post,2026-04-15 17:41:15.86497+00,2026-04-15 17:50:52.661+00,576,2026-04-15 17:41:15.86497+00
0d78372d-6799-4fc2-99c9-0dfad593bc5c,16f5d8a3-ef00-4b40-9cee-5ca36509586f,7d2803a4-967a-4b5b-aaa7-e76fea38ab03,550e8400-e29b-41d4-a716-446655440002,post,2026-04-15 17:24:45.285036+00,2026-04-15 17:58:35.555+00,2030,2026-04-15 17:24:45.285036+00
889136f4-489d-4d62-96b7-70d80bf9a9aa,8fe4de6e-3e07-4a3c-a5de-99c9db8f1334,7d2803a4-967a-4b5b-aaa7-e76fea38ab03,550e8400-e29b-41d4-a716-446655440002,post,2026-04-15 16:28:24.030683+00,2026-04-15 17:59:37.972+00,5473,2026-04-15 16:28:24.030683+00
ee7b89f5-0ffc-4da5-9919-3210e9da6d94,d5b4441f-7eaa-45ed-bcbb-a033fa147562,7d2803a4-967a-4b5b-aaa7-e76fea38ab03,550e8400-e29b-41d4-a716-446655440002,post,2026-04-15 16:40:53.407966+00,2026-04-15 18:09:03.236+00,5289,2026-04-15 16:40:53.407966+00
123713f9-eaaf-4c39-b7b4-cef5168bacf9,652b24a8-1f97-460c-adac-4615827648d5,7d2803a4-967a-4b5b-aaa7-e76fea38ab03,550e8400-e29b-41d4-a716-446655440002,post,2026-04-15 18:04:33.889284+00,2026-04-15 18:34:51.784+00,1817,2026-04-15 18:04:33.889284+00
5fc0fc3a-da09-4df0-b962-f1f37e3c48b9,c228b7a1-a2b9-4713-bfbd-6a59227dcb0c,7d2803a4-967a-4b5b-aaa7-e76fea38ab03,550e8400-e29b-41d4-a716-446655440002,post,2026-04-15 18:32:53.775798+00,2026-04-15 18:45:13.771+00,739,2026-04-15 18:32:53.775798+00
679d7a39-433e-49d4-ad01-e771e4ab64c6,401dc195-8f05-4f56-b344-d36d19452408,7d2803a4-967a-4b5b-aaa7-e76fea38ab03,550e8400-e29b-41d4-a716-446655440002,post,2026-04-15 18:31:33.731996+00,2026-04-15 18:52:56.133+00,1282,2026-04-15 18:31:33.731996+00
c356c165-4623-47de-8905-abc8ac37e933,95681721-dfc6-40a9-9e15-8a319ee0d942,7d2803a4-967a-4b5b-aaa7-e76fea38ab03,550e8400-e29b-41d4-a716-446655440002,post,2026-04-15 18:44:36.050236+00,2026-04-15 18:54:34.587+00,598,2026-04-15 18:44:36.050236+00
c4c73d28-f663-40b0-8768-810804fbf2f3,07a68879-4de9-49d4-ab96-6b3edf71584c,7d2803a4-967a-4b5b-aaa7-e76fea38ab03,550e8400-e29b-41d4-a716-446655440002,post,2026-04-15 18:57:22.578084+00,2026-04-15 19:02:05.906+00,283,2026-04-15 18:57:22.578084+00
a49d026f-b86c-4d2c-8541-50a0377658d7,71245483-9729-4560-aa36-0bfaaec176a1,7d2803a4-967a-4b5b-aaa7-e76fea38ab03,550e8400-e29b-41d4-a716-446655440002,post,2026-04-15 18:44:06.240557+00,2026-04-15 19:07:25.937+00,1399,2026-04-15 18:44:06.240557+00
53e89fbc-6863-4cb3-94a3-6cd4cb57bf4b,5d5b38c9-39bf-4286-a814-f0122e2d7e8e,7d2803a4-967a-4b5b-aaa7-e76fea38ab03,550e8400-e29b-41d4-a716-446655440002,post,2026-04-15 18:48:00.860148+00,2026-04-15 19:09:42.516+00,1301,2026-04-15 18:48:00.860148+00
6ed981b9-cb20-4d8a-898c-b996fb447d66,e35fa725-8f92-4b9b-b9aa-23a17f51eae4,7d2803a4-967a-4b5b-aaa7-e76fea38ab03,550e8400-e29b-41d4-a716-446655440002,post,2026-04-15 19:04:55.750016+00,2026-04-15 19:22:50.043+00,1074,2026-04-15 19:04:55.750016+00
8afa561e-7ff9-43a9-82f4-17b787430732,6caa1b09-447d-4de9-b5fc-73f52b172660,7d2803a4-967a-4b5b-aaa7-e76fea38ab03,550e8400-e29b-41d4-a716-446655440002,post,2026-04-15 19:11:14.126172+00,2026-04-15 19:40:35.954+00,1761,2026-04-15 19:11:14.126172+00
d7da491d-57f4-4420-b27f-73b3a39ed4bd,2f805fc0-49ae-4d8d-87ad-621575bce411,7d2803a4-967a-4b5b-aaa7-e76fea38ab03,550e8400-e29b-41d4-a716-446655440002,post,2026-04-15 19:28:02.081886+00,2026-04-15 19:41:32.685+00,810,2026-04-15 19:28:02.081886+00
1160dfab-7760-4558-8d42-cc21445e033f,c1a3224c-6d9a-40ca-8676-57b4c63374db,7d2803a4-967a-4b5b-aaa7-e76fea38ab03,550e8400-e29b-41d4-a716-446655440002,post,2026-04-15 19:27:34.478464+00,2026-04-15 20:03:13.211+00,2138,2026-04-15 19:27:34.478464+00
92ec8bde-6e11-4756-9e0d-c1a703d86e44,c7e5b7cc-eebb-4065-9c27-7948efa83f8b,7d2803a4-967a-4b5b-aaa7-e76fea38ab03,550e8400-e29b-41d4-a716-446655440002,post,2026-04-15 18:23:28.542002+00,2026-04-15 20:15:47.067+00,6738,2026-04-15 18:23:28.542002+00
254ea1d2-8b82-48e2-93b9-7c63ab73c958,7954c7ac-0551-4c0b-b031-c482360d259f,7d2803a4-967a-4b5b-aaa7-e76fea38ab03,550e8400-e29b-41d4-a716-446655440002,post,2026-04-15 20:10:08.833689+00,2026-04-15 20:28:22.057+00,1093,2026-04-15 20:10:08.833689+00
29bfd2e4-3119-4b99-a3d6-86b4e39b3fe5,70adf62b-f94f-4799-9d05-aacfa46dc68a,7d2803a4-967a-4b5b-aaa7-e76fea38ab03,550e8400-e29b-41d4-a716-446655440002,post,2026-04-15 20:24:25.349305+00,2026-04-15 20:36:34.051+00,728,2026-04-15 20:24:25.349305+00
36ecf773-eaa1-44ef-a8d4-06e24e50e1df,677295aa-f661-4156-968e-51b7c6f0eb9d,7d2803a4-967a-4b5b-aaa7-e76fea38ab03,550e8400-e29b-41d4-a716-446655440002,post,2026-04-15 20:14:47.799389+00,2026-04-15 20:44:20.466+00,1772,2026-04-15 20:14:47.799389+00
33578636-9f64-4d7c-9b11-b58d0b382c0b,bc78cc98-6048-4813-ae7e-a2ce8eabe4d0,7d2803a4-967a-4b5b-aaa7-e76fea38ab03,550e8400-e29b-41d4-a716-446655440002,post,2026-04-15 20:18:17.997036+00,2026-04-15 20:58:18.722+00,2400,2026-04-15 20:18:17.997036+00
ad839c34-853f-4139-bb20-967136a45304,5acb7aec-7fd9-45d1-bacc-0343016b0deb,7d2803a4-967a-4b5b-aaa7-e76fea38ab03,550e8400-e29b-41d4-a716-446655440002,post,2026-04-15 20:52:14.905674+00,2026-04-15 21:02:51.869+00,636,2026-04-15 20:52:14.905674+00
82dc2b85-5b88-4381-8cb1-3d1fea98fa4d,e24041b6-1a24-4ec7-8993-5af57f0d87bd,7d2803a4-967a-4b5b-aaa7-e76fea38ab03,550e8400-e29b-41d4-a716-446655440002,post,2026-04-15 20:22:14.103015+00,2026-04-15 21:04:35.978+00,2541,2026-04-15 20:22:14.103015+00
913e33eb-66e4-411b-88ce-8bc3d42287fb,b84e28c9-b124-4fd6-b6b5-58eebdd763fe,7d2803a4-967a-4b5b-aaa7-e76fea38ab03,550e8400-e29b-41d4-a716-446655440002,post,2026-04-15 20:26:53.207195+00,2026-04-15 21:13:24.5+00,2791,2026-04-15 20:26:53.207195+00
e5ff213e-fc40-4563-9d51-d1c6ae0353c1,cedee149-bcea-410f-aaf8-7b49a2b5b62f,7d2803a4-967a-4b5b-aaa7-e76fea38ab03,550e8400-e29b-41d4-a716-446655440002,post,2026-04-15 20:48:39.729896+00,2026-04-15 21:17:54.854+00,1755,2026-04-15 20:48:39.729896+00
93fa3859-7d81-4347-aa96-956c1be4b957,fa3fc144-6e74-48b6-8e32-25a45db34991,7d2803a4-967a-4b5b-aaa7-e76fea38ab03,550e8400-e29b-41d4-a716-446655440002,post,2026-04-15 20:57:30.686291+00,2026-04-15 21:29:05.4+00,1894,2026-04-15 20:57:30.686291+00
502e8965-ea10-473b-913c-362bc0601bb8,680b1b70-53e7-43ae-82b9-fbf89b7e46dc,7d2803a4-967a-4b5b-aaa7-e76fea38ab03,550e8400-e29b-41d4-a716-446655440002,post,2026-04-15 21:21:57.61615+00,2026-04-15 21:32:54.242+00,656,2026-04-15 21:21:57.61615+00
f256eb9d-1489-4ede-a894-76c20e1de3ff,a58f1eba-f082-4305-b630-d347e37a3b3c,7d2803a4-967a-4b5b-aaa7-e76fea38ab03,550e8400-e29b-41d4-a716-446655440002,post,2026-04-15 21:31:29.702092+00,2026-04-15 21:40:20.074+00,530,2026-04-15 21:31:29.702092+00
255a7d0a-36b6-4539-8e79-5a0cca7a3b1d,f0fb4f33-e800-4798-b2d6-dc3b30a8eb8e,7d2803a4-967a-4b5b-aaa7-e76fea38ab03,550e8400-e29b-41d4-a716-446655440002,post,2026-04-15 21:39:21.387334+00,2026-04-15 21:58:20.807+00,1139,2026-04-15 21:39:21.387334+00
4043c1b5-abe7-4a30-b73c-ba90d1f93a4e,872c4d6d-df49-4c1c-bdc8-718e070112e9,7d2803a4-967a-4b5b-aaa7-e76fea38ab03,550e8400-e29b-41d4-a716-446655440002,post,2026-04-15 21:42:22.817133+00,2026-04-15 22:12:14.468+00,1791,2026-04-15 21:42:22.817133+00
f31de4b4-57e1-4e9c-bd75-b30cf1176ce7,f058a754-2f73-406d-a7cb-c4fefd888b8a,7d2803a4-967a-4b5b-aaa7-e76fea38ab03,550e8400-e29b-41d4-a716-446655440002,post,2026-04-15 21:53:21.473596+00,2026-04-15 22:14:22.048+00,1260,2026-04-15 21:53:21.473596+00
ab526330-c8f4-42c0-bc9b-a97ef380a7ac,c05c3d0d-5689-4b8f-bce1-26b53fdc23bc,7d2803a4-967a-4b5b-aaa7-e76fea38ab03,550e8400-e29b-41d4-a716-446655440002,post,2026-04-15 17:39:14.281818+00,2026-04-15 22:21:26.445+00,16932,2026-04-15 17:39:14.281818+00
75b7733d-eae4-47c0-84b6-366a2724561f,f424c405-55da-4db2-b3e8-4f2235ff1dc2,7d2803a4-967a-4b5b-aaa7-e76fea38ab03,550e8400-e29b-41d4-a716-446655440002,post,2026-04-15 22:11:24.411602+00,2026-04-15 22:21:59.321+00,634,2026-04-15 22:11:24.411602+00
84969669-ad01-4f5d-80b3-cfb48650a938,1d79a73a-efa0-445a-b144-eec0c7ee2dd7,7d2803a4-967a-4b5b-aaa7-e76fea38ab03,550e8400-e29b-41d4-a716-446655440002,post,2026-04-15 22:13:03.63107+00,2026-04-15 22:25:09.868+00,726,2026-04-15 22:13:03.63107+00
0fd0280e-c17e-4a4e-b3d6-8860b764a16c,46e86e64-81a7-4030-81ed-d31e1d75ac2e,7d2803a4-967a-4b5b-aaa7-e76fea38ab03,550e8400-e29b-41d4-a716-446655440002,post,2026-04-15 22:21:41.515595+00,2026-04-15 22:37:17.127+00,935,2026-04-15 22:21:41.515595+00
9181e68d-0ea8-48b1-8fac-566c11b0e46f,bc0bb629-8458-439d-99f8-1322ef7cb854,7d2803a4-967a-4b5b-aaa7-e76fea38ab03,550e8400-e29b-41d4-a716-446655440002,post,2026-04-15 22:25:51.662516+00,2026-04-15 22:37:33.09+00,701,2026-04-15 22:25:51.662516+00
25b7921c-6091-4c86-aa79-517b8461dd81,26c38bf3-07ac-4f4d-9c77-395de555cdde,7d2803a4-967a-4b5b-aaa7-e76fea38ab03,550e8400-e29b-41d4-a716-446655440002,post,2026-04-15 22:24:42.446131+00,2026-04-15 22:45:58.766+00,1276,2026-04-15 22:24:42.446131+00
a5fee58c-fb04-40df-89a5-a355a771eec5,f863b3e8-2674-43d3-98eb-5273cc4a21f0,7d2803a4-967a-4b5b-aaa7-e76fea38ab03,550e8400-e29b-41d4-a716-446655440002,post,2026-04-15 22:32:19.833094+00,2026-04-15 22:54:00.923+00,1301,2026-04-15 22:32:19.833094+00
67d4c9be-6377-4690-a571-00a969f434ea,97a75d67-2b12-45c8-a614-9a22f62895de,7d2803a4-967a-4b5b-aaa7-e76fea38ab03,550e8400-e29b-41d4-a716-446655440002,post,2026-04-15 22:37:34.042857+00,2026-04-15 22:56:49.504+00,1155,2026-04-15 22:37:34.042857+00
f59c3b59-be19-44c6-b5f3-01a8a681c25b,9a5460da-ff7c-4323-9986-f58d92632e8d,7d2803a4-967a-4b5b-aaa7-e76fea38ab03,550e8400-e29b-41d4-a716-446655440002,post,2026-04-15 22:52:42.712076+00,2026-04-15 23:07:40.941+00,898,2026-04-15 22:52:42.712076+00
a642052a-2f4b-4b87-bb32-3642c6873f22,554a0458-7831-429f-b3cc-1fb98ded29fc,7d2803a4-967a-4b5b-aaa7-e76fea38ab03,550e8400-e29b-41d4-a716-446655440002,post,2026-04-15 23:05:50.94369+00,2026-04-15 23:13:59.892+00,488,2026-04-15 23:05:50.94369+00
d1e8218a-00b3-42f1-8622-c0828e2d3825,c1cd4e08-bd1a-4e3d-87c5-2b186980984d,7d2803a4-967a-4b5b-aaa7-e76fea38ab03,550e8400-e29b-41d4-a716-446655440002,post,2026-04-15 23:12:10.909311+00,2026-04-15 23:25:24.251+00,793,2026-04-15 23:12:10.909311+00
ba95dc86-2946-4628-b833-a76e2922e30c,0886f56a-e214-4908-91aa-2b108b2eac5a,7d2803a4-967a-4b5b-aaa7-e76fea38ab03,550e8400-e29b-41d4-a716-446655440002,post,2026-04-15 23:05:30.88566+00,2026-04-15 23:28:57.783+00,1406,2026-04-15 23:05:30.88566+00
75d65211-8a9b-45d5-bc55-9d9968c038fb,49998053-7262-462e-a288-0aa52f64cbf5,7d2803a4-967a-4b5b-aaa7-e76fea38ab03,550e8400-e29b-41d4-a716-446655440002,post,2026-04-15 23:28:39.60415+00,2026-04-15 23:46:09.807+00,1050,2026-04-15 23:28:39.60415+00
87c9ffa1-5348-4bb4-ad42-3dca9822a345,0d859224-383b-4759-8cf5-b8f54ede5450,7d2803a4-967a-4b5b-aaa7-e76fea38ab03,550e8400-e29b-41d4-a716-446655440002,post,2026-04-15 23:36:55.275225+00,2026-04-15 23:48:55.44+00,720,2026-04-15 23:36:55.275225+00
1d2af102-a22b-461e-b3a9-ae4080d2bab8,e1431661-7edd-4e41-a964-8ba25bc21484,7d2803a4-967a-4b5b-aaa7-e76fea38ab03,550e8400-e29b-41d4-a716-446655440002,post,2026-04-15 23:52:10.35216+00,2026-04-16 00:20:39.764+00,1709,2026-04-15 23:52:10.35216+00
29ecf543-e447-4230-86d2-56111abbcbb5,f5d0b8e1-7c50-4a2d-9865-edb56bd7920c,7d2803a4-967a-4b5b-aaa7-e76fea38ab03,550e8400-e29b-41d4-a716-446655440002,post,2026-04-16 00:07:30.876226+00,2026-04-16 00:25:16.113+00,1065,2026-04-16 00:07:30.876226+00
438aaed4-edb5-4523-9965-3f3650e903f5,8ae5f2e9-b77b-415c-a06a-da873deae63f,7d2803a4-967a-4b5b-aaa7-e76fea38ab03,550e8400-e29b-41d4-a716-446655440002,post,2026-04-15 23:31:44.740505+00,2026-04-16 01:51:18.149+00,8373,2026-04-15 23:31:44.740505+00
f1c321a9-16bb-47ab-b4e6-fd92839a0886,cff19c86-9872-4d22-9e1c-74f1d0755dfc,7d2803a4-967a-4b5b-aaa7-e76fea38ab03,550e8400-e29b-41d4-a716-446655440002,post,2026-04-16 01:46:21.050645+00,2026-04-16 02:09:10.542+00,1369,2026-04-16 01:46:21.050645+00
d852b6ef-88f8-4d89-be7e-ed888709703a,d77d4868-dfe0-4076-b6a1-3c326e7ca77c,7d2803a4-967a-4b5b-aaa7-e76fea38ab03,550e8400-e29b-41d4-a716-446655440002,post,2026-04-16 02:02:47.037027+00,2026-04-16 02:22:49.579+00,1202,2026-04-16 02:02:47.037027+00
62a80b71-6feb-4cd7-a45a-a0312b3fa076,3d01d355-a8f0-48e2-9f72-b35dc35c6ca0,7d2803a4-967a-4b5b-aaa7-e76fea38ab03,550e8400-e29b-41d4-a716-446655440002,post,2026-04-16 02:18:20.701796+00,2026-04-16 02:30:13.923+00,713,2026-04-16 02:18:20.701796+00
cb184458-5e7e-4ef0-ad6d-33ae2790357d,f5ef1800-1b0a-4c19-8681-2705777ba700,7d2803a4-967a-4b5b-aaa7-e76fea38ab03,550e8400-e29b-41d4-a716-446655440002,post,2026-04-16 02:21:19.649555+00,2026-04-16 02:32:44.383+00,684,2026-04-16 02:21:19.649555+00
1e8b1c4c-bfd8-4706-9566-5d0d0e1f9830,b1fc8538-421a-48e7-9b2e-09761c8bd24b,7d2803a4-967a-4b5b-aaa7-e76fea38ab03,550e8400-e29b-41d4-a716-446655440002,post,2026-04-15 16:33:59.195606+00,2026-04-16 02:45:04.5+00,36665,2026-04-15 16:33:59.195606+00
5183247a-9206-4814-924e-bb39a04a1f2a,cdfe455e-cb73-4df5-a898-1c79917e76b1,7d2803a4-967a-4b5b-aaa7-e76fea38ab03,550e8400-e29b-41d4-a716-446655440002,post,2026-04-16 02:39:31.918928+00,2026-04-16 02:58:59.105+00,1167,2026-04-16 02:39:31.918928+00
2a3063ce-3963-4736-9189-59f11205fbb5,8557be96-8d5c-43e6-82c3-9c7ce0e3637b,7d2803a4-967a-4b5b-aaa7-e76fea38ab03,550e8400-e29b-41d4-a716-446655440002,post,2026-04-16 02:52:11.462885+00,2026-04-16 03:06:50.547+00,879,2026-04-16 02:52:11.462885+00
17754292-6eed-497c-ad53-2e4c730e0c93,c75404fe-1e81-43e3-b5e7-f119d9f4f868,7d2803a4-967a-4b5b-aaa7-e76fea38ab03,550e8400-e29b-41d4-a716-446655440002,post,2026-04-14 01:52:49.584994+00,2026-04-16 03:17:07.135+00,177857,2026-04-14 01:52:49.584994+00
7cd4cbdb-67b1-47bb-a398-2f649ea429cc,dff6f8f1-2b84-4670-ab24-c61d48c70bac,7d2803a4-967a-4b5b-aaa7-e76fea38ab03,550e8400-e29b-41d4-a716-446655440002,post,2026-04-16 03:57:22.536119+00,2026-04-16 04:17:12.964+00,1190,2026-04-16 03:57:22.536119+00
15259f2e-9b8a-4d78-a744-7edb00431dc6,d961d446-76ce-4850-a8ac-0e202c1f5d6f,7d2803a4-967a-4b5b-aaa7-e76fea38ab03,550e8400-e29b-41d4-a716-446655440002,post,2026-04-16 04:20:56.920522+00,2026-04-16 04:40:30.12+00,1173,2026-04-16 04:20:56.920522+00
4891938d-664a-4702-86cd-a73ff511af31,28dfac98-1a45-451a-9108-792ec0dedbb7,7d2803a4-967a-4b5b-aaa7-e76fea38ab03,550e8400-e29b-41d4-a716-446655440002,post,2026-04-15 16:27:08.450554+00,2026-04-16 05:11:53.059+00,45884,2026-04-15 16:27:08.450554+00
b687966e-9dac-4316-9e83-3003345ddb81,a943508c-a5c6-45c8-8c8c-baa7a22c4343,7d2803a4-967a-4b5b-aaa7-e76fea38ab03,550e8400-e29b-41d4-a716-446655440002,post,2026-04-14 04:08:39.968329+00,2026-04-16 05:31:54.246+00,177794,2026-04-14 04:08:39.968329+00
f7b2f237-4b20-4376-8bb7-489095a455c7,0e5d16bd-930d-45a7-affd-94321b87a32d,7d2803a4-967a-4b5b-aaa7-e76fea38ab03,550e8400-e29b-41d4-a716-446655440002,post,2026-04-16 05:06:19.458534+00,2026-04-16 05:41:36.07+00,2116,2026-04-16 05:06:19.458534+00
ab5ae51c-3f31-47ee-8985-4908807b466a,cb2c53c4-ff77-487e-895a-0df328f9d800,7d2803a4-967a-4b5b-aaa7-e76fea38ab03,550e8400-e29b-41d4-a716-446655440002,post,2026-04-16 05:58:26.161248+00,2026-04-16 06:10:08.256+00,702,2026-04-16 05:58:26.161248+00
e7bebad8-de72-4786-a3e1-9ea1812551c3,e9210fd8-6a1d-4b55-9150-9c9896a193a2,7d2803a4-967a-4b5b-aaa7-e76fea38ab03,550e8400-e29b-41d4-a716-446655440002,post,2026-04-15 16:43:10.912019+00,2026-04-16 06:28:52.668+00,49541,2026-04-15 16:43:10.912019+00
d4c5906e-a69a-495b-a67d-fb6b4ebe6329,adce47bc-400d-46ed-9f52-c15f1096f89c,7d2803a4-967a-4b5b-aaa7-e76fea38ab03,550e8400-e29b-41d4-a716-446655440002,post,2026-04-16 09:02:57.642394+00,2026-04-16 09:25:57.907+00,1380,2026-04-16 09:02:57.642394+00
041136bd-bd7e-4b43-94bd-098a0259ffc7,f99872a9-264c-48e4-a190-fc64ac221c2c,7d2803a4-967a-4b5b-aaa7-e76fea38ab03,550e8400-e29b-41d4-a716-446655440002,post,2026-04-16 13:19:51.611272+00,2026-04-16 13:27:43.821+00,472,2026-04-16 13:19:51.611272+00
4b2d40ff-d42e-4b48-918b-54881cf5c0cc,e2466c44-b4e8-45e1-8ca3-3ebdbee7824f,7d2803a4-967a-4b5b-aaa7-e76fea38ab03,550e8400-e29b-41d4-a716-446655440002,post,2026-04-16 15:26:14.144038+00,2026-04-16 15:41:51.15+00,936,2026-04-16 15:26:14.144038+00
729687ba-892e-455a-b22a-1ca8c85a828b,c625ad8a-e8ab-44b9-babd-70559b56cefd,7d2803a4-967a-4b5b-aaa7-e76fea38ab03,550e8400-e29b-41d4-a716-446655440002,post,2026-04-16 15:47:26.014321+00,2026-04-16 15:59:31.065+00,725,2026-04-16 15:47:26.014321+00
44d6c4a6-194f-4df8-846c-2fa147806c81,cbdd9926-0c31-4a6c-9b7e-edd20642518c,7d2803a4-967a-4b5b-aaa7-e76fea38ab03,550e8400-e29b-41d4-a716-446655440002,post,2026-04-16 15:46:48.577699+00,2026-04-16 16:01:17.543+00,868,2026-04-16 15:46:48.577699+00
0bda91d3-a526-434e-baf0-7a17f76ba973,ce6ce746-d010-485d-9d48-beb0997e5fab,7d2803a4-967a-4b5b-aaa7-e76fea38ab03,550e8400-e29b-41d4-a716-446655440002,post,2026-04-16 15:42:31.393001+00,2026-04-16 16:01:29.641+00,1138,2026-04-16 15:42:31.393001+00
70530883-9e36-4ce4-9350-6779fc963816,6985865b-65c7-4e91-8505-9e869245429e,7d2803a4-967a-4b5b-aaa7-e76fea38ab03,550e8400-e29b-41d4-a716-446655440002,post,2026-04-16 15:47:53.63507+00,2026-04-16 16:02:12.088+00,858,2026-04-16 15:47:53.63507+00
10dc8041-1c9d-4002-a0e7-f9c49f0f4ec1,052fb2f5-d21e-43c3-ab22-cf0ffbcfb144,7d2803a4-967a-4b5b-aaa7-e76fea38ab03,550e8400-e29b-41d4-a716-446655440002,post,2026-04-16 15:44:57.590059+00,2026-04-16 16:07:35.118+00,1357,2026-04-16 15:44:57.590059+00
ecc8ec1f-2649-4fc6-b184-dfdb5307e4ad,0678fbf8-1328-4762-afbb-82fcd51944ca,7d2803a4-967a-4b5b-aaa7-e76fea38ab03,550e8400-e29b-41d4-a716-446655440002,post,2026-04-16 15:55:27.730092+00,2026-04-16 16:20:47.557+00,1519,2026-04-16 15:55:27.730092+00
eb460685-b241-428a-9b77-151e0263bea0,3379751c-24f8-42be-b87e-6ffd79b67d32,7d2803a4-967a-4b5b-aaa7-e76fea38ab03,550e8400-e29b-41d4-a716-446655440002,post,2026-04-16 16:12:46.861723+00,2026-04-16 16:27:59.224+00,912,2026-04-16 16:12:46.861723+00
0fa23d8b-7bfd-4a06-89a9-43e0390bc430,652f2261-700e-4d2b-89ee-607e107bceb3,7d2803a4-967a-4b5b-aaa7-e76fea38ab03,550e8400-e29b-41d4-a716-446655440002,post,2026-04-16 16:53:56.705913+00,2026-04-16 16:54:54.564+00,57,2026-04-16 16:53:56.705913+00
8ff13134-ca2a-4917-af08-485e34636508,508bffbc-6a26-46a9-9a65-15e3a6d074ba,7d2803a4-967a-4b5b-aaa7-e76fea38ab03,550e8400-e29b-41d4-a716-446655440002,post,2026-04-16 16:46:44.279722+00,2026-04-16 17:05:45.155+00,1140,2026-04-16 16:46:44.279722+00
838f51ea-07f0-4385-8f7d-0ad569ee1b37,ff55cac5-f2f9-40da-87f8-20ec5343260d,7d2803a4-967a-4b5b-aaa7-e76fea38ab03,550e8400-e29b-41d4-a716-446655440002,post,2026-04-16 16:50:53.93908+00,2026-04-16 17:16:29.769+00,1535,2026-04-16 16:50:53.93908+00
876c9fd2-fd03-4c0d-9590-00b4562e2781,adc4de3c-30c1-46bf-a97f-fb9b583d0245,7d2803a4-967a-4b5b-aaa7-e76fea38ab03,550e8400-e29b-41d4-a716-446655440002,post,2026-04-15 17:02:39.772807+00,2026-04-16 17:35:48.123+00,88388,2026-04-15 17:02:39.772807+00
c56b5126-0bde-40ea-9c87-3eddc771df21,beb975bd-43b3-482d-aef5-7c84cf110966,7d2803a4-967a-4b5b-aaa7-e76fea38ab03,550e8400-e29b-41d4-a716-446655440002,post,2026-04-16 17:24:21.020919+00,2026-04-16 17:39:17.898+00,896,2026-04-16 17:24:21.020919+00
51b6b708-3f9b-4c55-b0b4-06b95fffafb6,98ddb8f9-b7b3-48da-a7e9-ff1dc8164f65,7d2803a4-967a-4b5b-aaa7-e76fea38ab03,550e8400-e29b-41d4-a716-446655440002,post,2026-04-16 17:37:21.26902+00,2026-04-16 17:45:55.702+00,514,2026-04-16 17:37:21.26902+00
69a7121c-3b8c-45dc-a6fa-373c7ecc1939,b46bc5cf-c078-4422-908b-dceb238faa2d,7d2803a4-967a-4b5b-aaa7-e76fea38ab03,550e8400-e29b-41d4-a716-446655440002,post,2026-04-16 17:32:50.858133+00,2026-04-16 17:49:05.914+00,975,2026-04-16 17:32:50.858133+00
773b2a32-d101-4bdf-9a62-2a25eb42ea87,b0a53483-36e3-4330-a309-e31bfafa8683,7d2803a4-967a-4b5b-aaa7-e76fea38ab03,550e8400-e29b-41d4-a716-446655440002,post,2026-04-13 20:08:23.679439+00,2026-04-16 18:28:59.579+00,253235,2026-04-13 20:08:23.679439+00
e7550ee8-fbc7-4bff-af45-935d309565ad,2946ca66-b38e-4b6d-a10b-13579832dd14,7d2803a4-967a-4b5b-aaa7-e76fea38ab03,550e8400-e29b-41d4-a716-446655440002,post,2026-04-16 18:28:19.091024+00,2026-04-16 18:36:03.574+00,464,2026-04-16 18:28:19.091024+00
0f5b70cb-ceb8-45f9-b3a8-30c0b6c1b2c4,5589034d-77fa-49d2-9366-e311320cdbf7,7d2803a4-967a-4b5b-aaa7-e76fea38ab03,550e8400-e29b-41d4-a716-446655440002,post,2026-04-16 18:30:53.931589+00,2026-04-16 18:38:05.441+00,431,2026-04-16 18:30:53.931589+00
6b176236-f5a6-42d7-8a57-06170d6cb1b2,99f8377d-2c27-44fd-916e-441285fa67c9,7d2803a4-967a-4b5b-aaa7-e76fea38ab03,550e8400-e29b-41d4-a716-446655440002,post,2026-04-16 18:26:36.907798+00,2026-04-16 18:39:41.719+00,784,2026-04-16 18:26:36.907798+00
6831485f-4548-42dd-9039-c7842203d6d6,af5e84a6-172e-4226-8de6-0f43ded6df71,7d2803a4-967a-4b5b-aaa7-e76fea38ab03,550e8400-e29b-41d4-a716-446655440002,post,2026-04-16 18:32:50.939461+00,2026-04-16 18:42:22.956+00,572,2026-04-16 18:32:50.939461+00
fef12e84-3788-4c04-962c-dcc2275191ab,a97fd42d-5d61-492f-87d6-2ab102e8e247,7d2803a4-967a-4b5b-aaa7-e76fea38ab03,550e8400-e29b-41d4-a716-446655440002,post,2026-04-16 18:29:31.397256+00,2026-04-16 18:44:05.912+00,874,2026-04-16 18:29:31.397256+00
b19a6d1d-133f-4deb-8de9-55a781325ba5,ea347db2-56c8-4bbf-a2db-116e9bd33013,7d2803a4-967a-4b5b-aaa7-e76fea38ab03,550e8400-e29b-41d4-a716-446655440002,post,2026-04-16 18:29:12.217075+00,2026-04-16 18:44:54.491+00,942,2026-04-16 18:29:12.217075+00
33b3d5d7-a822-4c82-aecc-990534b2fc3f,7c926ff2-5b72-4810-96da-8e48becdf8e5,7d2803a4-967a-4b5b-aaa7-e76fea38ab03,550e8400-e29b-41d4-a716-446655440002,post,2026-04-16 18:32:05.6742+00,2026-04-16 18:47:38.961+00,933,2026-04-16 18:32:05.6742+00
9486c30b-7806-4888-81b7-b876f158966d,cdda16b8-b29f-400e-aa31-2e6f39b91b98,7d2803a4-967a-4b5b-aaa7-e76fea38ab03,550e8400-e29b-41d4-a716-446655440002,post,2026-04-16 18:33:33.267895+00,2026-04-16 18:48:23.297+00,890,2026-04-16 18:33:33.267895+00
baa74bd3-5481-4782-9f35-53eead5a5acb,17b5c40f-ae6e-4f13-a731-472b0623779f,7d2803a4-967a-4b5b-aaa7-e76fea38ab03,550e8400-e29b-41d4-a716-446655440002,post,2026-04-16 18:34:39.723731+00,2026-04-16 18:52:40.044+00,1080,2026-04-16 18:34:39.723731+00
83edf026-0333-4c74-9d3e-7efc25229cd2,b5ec6d0b-a908-4430-881d-e7c5424ce6ac,7d2803a4-967a-4b5b-aaa7-e76fea38ab03,550e8400-e29b-41d4-a716-446655440002,post,2026-04-16 18:37:42.445593+00,2026-04-16 18:56:09.878+00,1107,2026-04-16 18:37:42.445593+00
28e99f7f-c838-4b45-9101-02ce1d16a821,7f984b1c-f9b5-400b-a3df-f1458ad1a920,7d2803a4-967a-4b5b-aaa7-e76fea38ab03,550e8400-e29b-41d4-a716-446655440002,post,2026-04-16 18:31:55.707846+00,2026-04-16 19:00:48.247+00,1732,2026-04-16 18:31:55.707846+00
e52fca44-8db1-4d37-ac06-3552b235c264,3ea44c6e-88b9-4522-8f3f-40d7b4c90b91,7d2803a4-967a-4b5b-aaa7-e76fea38ab03,550e8400-e29b-41d4-a716-446655440002,post,2026-04-16 18:05:16.333165+00,2026-04-16 19:02:23.253+00,3426,2026-04-16 18:05:16.333165+00
2df8914b-74b2-4487-bf80-f84e99475af2,d448fcf8-fc6c-46a6-9d2c-dcc04632109d,7d2803a4-967a-4b5b-aaa7-e76fea38ab03,550e8400-e29b-41d4-a716-446655440002,post,2026-04-16 18:34:29.022143+00,2026-04-16 19:12:29.705+00,2280,2026-04-16 18:34:29.022143+00
eb32c34b-6c69-47e9-b718-8aa334688e97,63e04b4d-158b-4a73-82b0-4381426893e7,7d2803a4-967a-4b5b-aaa7-e76fea38ab03,550e8400-e29b-41d4-a716-446655440002,post,2026-04-16 19:15:31.634926+00,2026-04-16 19:29:20.267+00,828,2026-04-16 19:15:31.634926+00
324d3a50-5dcc-485a-bd87-b0a16207b2fb,46a43f36-5ba9-4f97-b490-b7676fea6787,7d2803a4-967a-4b5b-aaa7-e76fea38ab03,550e8400-e29b-41d4-a716-446655440002,post,2026-04-16 18:49:38.717956+00,2026-04-16 19:29:21.864+00,2383,2026-04-16 18:49:38.717956+00
04f3f4b4-44d0-4286-9c65-c8e3fb4d7368,6285cca1-1cc0-4f25-84cf-e4b297e3c84c,7d2803a4-967a-4b5b-aaa7-e76fea38ab03,550e8400-e29b-41d4-a716-446655440002,post,2026-04-16 18:58:23.986701+00,2026-04-16 19:29:53.548+00,1889,2026-04-16 18:58:23.986701+00
c934b471-7903-4b17-951d-d2b8b2f645e3,be8b0ff8-40d3-46da-a788-a0dcb0e7cdc1,7d2803a4-967a-4b5b-aaa7-e76fea38ab03,550e8400-e29b-41d4-a716-446655440002,post,2026-04-16 19:18:57.417298+00,2026-04-16 19:30:07.824+00,670,2026-04-16 19:18:57.417298+00
0c706e86-a95f-4207-90a5-b85abd710aab,2d56888a-fb4f-4f3f-ac94-efbf0d8ef553,7d2803a4-967a-4b5b-aaa7-e76fea38ab03,550e8400-e29b-41d4-a716-446655440002,post,2026-04-16 19:15:23.992062+00,2026-04-16 19:36:01.321+00,1237,2026-04-16 19:15:23.992062+00
8bd6bdec-29af-4511-81e0-5b20575d2683,715b56dd-5e92-422f-bca8-ce3784757af9,7d2803a4-967a-4b5b-aaa7-e76fea38ab03,550e8400-e29b-41d4-a716-446655440002,post,2026-04-16 19:34:07.612399+00,2026-04-16 19:39:52.683+00,345,2026-04-16 19:34:07.612399+00
d1769b4d-4a49-4fc6-8296-7b3c7b30428f,2d453998-3c0c-4625-a32e-262ba06df72d,7d2803a4-967a-4b5b-aaa7-e76fea38ab03,550e8400-e29b-41d4-a716-446655440002,post,2026-04-16 19:17:23.423725+00,2026-04-16 19:41:11.779+00,1428,2026-04-16 19:17:23.423725+00
72c5c5f2-83a1-4c3b-ba2a-bf0d0bdd3b10,aef45d16-0ee5-4de2-8649-9e1d6cb1eb51,7d2803a4-967a-4b5b-aaa7-e76fea38ab03,550e8400-e29b-41d4-a716-446655440002,post,2026-04-15 17:27:13.989547+00,2026-04-16 19:41:57.953+00,94483,2026-04-15 17:27:13.989547+00
dbca40d6-f7b2-4c1e-8b97-b676c60767a1,149c428c-dfb8-446f-9933-a42990b32858,7d2803a4-967a-4b5b-aaa7-e76fea38ab03,550e8400-e29b-41d4-a716-446655440002,post,2026-04-16 19:23:15.43832+00,2026-04-16 19:47:25.219+00,1449,2026-04-16 19:23:15.43832+00
a849d3dc-7212-4cb2-9a2c-d6d6461e5eec,c2239f35-637e-453e-81ce-4058d54d456c,7d2803a4-967a-4b5b-aaa7-e76fea38ab03,550e8400-e29b-41d4-a716-446655440002,post,2026-04-16 19:53:50.442498+00,2026-04-16 20:02:35.438+00,524,2026-04-16 19:53:50.442498+00
4d64e841-3fa4-4ff1-9c0d-2c1d1ec27c78,f683ba27-13b6-4cda-9256-92c3f0265ee1,7d2803a4-967a-4b5b-aaa7-e76fea38ab03,550e8400-e29b-41d4-a716-446655440002,post,2026-04-16 19:50:05.346506+00,2026-04-16 20:12:22.782+00,1337,2026-04-16 19:50:05.346506+00
c080be44-3ae4-4cd5-9e9b-802ccf3ea971,971e8ee8-4b54-4e24-884d-8aad79928cf4,7d2803a4-967a-4b5b-aaa7-e76fea38ab03,550e8400-e29b-41d4-a716-446655440002,post,2026-04-16 19:49:38.930828+00,2026-04-16 20:14:08.544+00,1469,2026-04-16 19:49:38.930828+00
83ab3ee9-6d5b-49d0-b3aa-997e831898b4,6abf9f8d-205e-4d0a-8c16-9bdf3fe6c577,7d2803a4-967a-4b5b-aaa7-e76fea38ab03,550e8400-e29b-41d4-a716-446655440002,post,2026-04-16 19:56:29.191321+00,2026-04-16 20:16:20.973+00,1191,2026-04-16 19:56:29.191321+00
dc2257cf-649d-4a03-aad4-9fe3b34bed84,1f835f8f-ec63-433d-aa6a-5bdbc04eeeae,7d2803a4-967a-4b5b-aaa7-e76fea38ab03,550e8400-e29b-41d4-a716-446655440002,post,2026-04-16 19:51:53.158718+00,2026-04-16 20:16:29.088+00,1475,2026-04-16 19:51:53.158718+00
6e585915-73cc-4980-b58c-5bd4ea8554ad,b06154bb-4df8-4ee7-af71-72f36553148d,7d2803a4-967a-4b5b-aaa7-e76fea38ab03,550e8400-e29b-41d4-a716-446655440002,post,2026-04-16 20:02:57.879335+00,2026-04-16 20:21:22.423+00,1104,2026-04-16 20:02:57.879335+00
16846cee-407f-4c03-9848-236e823424e6,d51e250a-2050-4a10-9e84-5e06e18732fe,7d2803a4-967a-4b5b-aaa7-e76fea38ab03,550e8400-e29b-41d4-a716-446655440002,post,2026-04-16 16:33:16.534444+00,2026-04-16 20:23:45.716+00,13829,2026-04-16 16:33:16.534444+00
c5f3d1fc-64d6-49e4-b594-e0f634fa9e2e,6b51bc91-f0c0-42ad-94a0-71b2fe6be3cb,7d2803a4-967a-4b5b-aaa7-e76fea38ab03,550e8400-e29b-41d4-a716-446655440002,post,2026-04-16 04:49:09.986847+00,2026-04-16 20:24:58.933+00,56148,2026-04-16 04:49:09.986847+00
54a02d1a-baa2-4e43-8bfe-878b809cc0b4,9ea52a27-0345-4d68-98a6-2d5e81bc058a,7d2803a4-967a-4b5b-aaa7-e76fea38ab03,550e8400-e29b-41d4-a716-446655440002,post,2026-04-16 19:32:37.137269+00,2026-04-16 20:25:03.433+00,3146,2026-04-16 19:32:37.137269+00
8981c108-1f0c-4342-8d84-207c0f46cc24,813f729f-1668-4dc4-816f-236c1b2ee4de,7d2803a4-967a-4b5b-aaa7-e76fea38ab03,550e8400-e29b-41d4-a716-446655440002,post,2026-04-14 22:08:31.104549+00,2026-04-16 20:28:23.468+00,166792,2026-04-14 22:08:31.104549+00
1cc114d0-5a03-4785-88a8-c048bcb2cf5d,a6058c17-f102-4448-a4d5-969984cf801f,7d2803a4-967a-4b5b-aaa7-e76fea38ab03,550e8400-e29b-41d4-a716-446655440002,post,2026-04-16 20:30:38.346368+00,2026-04-16 20:50:43.227+00,1204,2026-04-16 20:30:38.346368+00
8967b248-c1e7-445d-b4af-ff859af23158,0209cf8e-0f9d-4ee1-bd63-2f93f8900f6f,7d2803a4-967a-4b5b-aaa7-e76fea38ab03,550e8400-e29b-41d4-a716-446655440002,post,2026-04-16 20:32:00.168986+00,2026-04-16 20:59:45.077+00,1664,2026-04-16 20:32:00.168986+00
dfaea375-ce65-41b4-9b87-9decbcf70c6a,e47996af-920b-4fd6-acc7-5e2b47ba12a3,7d2803a4-967a-4b5b-aaa7-e76fea38ab03,550e8400-e29b-41d4-a716-446655440002,post,2026-04-16 20:40:26.990181+00,2026-04-16 21:07:36.387+00,1629,2026-04-16 20:40:26.990181+00
682fc72c-99d1-482f-9997-0683345439af,8b01f8dd-4fa7-442f-814b-e86d065dcf73,7d2803a4-967a-4b5b-aaa7-e76fea38ab03,550e8400-e29b-41d4-a716-446655440002,post,2026-04-16 20:57:34.691444+00,2026-04-16 21:17:25.305+00,1190,2026-04-16 20:57:34.691444+00
30ac9c77-4115-415c-8ed0-5174030dd23a,e270ff2d-8c43-4155-85da-7b9e0bd46993,7d2803a4-967a-4b5b-aaa7-e76fea38ab03,550e8400-e29b-41d4-a716-446655440002,post,2026-04-16 21:06:09.432909+00,2026-04-16 21:27:25.43+00,1275,2026-04-16 21:06:09.432909+00
205f7b82-39a9-4d89-82a0-32185106d22d,9a551ffe-78f4-4455-9c97-9bd91241a490,7d2803a4-967a-4b5b-aaa7-e76fea38ab03,550e8400-e29b-41d4-a716-446655440002,post,2026-04-16 19:06:09.415645+00,2026-04-16 21:51:36.154+00,9926,2026-04-16 19:06:09.415645+00
11aeb955-848b-4dec-890f-23cf8e7b87c9,cc64c595-af04-4d7a-900a-efa808501a62,7d2803a4-967a-4b5b-aaa7-e76fea38ab03,550e8400-e29b-41d4-a716-446655440002,post,2026-04-16 20:49:07.071263+00,2026-04-16 21:53:21.139+00,3854,2026-04-16 20:49:07.071263+00
e1db471f-8674-4bdb-b2be-824aaae19fe9,2f4eaf1b-2f5c-4a2c-a997-662b1f70bd29,7d2803a4-967a-4b5b-aaa7-e76fea38ab03,550e8400-e29b-41d4-a716-446655440002,post,2026-04-14 14:59:46.227737+00,2026-04-16 22:00:48.367+00,198062,2026-04-14 14:59:46.227737+00
81e2f396-f662-4361-a610-bf12061e94d6,76173459-2255-4430-b39f-156aec38bbee,7d2803a4-967a-4b5b-aaa7-e76fea38ab03,550e8400-e29b-41d4-a716-446655440002,post,2026-04-16 21:45:08.420415+00,2026-04-16 22:07:06.897+00,1318,2026-04-16 21:45:08.420415+00
d0638847-134b-4666-af84-e5a220fab2f8,27653114-c05f-4e18-bdc6-ffedd0cb1112,7d2803a4-967a-4b5b-aaa7-e76fea38ab03,550e8400-e29b-41d4-a716-446655440002,post,2026-04-16 21:54:19.98816+00,2026-04-16 22:09:52.967+00,932,2026-04-16 21:54:19.98816+00
8d6b88c0-daaa-448b-9403-5429f832388e,46f3dca6-ed5c-41fa-ae4c-867b7c7554f6,7d2803a4-967a-4b5b-aaa7-e76fea38ab03,550e8400-e29b-41d4-a716-446655440002,post,2026-04-15 14:30:57.287018+00,2026-04-16 22:31:45.122+00,115247,2026-04-15 14:30:57.287018+00
1f1f15a9-d7ed-4339-82e4-5c16adb23411,13e0a5bb-8347-4fa0-8048-e1e5285b3a06,7d2803a4-967a-4b5b-aaa7-e76fea38ab03,550e8400-e29b-41d4-a716-446655440002,post,2026-04-16 22:19:55.010662+00,2026-04-16 23:01:57.956+00,2522,2026-04-16 22:19:55.010662+00
e07e7467-fb70-49eb-912d-97a014186e43,99dcaf4b-66a6-4e33-9988-692075410ca0,7d2803a4-967a-4b5b-aaa7-e76fea38ab03,550e8400-e29b-41d4-a716-446655440002,post,2026-04-16 22:40:31.128317+00,2026-04-16 23:07:15.149+00,1604,2026-04-16 22:40:31.128317+00
5004bc9f-fae7-4e9d-969d-2624c78bb6ef,48ab5e44-c5f4-4a48-bbbc-20aa38703ca6,7d2803a4-967a-4b5b-aaa7-e76fea38ab03,550e8400-e29b-41d4-a716-446655440002,post,2026-04-16 15:40:32.586395+00,2026-04-16 23:21:15.874+00,27643,2026-04-16 15:40:32.586395+00
fc76a70d-4ba8-474d-a7f1-c5bbe1ee7023,acf69dbc-4989-4d42-9082-e64b18461453,7d2803a4-967a-4b5b-aaa7-e76fea38ab03,550e8400-e29b-41d4-a716-446655440002,post,2026-04-16 23:26:29.300127+00,2026-04-16 23:49:37.02+00,1387,2026-04-16 23:26:29.300127+00
755d19c9-8e77-478f-bb0d-dfede5909ed5,3e3d2aca-1572-4182-af54-d8a654df9650,7d2803a4-967a-4b5b-aaa7-e76fea38ab03,550e8400-e29b-41d4-a716-446655440002,post,2026-04-16 23:48:34.745389+00,2026-04-16 23:51:25.911+00,171,2026-04-16 23:48:34.745389+00
12a06c7d-271f-4887-b468-ecfbb21da352,1d2a2f35-dbc4-497d-9b0a-4b386dbff104,7d2803a4-967a-4b5b-aaa7-e76fea38ab03,550e8400-e29b-41d4-a716-446655440002,post,2026-04-16 23:20:33.453838+00,2026-04-16 23:51:46.81+00,1873,2026-04-16 23:20:33.453838+00
93de4ea8-f056-4327-8416-07fbc6036c6d,7487663a-da02-49b0-94c4-6ab5550631ff,7d2803a4-967a-4b5b-aaa7-e76fea38ab03,550e8400-e29b-41d4-a716-446655440002,post,2026-04-15 19:24:14.667052+00,2026-04-17 00:05:42.356+00,103287,2026-04-15 19:24:14.667052+00
4851b0eb-7086-4c1a-b372-babacbe7565d,1fffbf03-1a2e-4b21-95a0-f384a0cd0c55,7d2803a4-967a-4b5b-aaa7-e76fea38ab03,550e8400-e29b-41d4-a716-446655440002,post,2026-04-17 00:12:41.618106+00,2026-04-17 00:25:45.725+00,784,2026-04-17 00:12:41.618106+00
fd2b4b23-079f-4bee-838c-f4c1bc50ab96,e8d28032-6015-4e62-be40-837373b1ea07,7d2803a4-967a-4b5b-aaa7-e76fea38ab03,550e8400-e29b-41d4-a716-446655440002,post,2026-04-16 23:59:44.896271+00,2026-04-17 00:28:03.581+00,1698,2026-04-16 23:59:44.896271+00
6cde4059-302c-46f5-89ad-708f828c9b73,dd9ba1d1-5cc9-41d0-a676-4fe106f2cf39,7d2803a4-967a-4b5b-aaa7-e76fea38ab03,550e8400-e29b-41d4-a716-446655440002,post,2026-04-16 23:54:08.430813+00,2026-04-17 00:48:38.712+00,3270,2026-04-16 23:54:08.430813+00
a0b7129b-c39f-4482-8a1a-cb2b613f1a6f,c0550a7e-1575-44fb-9c94-390f4b18ce75,7d2803a4-967a-4b5b-aaa7-e76fea38ab03,550e8400-e29b-41d4-a716-446655440002,post,2026-04-17 00:32:59.836341+00,2026-04-17 00:59:58.605+00,1618,2026-04-17 00:32:59.836341+00
6004a488-6cdc-4e08-b94c-030beee7c39f,6240ce10-73c5-4d18-9973-f0defeeb2be1,7d2803a4-967a-4b5b-aaa7-e76fea38ab03,550e8400-e29b-41d4-a716-446655440002,post,2026-04-17 00:48:20.089021+00,2026-04-17 01:05:56.739+00,1056,2026-04-17 00:48:20.089021+00
c3729734-c43f-4349-830d-c5811f995fdc,c667d541-8358-454e-b67c-37460b1aa48c,7d2803a4-967a-4b5b-aaa7-e76fea38ab03,550e8400-e29b-41d4-a716-446655440002,post,2026-04-17 00:44:44.209496+00,2026-04-17 01:15:24.567+00,1840,2026-04-17 00:44:44.209496+00
213330da-b822-4576-8194-794fe008673c,b7417958-f675-44a3-ad07-5f89848a89af,7d2803a4-967a-4b5b-aaa7-e76fea38ab03,550e8400-e29b-41d4-a716-446655440002,post,2026-04-16 19:45:47.401922+00,2026-04-17 01:32:33.061+00,20805,2026-04-16 19:45:47.401922+00
fca09721-4466-40e3-94a4-0d4cd1c413b8,ac11e655-a6c4-463a-acbd-30d896f2ed55,7d2803a4-967a-4b5b-aaa7-e76fea38ab03,550e8400-e29b-41d4-a716-446655440002,post,2026-04-15 16:27:20.73443+00,2026-04-17 01:42:49.709+00,119728,2026-04-15 16:27:20.73443+00
488bd293-6bd1-463a-94ba-d0951c5633d9,b71de89b-14f1-4f7d-aebd-64e3a488b3f7,7d2803a4-967a-4b5b-aaa7-e76fea38ab03,550e8400-e29b-41d4-a716-446655440002,post,2026-04-15 16:31:18.871919+00,2026-04-17 01:50:03.849+00,119924,2026-04-15 16:31:18.871919+00
3039714f-3cf6-4957-a31a-6bcdaf0dda22,9e8d79dd-b3bd-4580-83b3-7a5e98162bf4,7d2803a4-967a-4b5b-aaa7-e76fea38ab03,550e8400-e29b-41d4-a716-446655440002,post,2026-04-17 02:14:51.906501+00,2026-04-17 02:31:45.009+00,1013,2026-04-17 02:14:51.906501+00
80002a44-3c05-4bca-8598-0043f68b8617,e8e8eef9-605b-42bb-a3f8-e4f0e61ff156,7d2803a4-967a-4b5b-aaa7-e76fea38ab03,550e8400-e29b-41d4-a716-446655440002,post,2026-04-17 02:26:34.816209+00,2026-04-17 02:46:27.796+00,1192,2026-04-17 02:26:34.816209+00
466a248f-b547-48c9-988a-4388d170067b,b376241a-72d3-4d26-b030-da68a97881b0,7d2803a4-967a-4b5b-aaa7-e76fea38ab03,550e8400-e29b-41d4-a716-446655440002,post,2026-04-17 02:46:00.63428+00,2026-04-17 03:09:40.094+00,1419,2026-04-17 02:46:00.63428+00
661885cc-76de-4619-8ba2-164668420667,71b01b6d-3de3-40df-a406-d568b13eb719,7d2803a4-967a-4b5b-aaa7-e76fea38ab03,550e8400-e29b-41d4-a716-446655440002,post,2026-04-17 02:51:39.387182+00,2026-04-17 03:11:57.617+00,1218,2026-04-17 02:51:39.387182+00
58263177-97fa-43ba-bc6b-87ddf55bb4fb,465bb9fa-30eb-47c2-97d8-445193ecae5f,7d2803a4-967a-4b5b-aaa7-e76fea38ab03,550e8400-e29b-41d4-a716-446655440002,post,2026-04-17 02:51:11.371303+00,2026-04-17 03:17:49.108+00,1597,2026-04-17 02:51:11.371303+00
f8c6b7d8-dc22-43f4-809d-73d73741be91,855f5aef-1708-4421-a77c-3c5df15cfb9c,7d2803a4-967a-4b5b-aaa7-e76fea38ab03,550e8400-e29b-41d4-a716-446655440002,post,2026-04-17 03:07:32.711609+00,2026-04-17 03:28:16.824+00,1244,2026-04-17 03:07:32.711609+00
dd746b5c-19ee-4d1f-a7f7-f9361bd4619f,931cadcf-0663-4a99-bc57-f2087556cf39,7d2803a4-967a-4b5b-aaa7-e76fea38ab03,550e8400-e29b-41d4-a716-446655440002,post,2026-04-17 03:22:50.839051+00,2026-04-17 04:13:36.785+00,3045,2026-04-17 03:22:50.839051+00
a756b25f-1744-4bb7-9d3b-46438da36618,5ab5c87d-e528-47a9-821c-e30bef4e7234,7d2803a4-967a-4b5b-aaa7-e76fea38ab03,550e8400-e29b-41d4-a716-446655440002,post,2026-04-15 16:57:29.549975+00,2026-04-17 04:30:07.016+00,127957,2026-04-15 16:57:29.549975+00
4f53941d-7dce-426b-90ae-cd994b7aec01,6d9b4dd0-5a5b-4ab7-b671-0a65abf3e44a,7d2803a4-967a-4b5b-aaa7-e76fea38ab03,550e8400-e29b-41d4-a716-446655440002,post,2026-04-17 04:20:11.307404+00,2026-04-17 04:44:13.265+00,1441,2026-04-17 04:20:11.307404+00
7e309fd5-87ff-4986-9a38-c0d95ae7ace1,0f09fffe-2078-402f-b7d6-bf58fdaf754f,7d2803a4-967a-4b5b-aaa7-e76fea38ab03,550e8400-e29b-41d4-a716-446655440002,post,2026-04-17 04:40:29.746586+00,2026-04-17 04:52:02.199+00,692,2026-04-17 04:40:29.746586+00
a1b36d81-5b22-4ea8-bd7f-541fba3566c2,13b45d85-1ec7-403f-bd1e-e0bb712c7a09,7d2803a4-967a-4b5b-aaa7-e76fea38ab03,550e8400-e29b-41d4-a716-446655440002,post,2026-04-17 04:54:28.340982+00,2026-04-17 05:55:26.251+00,3657,2026-04-17 04:54:28.340982+00
db2e7984-970d-4048-af4d-c2a5a9dcbfaf,938cbda8-6294-4142-9759-f135f89748ed,7d2803a4-967a-4b5b-aaa7-e76fea38ab03,550e8400-e29b-41d4-a716-446655440002,post,2026-04-17 06:36:57.068533+00,2026-04-17 06:47:52.483+00,655,2026-04-17 06:36:57.068533+00
d2f84a13-9710-4118-aa17-8e6930c221bd,a1daac46-0f1a-4715-93f1-6ebc0ea94b48,7d2803a4-967a-4b5b-aaa7-e76fea38ab03,550e8400-e29b-41d4-a716-446655440002,post,2026-04-16 19:32:42.796245+00,2026-04-17 08:29:41.261+00,46618,2026-04-16 19:32:42.796245+00
55dfd22f-3eaa-4cc4-8f67-8207a246265e,8b189250-7c15-47c9-89d3-c44302651003,7d2803a4-967a-4b5b-aaa7-e76fea38ab03,550e8400-e29b-41d4-a716-446655440002,post,2026-04-17 13:44:12.184349+00,2026-04-17 14:04:39.299+00,1227,2026-04-17 13:44:12.184349+00
d2ea7c41-9f1d-45b5-b5a3-2ccb9dbb1b10,a8426467-9223-4486-9d03-8bb006e1e213,7d2803a4-967a-4b5b-aaa7-e76fea38ab03,550e8400-e29b-41d4-a716-446655440002,post,2026-04-17 14:25:18.162049+00,2026-04-17 14:39:52.326+00,874,2026-04-17 14:25:18.162049+00
f95d2f4c-d209-4c6d-8525-e41c1194bbea,5ebbcd0c-d05b-4634-9548-a716bd8d82f3,7d2803a4-967a-4b5b-aaa7-e76fea38ab03,550e8400-e29b-41d4-a716-446655440002,post,2026-04-17 14:42:33.792764+00,2026-04-17 14:49:17.94+00,404,2026-04-17 14:42:33.792764+00
8dba6c81-1822-4d2e-88fe-949813f0720d,5e7b38f3-91b1-49e1-a49a-4358f48ba1e0,7d2803a4-967a-4b5b-aaa7-e76fea38ab03,550e8400-e29b-41d4-a716-446655440002,post,2026-04-16 21:23:13.278462+00,2026-04-17 14:52:11.732+00,62938,2026-04-16 21:23:13.278462+00
2e20d346-b6ec-45c7-9bfc-8c173f1a8d7a,66100cec-ec3e-4478-a5cd-046786a408ad,7d2803a4-967a-4b5b-aaa7-e76fea38ab03,550e8400-e29b-41d4-a716-446655440002,post,2026-04-17 14:41:49.471108+00,2026-04-17 14:54:32.117+00,762,2026-04-17 14:41:49.471108+00
929eff86-5958-4f37-a4de-91e375f29db9,ef3ddb90-4072-4047-bae6-2239209056b7,7d2803a4-967a-4b5b-aaa7-e76fea38ab03,550e8400-e29b-41d4-a716-446655440002,post,2026-04-17 14:20:13.662392+00,2026-04-17 15:02:23.984+00,2530,2026-04-17 14:20:13.662392+00
e0d44d46-661d-4552-b251-02c04e621529,e41c04a2-223f-477c-a0e7-b4bc778e9cbd,7d2803a4-967a-4b5b-aaa7-e76fea38ab03,550e8400-e29b-41d4-a716-446655440002,post,2026-04-17 14:55:02.754892+00,2026-04-17 15:07:26.384+00,743,2026-04-17 14:55:02.754892+00
2daf9d36-d125-494e-b609-77fe5d9d6f9c,af792dd6-769b-4690-8d47-400d63751966,7d2803a4-967a-4b5b-aaa7-e76fea38ab03,550e8400-e29b-41d4-a716-446655440002,post,2026-04-15 17:23:40.380562+00,2026-04-17 15:25:05.213+00,165684,2026-04-15 17:23:40.380562+00
7a738f65-b51e-4b85-b4f7-cb7d11fe71e1,d98d990d-853c-4a3d-afe8-fd1c7ac76d60,7d2803a4-967a-4b5b-aaa7-e76fea38ab03,550e8400-e29b-41d4-a716-446655440002,post,2026-04-17 15:35:15.58718+00,2026-04-17 15:42:03.336+00,407,2026-04-17 15:35:15.58718+00
5732a447-3d1e-40b8-8b98-60b4874d7592,2435250b-091e-4588-a2bb-7a6430ea6aa7,7d2803a4-967a-4b5b-aaa7-e76fea38ab03,550e8400-e29b-41d4-a716-446655440002,post,2026-04-17 01:00:01.030913+00,2026-04-17 15:44:57.963+00,53096,2026-04-17 01:00:01.030913+00
bf90e2db-b233-4574-9535-29ddcfbda0ae,76054a09-3a64-4b5e-ac78-29c72e48462f,7d2803a4-967a-4b5b-aaa7-e76fea38ab03,550e8400-e29b-41d4-a716-446655440002,post,2026-04-17 15:32:25.143503+00,2026-04-17 15:46:30.518+00,845,2026-04-17 15:32:25.143503+00
b2ec6eb5-5c1c-484e-a31a-afec73230ff1,5ca30c44-f901-4ff4-95dd-fccfd6e8b3b8,7d2803a4-967a-4b5b-aaa7-e76fea38ab03,550e8400-e29b-41d4-a716-446655440002,post,2026-04-17 15:31:57.391083+00,2026-04-17 15:48:12.895+00,975,2026-04-17 15:31:57.391083+00
ab9e5cb5-b61f-478c-a814-581602b0d6df,eb41544c-4178-4d6b-83b2-adbdc1f190be,7d2803a4-967a-4b5b-aaa7-e76fea38ab03,550e8400-e29b-41d4-a716-446655440002,post,2026-04-15 15:27:06.972239+00,2026-04-17 15:51:29.06+00,174262,2026-04-15 15:27:06.972239+00
f8e2c0ef-6fb1-470d-8d29-b07e3ed04c11,cc600a0a-73d7-4721-9617-a9482de511e9,7d2803a4-967a-4b5b-aaa7-e76fea38ab03,550e8400-e29b-41d4-a716-446655440002,post,2026-04-17 15:39:44.117271+00,2026-04-17 15:53:23.701+00,819,2026-04-17 15:39:44.117271+00
22c04f8a-1157-4640-a52c-c97809fd7796,d4dbc2aa-3336-424d-845d-933f3edb2062,7d2803a4-967a-4b5b-aaa7-e76fea38ab03,550e8400-e29b-41d4-a716-446655440002,post,2026-04-17 15:43:02.12067+00,2026-04-17 16:05:35.202+00,1353,2026-04-17 15:43:02.12067+00
21784055-9c2a-4e3a-96dc-3ca49713a119,9495dc88-42e5-480e-a89f-57cb83b7a53d,7d2803a4-967a-4b5b-aaa7-e76fea38ab03,550e8400-e29b-41d4-a716-446655440002,post,2026-04-17 15:47:23.380203+00,2026-04-17 16:14:26.423+00,1623,2026-04-17 15:47:23.380203+00
4518bc9a-0d06-48f4-88a3-958837bed066,b1948dbe-3257-4024-958f-f1d07f5bc565,7d2803a4-967a-4b5b-aaa7-e76fea38ab03,550e8400-e29b-41d4-a716-446655440002,post,2026-04-17 16:27:38.842775+00,2026-04-17 16:56:33.185+00,1734,2026-04-17 16:27:38.842775+00
5bb59782-5280-4dbe-a82f-ebc066c6bc35,db423139-872d-4fa3-bf0c-195fd9e1c84a,7d2803a4-967a-4b5b-aaa7-e76fea38ab03,550e8400-e29b-41d4-a716-446655440002,post,2026-04-17 16:48:38.230335+00,2026-04-17 16:56:57.906+00,499,2026-04-17 16:48:38.230335+00
31c7e5f9-0aa0-4121-aecf-af7d6e8b93e4,851516a8-590d-4142-bdbb-40230eaa1b98,7d2803a4-967a-4b5b-aaa7-e76fea38ab03,550e8400-e29b-41d4-a716-446655440002,post,2026-04-13 16:40:12.129951+00,2026-04-17 17:00:04.293+00,346792,2026-04-13 16:40:12.129951+00
2f2df48d-71cf-4072-97ec-390eaf5975eb,026eb525-b0f1-486b-b4e5-61a37b520629,7d2803a4-967a-4b5b-aaa7-e76fea38ab03,550e8400-e29b-41d4-a716-446655440002,post,2026-04-17 16:57:12.575768+00,2026-04-17 17:10:12.709+00,780,2026-04-17 16:57:12.575768+00
85817753-df7a-474f-8829-6e3cbe6cf1a8,98654277-46ee-4e60-924c-8cb5635a001d,7d2803a4-967a-4b5b-aaa7-e76fea38ab03,550e8400-e29b-41d4-a716-446655440002,post,2026-04-17 16:57:49.323832+00,2026-04-17 17:31:15.298+00,2005,2026-04-17 16:57:49.323832+00
b201457a-298e-42a0-90ce-85589e85422d,0bc9d170-7777-4ec4-a33a-c77520245e31,7d2803a4-967a-4b5b-aaa7-e76fea38ab03,550e8400-e29b-41d4-a716-446655440002,post,2026-04-13 15:37:25.173832+00,2026-04-17 17:38:17.451+00,352852,2026-04-13 15:37:25.173832+00
5342734d-9cb1-4b8d-9eba-ffbda7f87fd1,45428779-c79e-4c9d-9228-4cdeb7bbbe74,7d2803a4-967a-4b5b-aaa7-e76fea38ab03,550e8400-e29b-41d4-a716-446655440002,post,2026-04-17 17:13:38.001905+00,2026-04-17 17:40:42.514+00,1624,2026-04-17 17:13:38.001905+00
9d017d66-ee7f-47dd-bb1a-9fd4c513bc7a,ddd1cdc2-aba7-4af4-8507-8258d5930a67,7d2803a4-967a-4b5b-aaa7-e76fea38ab03,550e8400-e29b-41d4-a716-446655440002,post,2026-04-17 17:27:02.490224+00,2026-04-17 17:49:04.805+00,1322,2026-04-17 17:27:02.490224+00
f11590d0-c67b-441d-a7e9-89ca58d6b3f6,e6d2bd24-6adb-467f-b7d1-71c597d4ba21,7d2803a4-967a-4b5b-aaa7-e76fea38ab03,550e8400-e29b-41d4-a716-446655440002,post,2026-04-17 17:11:33.099319+00,2026-04-17 17:49:41.05+00,2287,2026-04-17 17:11:33.099319+00
a7543cf4-9b08-46fd-8f2c-28422cc16ed9,77ef9127-21fa-4545-aa8c-4bbc70559f67,7d2803a4-967a-4b5b-aaa7-e76fea38ab03,550e8400-e29b-41d4-a716-446655440002,post,2026-04-17 17:50:21.284207+00,2026-04-17 18:08:44.025+00,1102,2026-04-17 17:50:21.284207+00
92ae7e57-70af-4ef3-b822-20480bb05d08,92ace83d-99bf-4a62-89ba-ad8e00345d9b,7d2803a4-967a-4b5b-aaa7-e76fea38ab03,550e8400-e29b-41d4-a716-446655440002,post,2026-04-17 18:00:09.749232+00,2026-04-17 18:14:33.352+00,863,2026-04-17 18:00:09.749232+00
752ab962-4904-46bc-8996-98fc9dc1b124,e1b504f8-45b4-4d7e-a088-4090bb6c89ee,7d2803a4-967a-4b5b-aaa7-e76fea38ab03,550e8400-e29b-41d4-a716-446655440002,post,2026-04-17 17:53:27.570648+00,2026-04-17 18:15:58.719+00,1351,2026-04-17 17:53:27.570648+00
6b05ae08-77b5-4ec2-aafd-da6c8959c304,7a99fae1-34ab-4698-bac7-209da24ae7cd,7d2803a4-967a-4b5b-aaa7-e76fea38ab03,550e8400-e29b-41d4-a716-446655440002,post,2026-04-17 18:42:14.10075+00,2026-04-17 18:51:11.311+00,537,2026-04-17 18:42:14.10075+00
a9c06f6c-b050-494c-95b1-90cce5c1b280,e52f1067-89c4-46ef-b6fb-62da194197a0,7d2803a4-967a-4b5b-aaa7-e76fea38ab03,550e8400-e29b-41d4-a716-446655440002,post,2026-04-17 18:45:11.466242+00,2026-04-17 19:05:01.4+00,1189,2026-04-17 18:45:11.466242+00
5822c14f-ffb2-4072-8cc3-20c728711246,436de47b-6218-4533-8946-ba1ca2965f6b,7d2803a4-967a-4b5b-aaa7-e76fea38ab03,550e8400-e29b-41d4-a716-446655440002,post,2026-04-17 18:52:41.343699+00,2026-04-17 19:09:26.822+00,1005,2026-04-17 18:52:41.343699+00
02bc7f63-7fe6-441c-b900-b50383cf2a4d,31a0250f-f92a-4feb-a49a-ec51308fc67d,7d2803a4-967a-4b5b-aaa7-e76fea38ab03,550e8400-e29b-41d4-a716-446655440002,post,2026-04-17 19:07:05.894903+00,2026-04-17 19:10:08.009+00,182,2026-04-17 19:07:05.894903+00
fdef6acf-86c7-4cfd-bf93-2658c7f31ea2,0dfbf126-a53d-45a3-a99d-d4320b021927,7d2803a4-967a-4b5b-aaa7-e76fea38ab03,550e8400-e29b-41d4-a716-446655440002,post,2026-04-17 19:05:09.219206+00,2026-04-17 19:16:56.93+00,707,2026-04-17 19:05:09.219206+00
ecb7ef15-db83-43ce-b5a4-dc7f5f419095,d99f87c6-263d-4886-8d20-c7b603d03df1,7d2803a4-967a-4b5b-aaa7-e76fea38ab03,550e8400-e29b-41d4-a716-446655440002,post,2026-04-17 19:08:00.6643+00,2026-04-17 19:22:49.412+00,888,2026-04-17 19:08:00.6643+00
3f5bf574-1dee-4fe7-af99-9468e50208c5,3e2903b3-c239-43e9-848a-9a5fbc3068d7,7d2803a4-967a-4b5b-aaa7-e76fea38ab03,550e8400-e29b-41d4-a716-446655440002,post,2026-04-17 19:09:28.051912+00,2026-04-17 19:23:47.37+00,859,2026-04-17 19:09:28.051912+00
d3f26ec4-c2f9-41c2-9a07-e2dafa9a90ad,cd998b25-d20a-45e5-b4dc-baa102375dfc,7d2803a4-967a-4b5b-aaa7-e76fea38ab03,550e8400-e29b-41d4-a716-446655440002,post,2026-04-17 19:07:24.060087+00,2026-04-17 19:29:08.584+00,1304,2026-04-17 19:07:24.060087+00
4a66bfd3-f828-453c-968f-86d2e596a2d3,51a78d96-5ba3-4b39-a6fe-ce71f6974fba,7d2803a4-967a-4b5b-aaa7-e76fea38ab03,550e8400-e29b-41d4-a716-446655440002,post,2026-04-17 19:16:06.174475+00,2026-04-17 19:29:59.754+00,833,2026-04-17 19:16:06.174475+00
012e90e5-1deb-43d0-bd70-a3c46079a58b,578a2f55-4962-44a2-a1d3-726d7c5986d5,7d2803a4-967a-4b5b-aaa7-e76fea38ab03,550e8400-e29b-41d4-a716-446655440002,post,2026-04-17 19:20:28.293411+00,2026-04-17 19:40:48.761+00,1220,2026-04-17 19:20:28.293411+00
da935dfe-7cbf-4a86-8c23-44bc6c975475,9dd32066-7a54-49ef-804d-dfbfe2acc6b5,7d2803a4-967a-4b5b-aaa7-e76fea38ab03,550e8400-e29b-41d4-a716-446655440002,post,2026-04-17 19:18:41.789522+00,2026-04-17 19:40:57.045+00,1335,2026-04-17 19:18:41.789522+00
6c900cb6-857a-41ac-805e-481b5d5b4e09,22394cb7-9e7a-4e62-8c92-3e012168b786,7d2803a4-967a-4b5b-aaa7-e76fea38ab03,550e8400-e29b-41d4-a716-446655440002,post,2026-04-17 19:26:04.956354+00,2026-04-17 19:46:01.901+00,1196,2026-04-17 19:26:04.956354+00
8aa2398f-a62d-4c2e-8144-81b43c36798c,a5976403-d5bc-4c75-b49b-36d67b493e71,7d2803a4-967a-4b5b-aaa7-e76fea38ab03,550e8400-e29b-41d4-a716-446655440002,post,2026-04-17 19:29:05.742842+00,2026-04-17 19:46:25.861+00,1040,2026-04-17 19:29:05.742842+00
a2baf2cc-f171-405d-aef0-49fa62d9e287,ad69a71e-21d1-4e1d-b307-b7b6b17eef53,7d2803a4-967a-4b5b-aaa7-e76fea38ab03,550e8400-e29b-41d4-a716-446655440002,post,2026-04-17 19:33:18.364273+00,2026-04-17 19:52:19.856+00,1141,2026-04-17 19:33:18.364273+00
18b12ea1-0cb3-43d1-9dbe-7b83ebb90998,3c3b26e6-7be9-40dc-9f15-f8b1a643ae39,7d2803a4-967a-4b5b-aaa7-e76fea38ab03,550e8400-e29b-41d4-a716-446655440002,post,2026-04-17 19:43:25.754409+00,2026-04-17 19:52:27.376+00,541,2026-04-17 19:43:25.754409+00
8480b4c7-7da3-458e-8051-f5178e2c6a8f,c6cc8e85-0b7c-4c9b-936f-63378be7525f,7d2803a4-967a-4b5b-aaa7-e76fea38ab03,550e8400-e29b-41d4-a716-446655440002,post,2026-04-17 19:52:36.977213+00,2026-04-17 20:09:40.319+00,1023,2026-04-17 19:52:36.977213+00
e661974d-13f7-4aee-a18b-1059a66999e3,39f85a15-e8f1-46c2-b3e8-c6dc70b8ce47,7d2803a4-967a-4b5b-aaa7-e76fea38ab03,550e8400-e29b-41d4-a716-446655440002,post,2026-04-17 19:51:32.980877+00,2026-04-17 20:10:11.836+00,1118,2026-04-17 19:51:32.980877+00
6a744673-f8b9-4ddf-b558-238d7da13efc,5a6e3fff-312b-4e03-9c0d-4adf0363b120,7d2803a4-967a-4b5b-aaa7-e76fea38ab03,550e8400-e29b-41d4-a716-446655440002,post,2026-04-17 19:47:41.433117+00,2026-04-17 20:10:26.525+00,1365,2026-04-17 19:47:41.433117+00
ce69f2cd-6975-4879-aea4-93f31ee063df,25de4f6d-b4f6-4eda-a041-c728bf05d2ac,7d2803a4-967a-4b5b-aaa7-e76fea38ab03,550e8400-e29b-41d4-a716-446655440002,post,2026-04-17 19:50:14.847852+00,2026-04-17 20:14:29.738+00,1454,2026-04-17 19:50:14.847852+00
e0b6f91d-1684-4301-a185-deb587f62cd5,fe748bc5-5309-4b97-a3e5-34db070e9f6c,7d2803a4-967a-4b5b-aaa7-e76fea38ab03,550e8400-e29b-41d4-a716-446655440002,post,2026-04-17 20:26:14.300063+00,2026-04-17 20:29:17.832+00,183,2026-04-17 20:26:14.300063+00
0fd74629-81b4-4ed1-8e70-c845d1102a2b,d75bd952-825f-49dd-b9cf-e4151930a059,7d2803a4-967a-4b5b-aaa7-e76fea38ab03,550e8400-e29b-41d4-a716-446655440002,post,2026-04-17 20:23:36.033241+00,2026-04-17 20:42:31.75+00,1135,2026-04-17 20:23:36.033241+00
329cdc90-6641-4e1c-8a5f-8e4fec07be99,ee68e73a-40a6-457b-a27d-9aaeb7078036,7d2803a4-967a-4b5b-aaa7-e76fea38ab03,550e8400-e29b-41d4-a716-446655440002,post,2026-04-17 20:24:16.546226+00,2026-04-17 21:43:35.162+00,4758,2026-04-17 20:24:16.546226+00
ac58c2e7-0390-4a43-9f19-13bdbec83f64,3dcd0573-65c6-4aa8-831e-a7148df8b341,7d2803a4-967a-4b5b-aaa7-e76fea38ab03,550e8400-e29b-41d4-a716-446655440002,post,2026-04-17 21:18:11.18785+00,2026-04-17 21:48:28.812+00,1817,2026-04-17 21:18:11.18785+00
771ec4ec-e828-48ec-abc6-cf7540de2419,09b0c494-220d-4242-b4f6-68e33437e99f,7d2803a4-967a-4b5b-aaa7-e76fea38ab03,550e8400-e29b-41d4-a716-446655440002,post,2026-04-13 18:26:58.022031+00,2026-04-17 22:40:20.556+00,360802,2026-04-13 18:26:58.022031+00
08c73c63-856d-4c49-99bc-b60686a69c21,d1f2340c-fb3a-41d5-8918-585ae1429be6,7d2803a4-967a-4b5b-aaa7-e76fea38ab03,550e8400-e29b-41d4-a716-446655440002,post,2026-04-17 22:21:25.193961+00,2026-04-17 22:43:42.082+00,1336,2026-04-17 22:21:25.193961+00
c4874ab8-6127-49f1-95f6-6dbd1b3934e5,72a15e95-887e-4bc6-aa20-3209e1a6279c,7d2803a4-967a-4b5b-aaa7-e76fea38ab03,550e8400-e29b-41d4-a716-446655440002,post,2026-04-17 22:49:39.408618+00,2026-04-17 23:01:19.642+00,700,2026-04-17 22:49:39.408618+00
95f0c329-09be-4021-ba06-834290f018b2,a0b1e727-7b99-43f4-9f5a-d321dce0b186,7d2803a4-967a-4b5b-aaa7-e76fea38ab03,550e8400-e29b-41d4-a716-446655440002,post,2026-04-17 22:41:38.34702+00,2026-04-17 23:01:20.805+00,1182,2026-04-17 22:41:38.34702+00
f89301db-d8e9-427d-8b8b-9f6c850d7f6e,c557daab-cee0-46db-88ba-e6598a6461da,7d2803a4-967a-4b5b-aaa7-e76fea38ab03,550e8400-e29b-41d4-a716-446655440002,post,2026-04-18 00:13:12.002806+00,2026-04-18 00:30:19.007+00,1026,2026-04-18 00:13:12.002806+00
16cf2bd0-f614-4912-81fd-86b09c9b3a56,e198d1d9-50b1-4c62-b249-0c4e7889b67b,7d2803a4-967a-4b5b-aaa7-e76fea38ab03,550e8400-e29b-41d4-a716-446655440002,post,2026-04-18 00:38:48.920977+00,2026-04-18 00:52:37.354+00,828,2026-04-18 00:38:48.920977+00
3e1851d1-7430-48dc-8c64-df037f0c202b,c706e072-a452-4f52-8335-c6580b7de595,7d2803a4-967a-4b5b-aaa7-e76fea38ab03,550e8400-e29b-41d4-a716-446655440002,post,2026-04-18 00:22:24.897032+00,2026-04-18 00:56:33.824+00,2048,2026-04-18 00:22:24.897032+00
c1207623-337d-406c-897c-c6c2586b30d2,b1d99bce-35fd-4138-ac1a-974c9caec4d0,7d2803a4-967a-4b5b-aaa7-e76fea38ab03,550e8400-e29b-41d4-a716-446655440002,post,2026-04-18 01:04:56.67715+00,2026-04-18 01:22:36.619+00,1059,2026-04-18 01:04:56.67715+00
c0b60ef9-5fe5-4d40-848a-dade33be357d,c3cdb2df-03fd-4fa4-9043-0d4b7e4af40e,7d2803a4-967a-4b5b-aaa7-e76fea38ab03,550e8400-e29b-41d4-a716-446655440002,post,2026-04-18 01:12:47.94682+00,2026-04-18 01:48:07.05+00,2119,2026-04-18 01:12:47.94682+00
47566f9d-dce9-4216-9a0d-22770abd9962,c30655f0-d4b7-4565-b9d3-6015f8b17e72,7d2803a4-967a-4b5b-aaa7-e76fea38ab03,550e8400-e29b-41d4-a716-446655440002,post,2026-04-16 18:34:52.458398+00,2026-04-18 02:05:22.902+00,113430,2026-04-16 18:34:52.458398+00
070fa156-f90b-47aa-9d79-4d160307fa52,81c890f9-f7e7-4a96-a5f0-9e7e6448ff34,7d2803a4-967a-4b5b-aaa7-e76fea38ab03,550e8400-e29b-41d4-a716-446655440002,post,2026-04-18 01:59:20.719996+00,2026-04-18 02:16:57.965+00,1057,2026-04-18 01:59:20.719996+00
34d943b2-af40-4d04-b1a3-98d1bbfb3ce8,462578fc-6412-4bd3-8526-62967d2f73af,7d2803a4-967a-4b5b-aaa7-e76fea38ab03,550e8400-e29b-41d4-a716-446655440002,post,2026-04-18 02:06:09.934877+00,2026-04-18 02:29:11.961+00,1382,2026-04-18 02:06:09.934877+00
1f1bd1ac-cb64-45fa-bb33-63aaaa87e0ef,67cbc35c-63d4-4d8a-ad2c-bc0cb0e74657,7d2803a4-967a-4b5b-aaa7-e76fea38ab03,550e8400-e29b-41d4-a716-446655440002,post,2026-04-17 01:24:19.276999+00,2026-04-18 03:11:32.989+00,92833,2026-04-17 01:24:19.276999+00
e92ece34-2ae0-4b80-bf51-873d0a705052,2200d4e1-29c5-43d8-8504-4c77535e9cdc,7d2803a4-967a-4b5b-aaa7-e76fea38ab03,550e8400-e29b-41d4-a716-446655440002,post,2026-04-18 02:48:34.150757+00,2026-04-18 03:15:04.831+00,1590,2026-04-18 02:48:34.150757+00
1c4b069b-bb0b-4d02-9531-4ad56551058c,4a5f9226-e48f-416b-b41c-a87ba5c42330,7d2803a4-967a-4b5b-aaa7-e76fea38ab03,550e8400-e29b-41d4-a716-446655440002,post,2026-04-18 02:56:46.076871+00,2026-04-18 03:19:15.173+00,1349,2026-04-18 02:56:46.076871+00
f7ce2575-c320-4d84-9222-59db11b31ee4,d4a154f7-dd6c-43f4-a417-ade1b943340a,7d2803a4-967a-4b5b-aaa7-e76fea38ab03,550e8400-e29b-41d4-a716-446655440002,post,2026-04-14 03:36:33.716838+00,2026-04-18 03:26:28.389+00,344994,2026-04-14 03:36:33.716838+00
b96a16b9-d322-401d-8482-82c80b1a8961,b10dfde6-072e-4e9e-a9e8-9e825988e1b9,7d2803a4-967a-4b5b-aaa7-e76fea38ab03,550e8400-e29b-41d4-a716-446655440002,post,2026-04-18 03:17:36.239835+00,2026-04-18 03:38:43.091+00,1266,2026-04-18 03:17:36.239835+00
ab7fbf17-44a0-47c6-a6e0-8326501cbc15,d01c173b-f1d8-400c-8615-7be949197a3a,7d2803a4-967a-4b5b-aaa7-e76fea38ab03,550e8400-e29b-41d4-a716-446655440002,post,2026-04-18 03:21:39.858548+00,2026-04-18 03:44:08.803+00,1348,2026-04-18 03:21:39.858548+00
b0636f51-0b4e-4564-b858-557b1fe1f28d,9ed8ca0d-47e1-4181-ae91-64c44b6700ef,7d2803a4-967a-4b5b-aaa7-e76fea38ab03,550e8400-e29b-41d4-a716-446655440002,post,2026-04-17 22:43:54.048114+00,2026-04-18 03:46:06.33+00,18132,2026-04-17 22:43:54.048114+00
ee30f9f1-ea46-4728-9ff0-12c5b574b075,ad83b30b-eda7-478d-8583-b004093bc033,7d2803a4-967a-4b5b-aaa7-e76fea38ab03,550e8400-e29b-41d4-a716-446655440002,post,2026-04-18 04:14:54.152265+00,2026-04-18 04:41:40.956+00,1606,2026-04-18 04:14:54.152265+00
39aff85f-950f-4d83-aed4-fc90e2bd270f,ffb4a42a-b785-4f84-8d08-f7dd1682ceb0,7d2803a4-967a-4b5b-aaa7-e76fea38ab03,550e8400-e29b-41d4-a716-446655440002,post,2026-04-18 04:30:18.016413+00,2026-04-18 04:46:58.8+00,1000,2026-04-18 04:30:18.016413+00
dacda282-8bbf-435e-8452-db379d8b4742,f0193bac-718f-48b5-bfd4-24ffd1b9814a,7d2803a4-967a-4b5b-aaa7-e76fea38ab03,550e8400-e29b-41d4-a716-446655440002,post,2026-04-18 04:33:47.711215+00,2026-04-18 04:53:41.75+00,1194,2026-04-18 04:33:47.711215+00
695a811b-5cd3-4890-a0cc-8ffbe0732aa9,3d34bb1e-8033-4022-97f5-85dfd2ee2d6c,7d2803a4-967a-4b5b-aaa7-e76fea38ab03,550e8400-e29b-41d4-a716-446655440002,post,2026-04-18 04:21:26.244484+00,2026-04-18 05:05:54.538+00,2668,2026-04-18 04:21:26.244484+00
543954b5-c2f9-4c1c-b6da-bba97139f87e,d9beb19a-8221-4a51-9f5b-e3e8d8b651d8,7d2803a4-967a-4b5b-aaa7-e76fea38ab03,550e8400-e29b-41d4-a716-446655440002,post,2026-04-17 22:33:15.467965+00,2026-04-18 05:37:29.073+00,25453,2026-04-17 22:33:15.467965+00
82381026-7129-4324-a44a-25ec4b19ce61,89a42f53-1b0a-45ca-88ea-65902b88497b,7d2803a4-967a-4b5b-aaa7-e76fea38ab03,550e8400-e29b-41d4-a716-446655440002,post,2026-04-18 05:50:09.518839+00,2026-04-18 05:59:55.527+00,585,2026-04-18 05:50:09.518839+00
04ccfa1a-9655-4a77-bd44-024fbf4d510f,e62d1bcf-64bc-4950-b4f2-d89e9f301418,7d2803a4-967a-4b5b-aaa7-e76fea38ab03,550e8400-e29b-41d4-a716-446655440002,post,2026-04-17 14:44:07.584952+00,2026-04-18 06:35:05.707+00,57058,2026-04-17 14:44:07.584952+00
18936b2d-e77c-41d7-8ae3-62beb52e1db5,7e4427fd-de59-42d6-a4fc-964b1ce9d1ec,7d2803a4-967a-4b5b-aaa7-e76fea38ab03,550e8400-e29b-41d4-a716-446655440002,post,2026-04-18 06:12:23.071221+00,2026-04-18 06:36:02.93+00,1419,2026-04-18 06:12:23.071221+00
951c2994-1e43-4169-b5cb-70c9b9fcc679,0a56cf12-1228-46e6-ae39-85cfe4d85b2a,7d2803a4-967a-4b5b-aaa7-e76fea38ab03,550e8400-e29b-41d4-a716-446655440002,post,2026-04-18 09:11:04.066561+00,2026-04-18 09:58:23.164+00,2839,2026-04-18 09:11:04.066561+00
2647c7da-82c2-4ba1-9e2e-02cadbde5dbb,f49e3d55-f798-4290-9878-37f35896b684,7d2803a4-967a-4b5b-aaa7-e76fea38ab03,550e8400-e29b-41d4-a716-446655440002,post,2026-04-18 13:38:48.842533+00,2026-04-18 14:32:39.569+00,3230,2026-04-18 13:38:48.842533+00
b1494c6e-96c6-4244-b08c-301a77602839,a51dee54-47e9-4e57-951e-060b6a26d845,7d2803a4-967a-4b5b-aaa7-e76fea38ab03,550e8400-e29b-41d4-a716-446655440002,post,2026-04-15 05:47:14.910909+00,2026-04-18 15:27:53.806+00,294038,2026-04-15 05:47:14.910909+00
ec1ada53-d17d-4db2-81cf-c67eeb818094,2e90c419-b94b-4b0d-ba3f-288382840b2d,7d2803a4-967a-4b5b-aaa7-e76fea38ab03,550e8400-e29b-41d4-a716-446655440002,post,2026-04-18 15:26:16.099478+00,2026-04-18 15:42:52.522+00,996,2026-04-18 15:26:16.099478+00
b29bc6e2-5f0c-4e62-a06c-6c25236c645c,d9fc12a2-5bb6-4a3f-a9e9-67f9bdfd797c,7d2803a4-967a-4b5b-aaa7-e76fea38ab03,550e8400-e29b-41d4-a716-446655440002,post,2026-04-18 15:13:56.429985+00,2026-04-18 16:03:26.371+00,2969,2026-04-18 15:13:56.429985+00
6a86a982-2eca-424d-8962-4d7f4fdeb375,0aae16af-40a2-4a08-8469-2b8d8140f66d,7d2803a4-967a-4b5b-aaa7-e76fea38ab03,550e8400-e29b-41d4-a716-446655440002,post,2026-04-18 16:31:42.49485+00,2026-04-18 16:56:33.203+00,1490,2026-04-18 16:31:42.49485+00
c2ca216e-7640-4b98-91a9-5be7d7b879cd,b13eb18c-ff03-4cfe-982f-2e86d3134d1c,7d2803a4-967a-4b5b-aaa7-e76fea38ab03,550e8400-e29b-41d4-a716-446655440002,post,2026-04-18 16:34:26.394869+00,2026-04-18 16:57:47.977+00,1401,2026-04-18 16:34:26.394869+00
f10a6a44-b5eb-45a7-8515-012425f2514c,193c3671-fad6-4f47-be6b-11b210d97ed2,7d2803a4-967a-4b5b-aaa7-e76fea38ab03,550e8400-e29b-41d4-a716-446655440002,post,2026-04-18 16:44:38.696784+00,2026-04-18 17:06:07.629+00,1288,2026-04-18 16:44:38.696784+00
5d45a98e-fe15-4c8d-8d3c-eabec2a1fce6,5b3765b2-f5d8-4d7c-9b5a-cc443b342553,7d2803a4-967a-4b5b-aaa7-e76fea38ab03,550e8400-e29b-41d4-a716-446655440002,post,2026-04-18 16:43:28.805233+00,2026-04-18 17:07:59.066+00,1470,2026-04-18 16:43:28.805233+00
e11daaf4-72a9-448a-a9ad-2e66c43033b5,520dfbb8-810b-4c2d-a0a6-1ad8cd8d7d62,7d2803a4-967a-4b5b-aaa7-e76fea38ab03,550e8400-e29b-41d4-a716-446655440002,post,2026-04-17 03:12:53.717495+00,2026-04-18 17:09:26.714+00,136592,2026-04-17 03:12:53.717495+00
9d0e09b4-ebae-452e-8fdc-ffe7b090c628,8c5864e4-242f-4805-8719-15ca3fb438a3,7d2803a4-967a-4b5b-aaa7-e76fea38ab03,550e8400-e29b-41d4-a716-446655440002,post,2026-04-18 16:30:16.636833+00,2026-04-18 18:06:13.665+00,5757,2026-04-18 16:30:16.636833+00
bdd3b46e-2884-469e-8725-d7210557cfb7,57511c7e-53f4-4d53-bb76-259c53b882fc,7d2803a4-967a-4b5b-aaa7-e76fea38ab03,550e8400-e29b-41d4-a716-446655440002,post,2026-04-17 14:46:58.694712+00,2026-04-18 18:56:59.237+00,101400,2026-04-17 14:46:58.694712+00
7803f101-e1db-4d43-ba5a-4ad42135197e,0922fc79-765b-4ee5-b961-b4e32e39c5de,7d2803a4-967a-4b5b-aaa7-e76fea38ab03,550e8400-e29b-41d4-a716-446655440002,post,2026-04-18 18:44:05.489451+00,2026-04-18 19:03:07.359+00,1141,2026-04-18 18:44:05.489451+00
b2786bbf-e21a-49c8-ba06-6419a6ae6c03,36e3a24d-0da0-4219-a248-5943f02d3657,7d2803a4-967a-4b5b-aaa7-e76fea38ab03,550e8400-e29b-41d4-a716-446655440002,post,2026-04-18 17:56:16.472178+00,2026-04-18 19:06:06.219+00,4189,2026-04-18 17:56:16.472178+00
6f24b0bf-1005-42d7-b146-b7358ccab43a,0194ccbb-e1b1-4c13-bcde-5ca2122e440d,7d2803a4-967a-4b5b-aaa7-e76fea38ab03,550e8400-e29b-41d4-a716-446655440002,post,2026-04-18 18:44:06.780807+00,2026-04-18 19:16:27.166+00,1940,2026-04-18 18:44:06.780807+00
424231ad-4ae2-4d0d-af24-4af38073773c,8dcd5995-a36c-4064-95c5-cd1b6a4fa05b,7d2803a4-967a-4b5b-aaa7-e76fea38ab03,550e8400-e29b-41d4-a716-446655440002,post,2026-04-18 16:27:19.235863+00,2026-04-18 19:16:27.543+00,10148,2026-04-18 16:27:19.235863+00
1639fb1c-f458-461a-85ec-f2975f187130,62a9753b-a56f-4358-8df1-693d6bd38bbb,7d2803a4-967a-4b5b-aaa7-e76fea38ab03,550e8400-e29b-41d4-a716-446655440002,post,2026-04-18 19:20:47.974605+00,2026-04-18 19:33:16.362+00,748,2026-04-18 19:20:47.974605+00
73ed9738-3615-4822-b3bf-bb0fc32a35b0,f4fcf75f-7f76-4bd3-82a2-8aae1d6a6e2f,7d2803a4-967a-4b5b-aaa7-e76fea38ab03,550e8400-e29b-41d4-a716-446655440002,post,2026-04-18 19:13:24.170367+00,2026-04-18 19:50:43.476+00,2239,2026-04-18 19:13:24.170367+00
fe784e96-f6f5-41d9-91ee-3f7cffbb430a,69cf6ee5-903d-453b-bf76-2227499f7fb4,7d2803a4-967a-4b5b-aaa7-e76fea38ab03,550e8400-e29b-41d4-a716-446655440002,post,2026-04-18 19:47:22.956853+00,2026-04-18 20:05:45.97+00,1103,2026-04-18 19:47:22.956853+00
3bde3269-b9bc-43c3-b287-8e562c295a79,16e258fb-5dd7-4314-9cec-38df12efc1f5,7d2803a4-967a-4b5b-aaa7-e76fea38ab03,550e8400-e29b-41d4-a716-446655440002,post,2026-04-18 19:43:00.270846+00,2026-04-18 20:09:13.451+00,1573,2026-04-18 19:43:00.270846+00
9aa426ff-9d52-4a45-afe5-77a4c16cc1ed,acd8c8f8-6ced-4eab-8240-58ca34f68dfc,7d2803a4-967a-4b5b-aaa7-e76fea38ab03,550e8400-e29b-41d4-a716-446655440002,post,2026-04-18 19:56:51.651314+00,2026-04-18 20:15:48.76+00,1137,2026-04-18 19:56:51.651314+00
7ab888b9-de27-491f-bf73-b05988a68e19,35e98921-5899-411e-aae7-bb8b18b442d0,7d2803a4-967a-4b5b-aaa7-e76fea38ab03,550e8400-e29b-41d4-a716-446655440002,post,2026-04-18 16:30:56.8992+00,2026-04-18 20:16:49.268+00,13552,2026-04-18 16:30:56.8992+00
365dc038-a5fc-4390-8530-80357d550ee8,199340b4-0374-46d6-b377-2e38bfb300c7,7d2803a4-967a-4b5b-aaa7-e76fea38ab03,550e8400-e29b-41d4-a716-446655440002,post,2026-04-18 19:32:05.451862+00,2026-04-18 21:01:30.465+00,5365,2026-04-18 19:32:05.451862+00
b30c6192-5884-4c44-bf04-00546f640617,cc6bcb41-6e6b-4a30-9a59-bb4ebb2fbd6f,7d2803a4-967a-4b5b-aaa7-e76fea38ab03,550e8400-e29b-41d4-a716-446655440002,post,2026-04-18 20:36:44.607268+00,2026-04-18 21:01:57.401+00,1512,2026-04-18 20:36:44.607268+00
e96d93a8-3495-4a65-b029-d80f77f886d2,3f67d528-451b-4afb-a603-3539fbb2ef01,7d2803a4-967a-4b5b-aaa7-e76fea38ab03,550e8400-e29b-41d4-a716-446655440002,post,2026-04-18 20:47:42.938191+00,2026-04-18 21:04:56.019+00,1033,2026-04-18 20:47:42.938191+00
1ecf0993-9d4c-469f-9df8-3935645cab95,0f39cf0a-cb3f-4210-b665-11a16b2f1398,7d2803a4-967a-4b5b-aaa7-e76fea38ab03,550e8400-e29b-41d4-a716-446655440002,post,2026-04-18 20:07:22.791449+00,2026-04-18 21:16:50.714+00,4167,2026-04-18 20:07:22.791449+00
6fa72de6-be1d-4bb9-8427-e6d832ba60eb,ccba84fc-d40d-43d7-b1d9-9d4c895597a5,7d2803a4-967a-4b5b-aaa7-e76fea38ab03,550e8400-e29b-41d4-a716-446655440002,post,2026-04-18 21:33:30.554572+00,2026-04-18 21:36:27.623+00,177,2026-04-18 21:33:30.554572+00
81c136b0-2079-4451-960f-9150183a7e2e,4adee80e-4f35-4af0-b8ec-acc5b695f3c1,7d2803a4-967a-4b5b-aaa7-e76fea38ab03,550e8400-e29b-41d4-a716-446655440002,post,2026-04-18 21:33:28.482039+00,2026-04-18 21:38:56.867+00,328,2026-04-18 21:33:28.482039+00
9ed53c4b-2be4-462f-9bb9-e9a509dfd911,f500a628-b7d5-4677-a6cf-ac9ffa027535,7d2803a4-967a-4b5b-aaa7-e76fea38ab03,550e8400-e29b-41d4-a716-446655440002,post,2026-04-18 21:31:15.090257+00,2026-04-18 21:47:23.687+00,968,2026-04-18 21:31:15.090257+00
7f7cea9e-ade0-41ae-9c60-44516c8b5d25,5166cba8-7907-40d9-b7d4-649d2f7fc1db,7d2803a4-967a-4b5b-aaa7-e76fea38ab03,550e8400-e29b-41d4-a716-446655440002,post,2026-04-17 22:36:03.83647+00,2026-04-18 21:48:07.157+00,83523,2026-04-17 22:36:03.83647+00
5103f72b-9b86-480c-a6ad-3617d1be3e67,86c3ea20-2118-402e-922f-2a0ca3eb8328,7d2803a4-967a-4b5b-aaa7-e76fea38ab03,550e8400-e29b-41d4-a716-446655440002,post,2026-04-18 21:35:52.83082+00,2026-04-18 21:55:59.865+00,1207,2026-04-18 21:35:52.83082+00
ce3b852a-5a6e-45c6-a3c6-3c8fd3aca469,1c1a29fc-6c83-4242-8abc-81cd053eee24,7d2803a4-967a-4b5b-aaa7-e76fea38ab03,550e8400-e29b-41d4-a716-446655440002,post,2026-04-17 22:45:31.584093+00,2026-04-18 21:56:13.067+00,83441,2026-04-17 22:45:31.584093+00
d95e7889-3add-49b0-aac8-80fc0748672f,d75afc00-d444-49a4-aaed-296765179454,7d2803a4-967a-4b5b-aaa7-e76fea38ab03,550e8400-e29b-41d4-a716-446655440002,post,2026-04-18 21:47:43.409123+00,2026-04-18 21:56:50.119+00,546,2026-04-18 21:47:43.409123+00
33077bc2-4b1f-4d71-a385-284920b11ca7,da53b92e-3a31-494e-a224-138acf04e9c7,7d2803a4-967a-4b5b-aaa7-e76fea38ab03,550e8400-e29b-41d4-a716-446655440002,post,2026-04-17 19:14:55.762399+00,2026-04-18 21:58:22.705+00,96206,2026-04-17 19:14:55.762399+00
3d6d3ce2-2fde-417f-ad5b-0b28eaf215a9,2d9332af-a57d-456b-9875-8535479e38ec,7d2803a4-967a-4b5b-aaa7-e76fea38ab03,550e8400-e29b-41d4-a716-446655440002,post,2026-04-18 21:39:42.947186+00,2026-04-18 22:01:58.929+00,1335,2026-04-18 21:39:42.947186+00
56806082-0521-44b7-bc71-f983341ca446,761f3dc2-2f00-44e9-b941-8fac8f6b5d41,7d2803a4-967a-4b5b-aaa7-e76fea38ab03,550e8400-e29b-41d4-a716-446655440002,post,2026-04-18 21:58:20.295987+00,2026-04-18 22:03:52.645+00,332,2026-04-18 21:58:20.295987+00
22270c17-35cd-4d78-b08c-d38c9917d145,cabed7bf-cca4-4707-9363-dcf32f8e8c72,7d2803a4-967a-4b5b-aaa7-e76fea38ab03,550e8400-e29b-41d4-a716-446655440002,post,2026-04-15 16:35:41.452762+00,2026-04-18 22:06:31.912+00,279050,2026-04-15 16:35:41.452762+00
cc0b650b-9976-42b5-b957-c5d1124b71d1,e7003d9b-d7c7-4a21-8ebc-913306d2b952,7d2803a4-967a-4b5b-aaa7-e76fea38ab03,550e8400-e29b-41d4-a716-446655440002,post,2026-04-18 21:52:25.891733+00,2026-04-18 22:07:50.817+00,924,2026-04-18 21:52:25.891733+00
b87436ca-992c-498d-973c-ba929197062d,2cdf333d-6752-4f52-8b72-74ac3fd9cae0,7d2803a4-967a-4b5b-aaa7-e76fea38ab03,550e8400-e29b-41d4-a716-446655440002,post,2026-04-18 20:56:30.180563+00,2026-04-18 22:12:32.522+00,4562,2026-04-18 20:56:30.180563+00
ae5b2090-4620-428f-9689-220da4842036,13d08425-1a83-40e1-9fd2-67210f7c521f,7d2803a4-967a-4b5b-aaa7-e76fea38ab03,550e8400-e29b-41d4-a716-446655440002,post,2026-04-17 20:01:34.827688+00,2026-04-18 22:16:24.432+00,94489,2026-04-17 20:01:34.827688+00
e26e8375-de95-4825-b0e6-75c5a000e0b1,8305868b-c711-4016-b4c4-6940d266095b,7d2803a4-967a-4b5b-aaa7-e76fea38ab03,550e8400-e29b-41d4-a716-446655440002,post,2026-04-18 21:43:33.35237+00,2026-04-18 22:18:26.758+00,2093,2026-04-18 21:43:33.35237+00
8ec7126d-cdc7-4712-b504-fde706950e8a,28f23778-5452-4ae9-a7b1-1425c21055fb,7d2803a4-967a-4b5b-aaa7-e76fea38ab03,550e8400-e29b-41d4-a716-446655440002,post,2026-04-18 21:53:25.248372+00,2026-04-18 22:20:07.707+00,1602,2026-04-18 21:53:25.248372+00
e7035a78-3ea4-4120-94a2-3e9fb0fadb0a,02f803ea-4eac-4a57-8bc6-8397c7b23f77,7d2803a4-967a-4b5b-aaa7-e76fea38ab03,550e8400-e29b-41d4-a716-446655440002,post,2026-04-18 22:09:45.077633+00,2026-04-18 22:25:17.619+00,932,2026-04-18 22:09:45.077633+00
cad138ea-f41d-4300-8617-596c9ad2c98c,720cf50e-c5fa-4a86-bfa0-f1a6f5681b99,7d2803a4-967a-4b5b-aaa7-e76fea38ab03,550e8400-e29b-41d4-a716-446655440002,post,2026-04-18 22:13:15.128207+00,2026-04-18 22:25:37.37+00,742,2026-04-18 22:13:15.128207+00
e95a057c-8c73-4694-92a0-75416caf63ba,8c009dc5-6c29-4f72-bd1d-23986b896fb6,7d2803a4-967a-4b5b-aaa7-e76fea38ab03,550e8400-e29b-41d4-a716-446655440002,post,2026-04-18 21:59:50.353558+00,2026-04-18 22:26:12.86+00,1582,2026-04-18 21:59:50.353558+00
9441ae77-b2df-404f-9873-b473f60dadc8,55b2b945-79ad-45cc-a838-7f97ec108810,7d2803a4-967a-4b5b-aaa7-e76fea38ab03,550e8400-e29b-41d4-a716-446655440002,post,2026-04-18 21:35:44.926606+00,2026-04-18 22:32:06.279+00,3381,2026-04-18 21:35:44.926606+00
285fe932-f129-40ba-a958-09615831f4a8,e17427d3-cf2f-4d62-8e93-b8ce8da134da,7d2803a4-967a-4b5b-aaa7-e76fea38ab03,550e8400-e29b-41d4-a716-446655440002,post,2026-04-18 22:20:07.582848+00,2026-04-18 22:34:23.271+00,855,2026-04-18 22:20:07.582848+00
ae1cbca4-7c7e-4e9a-ace9-c95523a04f1f,168b2aba-82f2-4363-98aa-45d67ffa0d38,7d2803a4-967a-4b5b-aaa7-e76fea38ab03,550e8400-e29b-41d4-a716-446655440002,post,2026-04-18 21:49:04.4878+00,2026-04-18 22:35:13.943+00,2769,2026-04-18 21:49:04.4878+00
fbe67fbf-29ae-4974-8934-18554835b4e7,b846ebdb-23fa-410f-ac92-431d54040aaa,7d2803a4-967a-4b5b-aaa7-e76fea38ab03,550e8400-e29b-41d4-a716-446655440002,post,2026-04-14 00:31:40.566179+00,2026-04-18 22:45:38.78+00,425638,2026-04-14 00:31:40.566179+00
4a9490a2-db87-498f-8a10-07d3b2b490b1,5a4d4bdb-d39d-4279-8468-1eee5443fbac,7d2803a4-967a-4b5b-aaa7-e76fea38ab03,550e8400-e29b-41d4-a716-446655440002,post,2026-04-17 19:29:21.379187+00,2026-04-18 22:45:54.042+00,98192,2026-04-17 19:29:21.379187+00
da43233d-02ff-454f-a790-898c6f69a0f9,f9ffadd4-dc2f-4af0-b387-c285c52435fa,7d2803a4-967a-4b5b-aaa7-e76fea38ab03,550e8400-e29b-41d4-a716-446655440002,post,2026-04-18 22:22:20.617412+00,2026-04-18 22:47:47.108+00,1526,2026-04-18 22:22:20.617412+00
19aefd72-6cc5-4255-b3cd-e0a43a9deb28,c96c5ba9-5932-46f6-9e84-e9612e30f89c,7d2803a4-967a-4b5b-aaa7-e76fea38ab03,550e8400-e29b-41d4-a716-446655440002,post,2026-04-18 22:26:19.621595+00,2026-04-18 22:50:53.11+00,1473,2026-04-18 22:26:19.621595+00
66dd1a90-4ed4-4802-918c-86a4f31a4327,f90ae637-da15-416e-97be-5e06c9b24657,7d2803a4-967a-4b5b-aaa7-e76fea38ab03,550e8400-e29b-41d4-a716-446655440002,post,2026-04-18 22:40:05.75114+00,2026-04-18 22:56:29.202+00,983,2026-04-18 22:40:05.75114+00
c4b59a89-65f1-4127-88cc-b1b7793a994e,988db47f-5416-4859-8a9f-6ae5a36f3b4d,7d2803a4-967a-4b5b-aaa7-e76fea38ab03,550e8400-e29b-41d4-a716-446655440002,post,2026-04-18 22:52:52.062954+00,2026-04-18 23:15:35.634+00,1363,2026-04-18 22:52:52.062954+00
9d4a5369-1d30-4f56-a868-4b091330a5da,e7495315-0050-4953-b43f-b213671bf4f5,7d2803a4-967a-4b5b-aaa7-e76fea38ab03,550e8400-e29b-41d4-a716-446655440002,post,2026-04-18 22:53:10.28803+00,2026-04-18 23:18:15.943+00,1505,2026-04-18 22:53:10.28803+00
4eed196c-3361-4fd4-9e11-2b5130c1568f,fb951fcf-3e85-4dfe-aab2-34b3bde3ceea,7d2803a4-967a-4b5b-aaa7-e76fea38ab03,550e8400-e29b-41d4-a716-446655440002,post,2026-04-13 16:30:43.657366+00,2026-04-18 23:29:27.219+00,457123,2026-04-13 16:30:43.657366+00
6540ddde-a8c7-4017-8fb7-548ca5d63a93,6d2a5330-dedb-4a11-b53d-ead6574b56c4,7d2803a4-967a-4b5b-aaa7-e76fea38ab03,550e8400-e29b-41d4-a716-446655440002,post,2026-04-18 23:08:56.310978+00,2026-04-18 23:31:08.994+00,1332,2026-04-18 23:08:56.310978+00
27989801-53ab-4965-ade8-6f38f0157531,c2b61bad-de60-408c-8c6e-d85887a7e415,7d2803a4-967a-4b5b-aaa7-e76fea38ab03,550e8400-e29b-41d4-a716-446655440002,post,2026-04-18 22:39:38.202324+00,2026-04-18 23:43:56.65+00,3858,2026-04-18 22:39:38.202324+00
3ca62696-3c22-49f8-9600-4e9d291721c9,acc5a7ca-4ac4-47b4-a9d4-1e565130c755,7d2803a4-967a-4b5b-aaa7-e76fea38ab03,550e8400-e29b-41d4-a716-446655440002,post,2026-04-18 21:54:45.553892+00,2026-04-19 00:14:58.082+00,8412,2026-04-18 21:54:45.553892+00
8c0e0f95-4d74-41d3-8122-88f3ad3a1c81,d93426b9-071d-4d2e-9464-5b5651bf1954,7d2803a4-967a-4b5b-aaa7-e76fea38ab03,550e8400-e29b-41d4-a716-446655440002,post,2026-04-18 23:57:16.025756+00,2026-04-19 00:19:07.208+00,1311,2026-04-18 23:57:16.025756+00
2f4f5c83-4a3e-4535-bc1d-a8c82433fd7c,5300640c-2dc0-4a31-a4f1-f83ca5ed58b8,7d2803a4-967a-4b5b-aaa7-e76fea38ab03,550e8400-e29b-41d4-a716-446655440002,post,2026-04-18 21:50:40.782323+00,2026-04-19 00:44:30.127+00,10429,2026-04-18 21:50:40.782323+00
74e65bab-01e7-41aa-8b50-1918c1a3952f,5d930702-044d-4c03-83f8-740df1934d6b,7d2803a4-967a-4b5b-aaa7-e76fea38ab03,550e8400-e29b-41d4-a716-446655440002,post,2026-04-19 00:08:55.433126+00,2026-04-19 00:52:50.713+00,2635,2026-04-19 00:08:55.433126+00
40bc6ad9-ffd0-4c31-a11e-1024028cd086,bd26a440-df34-4027-83e7-1e88bd82f752,7d2803a4-967a-4b5b-aaa7-e76fea38ab03,550e8400-e29b-41d4-a716-446655440002,post,2026-04-16 16:44:28.511771+00,2026-04-19 01:11:12.573+00,203204,2026-04-16 16:44:28.511771+00
8f693a15-0f1a-4f9f-b196-0e3645973900,bee3adde-55f0-479b-abbd-b46b5d849eaf,7d2803a4-967a-4b5b-aaa7-e76fea38ab03,550e8400-e29b-41d4-a716-446655440002,post,2026-04-18 23:47:07.822177+00,2026-04-19 01:13:54.569+00,5206,2026-04-18 23:47:07.822177+00
b029c950-a795-449f-8d7d-637201bab10e,79d36393-36be-4bdc-a513-055d6a9283c1,7d2803a4-967a-4b5b-aaa7-e76fea38ab03,550e8400-e29b-41d4-a716-446655440002,post,2026-04-18 21:34:02.941336+00,2026-04-19 01:17:36.911+00,13413,2026-04-18 21:34:02.941336+00
ef324c05-fc6e-461e-93f4-baf06ded3d78,a42545e3-b0f9-4ded-a0b7-ea0269ed06db,7d2803a4-967a-4b5b-aaa7-e76fea38ab03,550e8400-e29b-41d4-a716-446655440002,post,2026-04-19 00:53:32.675738+00,2026-04-19 01:21:08.222+00,1655,2026-04-19 00:53:32.675738+00
11ec8fe3-6f4a-4d21-8de6-37078d05d995,6acf8f16-8915-435f-9dac-a890eff3c47b,7d2803a4-967a-4b5b-aaa7-e76fea38ab03,550e8400-e29b-41d4-a716-446655440002,post,2026-04-19 00:49:12.649244+00,2026-04-19 01:35:44.945+00,2792,2026-04-19 00:49:12.649244+00
172e109e-de04-4415-8bed-241c6be70ffb,f6c37b87-07f0-424a-8c20-eb9b7512270e,7d2803a4-967a-4b5b-aaa7-e76fea38ab03,550e8400-e29b-41d4-a716-446655440002,post,2026-04-19 01:25:42.90335+00,2026-04-19 01:40:45.78+00,902,2026-04-19 01:25:42.90335+00
671c6c38-e2bd-40aa-9405-f400ffbc33a2,63ce4dde-c6a9-4c7d-aa3a-30f30e7c8511,7d2803a4-967a-4b5b-aaa7-e76fea38ab03,550e8400-e29b-41d4-a716-446655440002,post,2026-04-19 01:55:14.130211+00,2026-04-19 02:04:30.401+00,556,2026-04-19 01:55:14.130211+00
339dda14-3373-447f-aa04-5d61949e3ec1,299664c3-8591-4684-b91d-e384393bd605,7d2803a4-967a-4b5b-aaa7-e76fea38ab03,550e8400-e29b-41d4-a716-446655440002,post,2026-04-18 21:52:57.964024+00,2026-04-19 02:22:02.181+00,16144,2026-04-18 21:52:57.964024+00
e5da1991-c70c-48e2-8325-d89b6f2aa409,b0af5534-1955-4c5c-86dd-d2cd96f1dc4a,7d2803a4-967a-4b5b-aaa7-e76fea38ab03,550e8400-e29b-41d4-a716-446655440002,post,2026-04-16 05:36:28.245705+00,2026-04-19 02:25:43.98+00,247755,2026-04-16 05:36:28.245705+00
4dbe77c9-acbc-4a0a-83d3-959363193183,080da24d-ca87-4abd-97a8-654bc4ed5522,7d2803a4-967a-4b5b-aaa7-e76fea38ab03,550e8400-e29b-41d4-a716-446655440002,post,2026-04-19 02:04:32.868134+00,2026-04-19 02:27:12.367+00,1359,2026-04-19 02:04:32.868134+00
750c5b66-252d-44ae-9612-cbd65a170fcd,67f93fc2-6d8e-481a-80c3-560561f436f9,7d2803a4-967a-4b5b-aaa7-e76fea38ab03,550e8400-e29b-41d4-a716-446655440002,post,2026-04-19 02:13:39.899551+00,2026-04-19 02:27:50.549+00,850,2026-04-19 02:13:39.899551+00
c01c8fb7-eaba-45a7-9c19-ae42315c8cc3,fa251d4d-de11-4172-ad02-23548d603dce,7d2803a4-967a-4b5b-aaa7-e76fea38ab03,550e8400-e29b-41d4-a716-446655440002,post,2026-04-19 02:14:05.727031+00,2026-04-19 02:30:36.044+00,990,2026-04-19 02:14:05.727031+00
aa35c7d4-05d2-4e1a-9e2c-9be598d0363f,9cc859b4-8fa5-4b89-b3bb-43f68969a24f,7d2803a4-967a-4b5b-aaa7-e76fea38ab03,550e8400-e29b-41d4-a716-446655440002,post,2026-04-19 01:49:54.08547+00,2026-04-19 02:34:48.67+00,2694,2026-04-19 01:49:54.08547+00
b2e25064-d350-4b87-b973-3ec96a34f89e,9555f6eb-d3dd-4cb3-917f-4d1b59cd2223,7d2803a4-967a-4b5b-aaa7-e76fea38ab03,550e8400-e29b-41d4-a716-446655440002,post,2026-04-17 20:04:33.71868+00,2026-04-19 02:36:24.913+00,109911,2026-04-17 20:04:33.71868+00
df358068-00a8-4d02-85c2-8943066b7302,6647f8c4-961f-42db-845f-5cc3ba0b88f7,7d2803a4-967a-4b5b-aaa7-e76fea38ab03,550e8400-e29b-41d4-a716-446655440002,post,2026-04-19 02:22:54.380474+00,2026-04-19 02:42:29.739+00,1175,2026-04-19 02:22:54.380474+00
6be6d475-0649-4ae7-b77c-8ed4c67d7c28,8474b62d-bcfb-4447-89c1-ec6fec10c94d,7d2803a4-967a-4b5b-aaa7-e76fea38ab03,550e8400-e29b-41d4-a716-446655440002,post,2026-04-18 16:28:32.764036+00,2026-04-19 02:45:42.598+00,37029,2026-04-18 16:28:32.764036+00
2be55ed6-1248-427e-ab3d-59aa02ffd4dc,2e27213f-085c-410e-8570-dfc2566bede5,7d2803a4-967a-4b5b-aaa7-e76fea38ab03,550e8400-e29b-41d4-a716-446655440002,post,2026-04-19 02:34:34.46375+00,2026-04-19 02:46:24.105+00,709,2026-04-19 02:34:34.46375+00
978fbee2-0d64-4de3-9065-33b9ae2d072c,51cecf0f-f347-441c-86b2-45ed49d4d33d,7d2803a4-967a-4b5b-aaa7-e76fea38ab03,550e8400-e29b-41d4-a716-446655440002,post,2026-04-19 01:55:04.679823+00,2026-04-19 02:49:37.115+00,3272,2026-04-19 01:55:04.679823+00
3f024c16-003d-4930-81a8-2c68770254e4,db1f4ea5-3270-41f7-b372-860f7b189b41,7d2803a4-967a-4b5b-aaa7-e76fea38ab03,550e8400-e29b-41d4-a716-446655440002,post,2026-04-19 02:31:11.762402+00,2026-04-19 02:53:32.337+00,1340,2026-04-19 02:31:11.762402+00
37404143-74fc-4208-886d-cf8a0015fd7a,dd1ba639-646a-4995-93f3-5a3eafab98b7,7d2803a4-967a-4b5b-aaa7-e76fea38ab03,550e8400-e29b-41d4-a716-446655440002,post,2026-04-19 02:34:14.056044+00,2026-04-19 02:55:34.187+00,1280,2026-04-19 02:34:14.056044+00
da4c423a-b824-4b48-88d4-55e0dbef7e34,75a14cd3-0ce8-4aaf-ac1b-9f22299f277b,7d2803a4-967a-4b5b-aaa7-e76fea38ab03,550e8400-e29b-41d4-a716-446655440002,post,2026-04-19 02:40:23.542912+00,2026-04-19 03:04:06.215+00,1422,2026-04-19 02:40:23.542912+00
95e43886-0ebd-4077-ac7e-7645f35e8aba,5394457a-14d5-439e-ad15-2a47c6c8c69e,7d2803a4-967a-4b5b-aaa7-e76fea38ab03,550e8400-e29b-41d4-a716-446655440002,post,2026-04-19 02:13:39.900885+00,2026-04-19 03:14:09.042+00,3629,2026-04-19 02:13:39.900885+00
4a4023a1-612c-45d5-91b0-8813e8a06b5d,dd5a1c00-4ed9-407d-9287-e15a670a9617,7d2803a4-967a-4b5b-aaa7-e76fea38ab03,550e8400-e29b-41d4-a716-446655440002,post,2026-04-19 02:35:33.575309+00,2026-04-19 03:19:40.106+00,2646,2026-04-19 02:35:33.575309+00
26e0505f-d638-4eb7-9100-8135620e8556,fc7ce629-8e5f-4054-ae6a-dadf3fb425ef,7d2803a4-967a-4b5b-aaa7-e76fea38ab03,550e8400-e29b-41d4-a716-446655440002,post,2026-04-18 19:01:12.101557+00,2026-04-19 03:21:33.693+00,30021,2026-04-18 19:01:12.101557+00
31bbb327-f281-40ee-92fe-10e443dc8187,9aaf4e15-3c5f-47bd-b133-891f8cb54b2a,7d2803a4-967a-4b5b-aaa7-e76fea38ab03,550e8400-e29b-41d4-a716-446655440002,post,2026-04-19 03:15:10.280631+00,2026-04-19 03:31:13.239+00,962,2026-04-19 03:15:10.280631+00
74ff3f3f-1abb-4504-8263-d7d2ca05bcdb,92c069ec-1bfc-45d7-b75d-923aa947719a,7d2803a4-967a-4b5b-aaa7-e76fea38ab03,550e8400-e29b-41d4-a716-446655440002,post,2026-04-19 03:08:38.284018+00,2026-04-19 03:31:27.032+00,1368,2026-04-19 03:08:38.284018+00
b52c9611-6f3a-46e3-8755-4b5533d28066,8e959397-5753-484e-b822-85173091454e,7d2803a4-967a-4b5b-aaa7-e76fea38ab03,550e8400-e29b-41d4-a716-446655440002,post,2026-04-19 03:10:41.607194+00,2026-04-19 03:33:01.949+00,1340,2026-04-19 03:10:41.607194+00
4e152a50-d61e-4da0-9437-34eec4fb96d9,cd200376-5af8-443c-afae-7bc4603392fa,7d2803a4-967a-4b5b-aaa7-e76fea38ab03,550e8400-e29b-41d4-a716-446655440002,post,2026-04-18 21:54:31.563407+00,2026-04-19 03:41:54.024+00,20842,2026-04-18 21:54:31.563407+00
8bcb6ec2-27dd-4649-9422-5fdfcc8ad90d,991d5bb2-f6a0-4ad1-bcf8-394c30e85775,7d2803a4-967a-4b5b-aaa7-e76fea38ab03,550e8400-e29b-41d4-a716-446655440002,post,2026-04-19 03:26:54.784691+00,2026-04-19 03:45:12.325+00,1097,2026-04-19 03:26:54.784691+00
92ac89de-0fd4-4e98-b225-ede4d19452f0,54964867-2f66-4575-889e-97d0363bb029,7d2803a4-967a-4b5b-aaa7-e76fea38ab03,550e8400-e29b-41d4-a716-446655440002,post,2026-04-16 18:38:06.523426+00,2026-04-19 03:52:21.021+00,206054,2026-04-16 18:38:06.523426+00
a18ebcb1-80d6-4c0e-aafc-3607976c7e2e,a15c1b9d-6537-49c5-838c-4ff868fef5ad,7d2803a4-967a-4b5b-aaa7-e76fea38ab03,550e8400-e29b-41d4-a716-446655440002,post,2026-04-19 03:41:33.659934+00,2026-04-19 04:01:55.563+00,1221,2026-04-19 03:41:33.659934+00
657ad2da-ebf3-4213-b038-dc864a4cbf55,33c9b5d7-526d-4f0a-97a3-6fec13c7b70b,7d2803a4-967a-4b5b-aaa7-e76fea38ab03,550e8400-e29b-41d4-a716-446655440002,post,2026-04-19 03:34:49.714815+00,2026-04-19 04:03:27.413+00,1717,2026-04-19 03:34:49.714815+00
f935053c-31ab-42c7-a2e4-777ca5b0854a,02fcc3df-8001-4e36-960d-f62c0a590d73,7d2803a4-967a-4b5b-aaa7-e76fea38ab03,550e8400-e29b-41d4-a716-446655440002,post,2026-04-16 03:51:18.041345+00,2026-04-19 04:08:53.054+00,260255,2026-04-16 03:51:18.041345+00
7a20a1a2-5468-4ef0-8ee8-dd4a0d421453,f4a59672-17d9-44dc-8131-afc6e0c8d21b,7d2803a4-967a-4b5b-aaa7-e76fea38ab03,550e8400-e29b-41d4-a716-446655440002,post,2026-04-19 03:50:50.584687+00,2026-04-19 04:15:46.34+00,1495,2026-04-19 03:50:50.584687+00
c1595370-1d1d-43c5-beb4-2fd0b1a86013,476ff7ff-5581-4800-916e-6d8418fc1213,7d2803a4-967a-4b5b-aaa7-e76fea38ab03,550e8400-e29b-41d4-a716-446655440002,post,2026-04-19 04:03:24.684588+00,2026-04-19 04:16:20.914+00,776,2026-04-19 04:03:24.684588+00
da99181b-f988-4b9a-ba97-6e584b0bf77d,3bead034-313a-409b-9839-cd861fcf30d8,7d2803a4-967a-4b5b-aaa7-e76fea38ab03,550e8400-e29b-41d4-a716-446655440002,post,2026-04-19 02:22:46.904048+00,2026-04-19 04:25:24.023+00,7357,2026-04-19 02:22:46.904048+00
7ac9f92f-1c7f-49b5-a84d-751e2a83b758,28f84910-7f85-4044-adf7-98d07966a788,7d2803a4-967a-4b5b-aaa7-e76fea38ab03,550e8400-e29b-41d4-a716-446655440002,post,2026-04-16 04:09:30.376288+00,2026-04-19 04:25:53.123+00,260182,2026-04-16 04:09:30.376288+00
7207c526-cc35-4bdb-8b29-c5e27a215d51,95c41c02-b486-4849-9639-5570aa3821fd,7d2803a4-967a-4b5b-aaa7-e76fea38ab03,550e8400-e29b-41d4-a716-446655440002,post,2026-04-19 04:14:36.73456+00,2026-04-19 04:30:12.74+00,935,2026-04-19 04:14:36.73456+00
6b92a731-b646-4489-bbc6-7bd68441ef11,f03a99aa-3d0f-4c9e-9795-071067b7fc15,7d2803a4-967a-4b5b-aaa7-e76fea38ab03,550e8400-e29b-41d4-a716-446655440002,post,2026-04-19 04:05:20.025944+00,2026-04-19 04:35:54.898+00,1834,2026-04-19 04:05:20.025944+00
fa090525-3211-4eb3-902e-646f663761ab,fb33122c-4c10-479a-8ac5-3cbc2181e620,7d2803a4-967a-4b5b-aaa7-e76fea38ab03,550e8400-e29b-41d4-a716-446655440002,post,2026-04-19 04:29:17.626981+00,2026-04-19 04:43:00.214+00,822,2026-04-19 04:29:17.626981+00
a8119f4c-8b9c-46e8-ac9a-ba9555b50dfe,7e936c13-fda4-4c46-8afd-ec4592fe10c4,7d2803a4-967a-4b5b-aaa7-e76fea38ab03,550e8400-e29b-41d4-a716-446655440002,post,2026-04-19 04:09:13.954227+00,2026-04-19 04:48:19.959+00,2345,2026-04-19 04:09:13.954227+00
3cc7fa0f-a639-4152-9221-3633717eb3c5,e79b87a7-9f80-4684-839a-4e7779d7343b,7d2803a4-967a-4b5b-aaa7-e76fea38ab03,550e8400-e29b-41d4-a716-446655440002,post,2026-04-19 02:24:11.618608+00,2026-04-19 04:49:14.508+00,8702,2026-04-19 02:24:11.618608+00
e7274fae-2048-411f-be99-090ae2c7732f,d273737f-dab1-45dd-ae30-6d75e0c8dccf,7d2803a4-967a-4b5b-aaa7-e76fea38ab03,550e8400-e29b-41d4-a716-446655440002,post,2026-04-19 04:48:21.130891+00,2026-04-19 04:54:23.215+00,362,2026-04-19 04:48:21.130891+00
7da5074c-dfba-443a-84c8-2a43553ee962,fd089cd4-3832-4c51-81e3-ac54ee790339,7d2803a4-967a-4b5b-aaa7-e76fea38ab03,550e8400-e29b-41d4-a716-446655440002,post,2026-04-19 04:44:44.404229+00,2026-04-19 04:57:19.045+00,754,2026-04-19 04:44:44.404229+00
b015dce8-2af7-473d-8d51-725e73b02da5,d3a4bbe2-5a3e-4d12-a5f7-72432ee78ff4,7d2803a4-967a-4b5b-aaa7-e76fea38ab03,550e8400-e29b-41d4-a716-446655440002,post,2026-04-19 04:43:44.527571+00,2026-04-19 05:00:08.546+00,983,2026-04-19 04:43:44.527571+00
de5fd168-b9b8-48a5-a0ed-cec1dae011e6,e48a2924-da44-4bc1-9323-1321720886d1,7d2803a4-967a-4b5b-aaa7-e76fea38ab03,550e8400-e29b-41d4-a716-446655440002,post,2026-04-19 04:45:08.072443+00,2026-04-19 05:01:17.432+00,969,2026-04-19 04:45:08.072443+00
6463e061-a3aa-4299-8a1c-21ae37d96c40,01e23500-f844-4771-94d6-e5ce1d9c9730,7d2803a4-967a-4b5b-aaa7-e76fea38ab03,550e8400-e29b-41d4-a716-446655440002,post,2026-04-14 00:43:14.885406+00,2026-04-19 05:05:01.572+00,447706,2026-04-14 00:43:14.885406+00
8911bf2a-8bac-4187-924f-fceeb794d04d,549c26a3-7de9-4f18-85bf-57a344aea947,7d2803a4-967a-4b5b-aaa7-e76fea38ab03,550e8400-e29b-41d4-a716-446655440002,post,2026-04-19 04:53:01.981994+00,2026-04-19 05:19:18.494+00,1576,2026-04-19 04:53:01.981994+00
1a2fc204-a0a5-41f7-96fa-cfc114b9b964,eba40236-f40e-4032-8f8e-52551ebccdad,7d2803a4-967a-4b5b-aaa7-e76fea38ab03,550e8400-e29b-41d4-a716-446655440002,post,2026-04-19 02:44:41.821338+00,2026-04-19 09:00:49.089+00,22567,2026-04-19 02:44:41.821338+00
