attempt_id,user_id,course_id,instrument_id,attempt_type,started_at,submitted_at,duration_s,created_at
8e4ac48f-4477-4be6-b632-5a417ed75262,facf977a-47b6-4337-9f44-2036767c8c9c,7d2803a4-967a-4b5b-aaa7-e76fea38ab03,550e8400-e29b-41d4-a716-446655440001,pre,2026-02-02 06:05:37.387698+00,2026-02-02 06:18:05.542252+00,748,2026-02-02 06:05:37.387698+00
e2681d5d-eddc-48a6-8b80-34d3523c26df,55471591-dfec-456f-b7ae-0399529f8aab,7d2803a4-967a-4b5b-aaa7-e76fea38ab03,550e8400-e29b-41d4-a716-446655440001,pre,2026-02-02 13:53:53.005734+00,2026-02-02 14:01:48.358385+00,475,2026-02-02 13:53:53.005734+00
853aa454-c31a-4e53-aba4-40b39ca1135a,6caa1b09-447d-4de9-b5fc-73f52b172660,7d2803a4-967a-4b5b-aaa7-e76fea38ab03,550e8400-e29b-41d4-a716-446655440001,pre,2026-02-02 14:02:21.508309+00,2026-02-02 14:16:27.633137+00,846,2026-02-02 14:02:21.508309+00
48b1075a-2e50-4a49-abac-805c65df4c42,334215c7-e772-4902-97f5-a5155524a1b1,7d2803a4-967a-4b5b-aaa7-e76fea38ab03,550e8400-e29b-41d4-a716-446655440001,pre,2026-02-02 14:43:19.159744+00,2026-02-02 14:57:17.43911+00,838,2026-02-02 14:43:19.159744+00
aac4672d-f43f-4483-90b8-260301b9b234,d8434543-92f1-4089-af65-17b258c2d622,7d2803a4-967a-4b5b-aaa7-e76fea38ab03,550e8400-e29b-41d4-a716-446655440001,pre,2026-02-02 15:28:07.072374+00,2026-02-02 15:41:54.909053+00,828,2026-02-02 15:28:07.072374+00
9f131ed6-5d88-4d83-bbc0-485092ae8218,f49e3d55-f798-4290-9878-37f35896b684,7d2803a4-967a-4b5b-aaa7-e76fea38ab03,550e8400-e29b-41d4-a716-446655440001,pre,2026-02-02 16:13:42.763965+00,2026-02-02 16:22:04.252493+00,501,2026-02-02 16:13:42.763965+00
7e4b07d1-bbfe-4eb9-a3b5-51a767810144,283582df-980f-4f96-b37d-f3c25436d613,7d2803a4-967a-4b5b-aaa7-e76fea38ab03,550e8400-e29b-41d4-a716-446655440001,pre,2026-02-02 16:33:22.89675+00,2026-02-02 16:38:41.894845+00,319,2026-02-02 16:33:22.89675+00
ff9872fb-973c-4f28-a170-e7a0a23a5de9,681bc1cb-c0bb-489e-9b78-dcd25f5daa38,7d2803a4-967a-4b5b-aaa7-e76fea38ab03,550e8400-e29b-41d4-a716-446655440001,pre,2026-02-02 16:20:44.310764+00,2026-02-02 16:49:03.520055+00,1699,2026-02-02 16:20:44.310764+00
ca8015a0-da22-49e3-83b0-9a0b644843c8,f9fa96e7-82a6-4bca-a7bd-98ae82704598,7d2803a4-967a-4b5b-aaa7-e76fea38ab03,550e8400-e29b-41d4-a716-446655440001,pre,2026-02-02 16:28:53.272945+00,2026-02-02 16:52:17.944704+00,1405,2026-02-02 16:28:53.272945+00
f1e8edbe-fcc0-4f45-90fe-854b398e05f3,c2239f35-637e-453e-81ce-4058d54d456c,7d2803a4-967a-4b5b-aaa7-e76fea38ab03,550e8400-e29b-41d4-a716-446655440001,pre,2026-02-02 16:49:12.54162+00,2026-02-02 17:06:48.371189+00,1056,2026-02-02 16:49:12.54162+00
3718554d-0d03-484a-984e-3aa9cc48d894,4ee923b2-a270-46f6-9ac0-f8c08dd35129,7d2803a4-967a-4b5b-aaa7-e76fea38ab03,550e8400-e29b-41d4-a716-446655440001,pre,2026-02-02 16:46:44.193294+00,2026-02-02 17:17:24.094635+00,1840,2026-02-02 16:46:44.193294+00
3c13b4c4-7ea2-4dbe-9f8c-2aeafbf3747e,87267ca3-9fd7-4216-8afc-3a0033bc4659,7d2803a4-967a-4b5b-aaa7-e76fea38ab03,550e8400-e29b-41d4-a716-446655440001,pre,2026-02-02 17:26:59.080917+00,2026-02-02 17:34:43.933508+00,465,2026-02-02 17:26:59.080917+00
ea96803e-3d0c-4c7c-9e54-32222c3008fd,9eb9c822-2342-4ddf-b5b9-f1a26a915b22,7d2803a4-967a-4b5b-aaa7-e76fea38ab03,550e8400-e29b-41d4-a716-446655440001,pre,2026-02-02 17:48:40.943133+00,2026-02-02 18:15:26.496623+00,1606,2026-02-02 17:48:40.943133+00
d460615c-b66f-41a8-93a5-9bf777c7b358,e1431661-7edd-4e41-a964-8ba25bc21484,7d2803a4-967a-4b5b-aaa7-e76fea38ab03,550e8400-e29b-41d4-a716-446655440001,pre,2026-02-02 18:07:20.892103+00,2026-02-02 18:19:42.263151+00,741,2026-02-02 18:07:20.892103+00
2e678b4e-4071-4237-ba7d-f31e721b05e7,652f2261-700e-4d2b-89ee-607e107bceb3,7d2803a4-967a-4b5b-aaa7-e76fea38ab03,550e8400-e29b-41d4-a716-446655440001,pre,2026-02-02 18:20:28.417745+00,2026-02-02 18:28:33.784883+00,485,2026-02-02 18:20:28.417745+00
1caec4b2-5c56-43e9-a785-142497351e29,b205be68-59cb-4664-8e71-54640c623bd2,7d2803a4-967a-4b5b-aaa7-e76fea38ab03,550e8400-e29b-41d4-a716-446655440001,pre,2026-02-02 18:19:19.411189+00,2026-02-02 18:41:42.295824+00,1343,2026-02-02 18:19:19.411189+00
3cf21f9c-5b32-446b-adae-2f240d3bfb22,bc78cc98-6048-4813-ae7e-a2ce8eabe4d0,7d2803a4-967a-4b5b-aaa7-e76fea38ab03,550e8400-e29b-41d4-a716-446655440001,pre,2026-02-02 18:36:54.515543+00,2026-02-02 18:56:44.039411+00,1190,2026-02-02 18:36:54.515543+00
90dcfe3c-7828-4f71-8e84-9962f5d6a1ad,849d3686-c9c5-42d5-8213-f346f963b279,7d2803a4-967a-4b5b-aaa7-e76fea38ab03,550e8400-e29b-41d4-a716-446655440001,pre,2026-02-02 17:11:02.293323+00,2026-02-02 19:18:23.110198+00,7641,2026-02-02 17:11:02.293323+00
a7fde537-f72d-4a01-8a33-aa258253d7a9,b209e15f-9e16-4d94-8771-f35b94a55db5,7d2803a4-967a-4b5b-aaa7-e76fea38ab03,550e8400-e29b-41d4-a716-446655440001,pre,2026-02-02 18:59:19.353706+00,2026-02-02 19:21:30.091874+00,1331,2026-02-02 18:59:19.353706+00
32246dee-d029-4262-bc36-2098cc35da6c,cb519c63-e632-4734-aac5-2bda2b962d40,7d2803a4-967a-4b5b-aaa7-e76fea38ab03,550e8400-e29b-41d4-a716-446655440001,pre,2026-02-02 19:07:07.660101+00,2026-02-02 19:28:51.134129+00,1303,2026-02-02 19:07:07.660101+00
90fa1c8c-2c7a-4e38-8b56-683384e5cca9,9d9e5222-a09a-4155-92c2-d859aa541a52,7d2803a4-967a-4b5b-aaa7-e76fea38ab03,550e8400-e29b-41d4-a716-446655440001,pre,2026-02-02 19:05:35.181681+00,2026-02-02 19:43:04.862121+00,2250,2026-02-02 19:05:35.181681+00
de2ca257-984b-4473-9ccd-fd2c29b7ee9c,f58d556e-8120-44bb-849d-4cfc0a45e6c2,7d2803a4-967a-4b5b-aaa7-e76fea38ab03,550e8400-e29b-41d4-a716-446655440001,pre,2026-02-02 17:44:00.210326+00,2026-02-02 19:44:17.770631+00,7218,2026-02-02 17:44:00.210326+00
9d01980f-6d1b-4523-bd55-c4a69024bc29,99f58f86-72df-42d3-84f8-ac892a29d9b7,7d2803a4-967a-4b5b-aaa7-e76fea38ab03,550e8400-e29b-41d4-a716-446655440001,pre,2026-02-02 19:50:36.869768+00,2026-02-02 19:59:02.186014+00,505,2026-02-02 19:50:36.869768+00
07cd4570-8474-462d-ba38-c17f23fef827,a9948e1a-9d8f-46cd-843b-31b5da7e9943,7d2803a4-967a-4b5b-aaa7-e76fea38ab03,550e8400-e29b-41d4-a716-446655440001,pre,2026-02-02 19:50:55.85406+00,2026-02-02 20:00:40.888206+00,585,2026-02-02 19:50:55.85406+00
2470295b-5526-428b-8a27-6dfe545dfd41,8557be96-8d5c-43e6-82c3-9c7ce0e3637b,7d2803a4-967a-4b5b-aaa7-e76fea38ab03,550e8400-e29b-41d4-a716-446655440001,pre,2026-02-02 20:05:49.870605+00,2026-02-02 20:21:34.454455+00,945,2026-02-02 20:05:49.870605+00
6d723f0b-190d-4a20-9cb9-87baa3952100,c6cc8e85-0b7c-4c9b-936f-63378be7525f,7d2803a4-967a-4b5b-aaa7-e76fea38ab03,550e8400-e29b-41d4-a716-446655440001,pre,2026-02-02 19:57:02.653962+00,2026-02-02 20:33:10.062701+00,2167,2026-02-02 19:57:02.653962+00
187ac183-aef8-4ae9-8dfc-970bdd928b1c,f5d0b8e1-7c50-4a2d-9865-edb56bd7920c,7d2803a4-967a-4b5b-aaa7-e76fea38ab03,550e8400-e29b-41d4-a716-446655440001,pre,2026-02-02 20:16:07.566106+00,2026-02-02 20:33:32.35271+00,1045,2026-02-02 20:16:07.566106+00
bc98fd0f-95f7-4454-bb26-ce3a238dce86,02fb1e18-2c77-447d-abc5-c94b3e849efa,7d2803a4-967a-4b5b-aaa7-e76fea38ab03,550e8400-e29b-41d4-a716-446655440001,pre,2026-02-02 20:27:24.471732+00,2026-02-02 20:38:37.25574+00,673,2026-02-02 20:27:24.471732+00
7f44a541-9958-4091-b102-f675f6d28d77,3415449e-8c26-4205-8cf5-8af73a85de19,7d2803a4-967a-4b5b-aaa7-e76fea38ab03,550e8400-e29b-41d4-a716-446655440001,pre,2026-02-02 20:21:46.525045+00,2026-02-02 20:40:14.974719+00,1108,2026-02-02 20:21:46.525045+00
6931258e-da4c-4758-9899-25b065e2a556,76054a09-3a64-4b5e-ac78-29c72e48462f,7d2803a4-967a-4b5b-aaa7-e76fea38ab03,550e8400-e29b-41d4-a716-446655440001,pre,2026-02-02 19:43:05.761454+00,2026-02-02 20:46:46.751692+00,3821,2026-02-02 19:43:05.761454+00
e9b11d27-e5fa-482f-9063-0e94cf02d70e,0335337a-0116-45ea-ba76-65076a62d40a,7d2803a4-967a-4b5b-aaa7-e76fea38ab03,550e8400-e29b-41d4-a716-446655440001,pre,2026-02-02 20:25:46.654297+00,2026-02-02 20:46:52.607684+00,1266,2026-02-02 20:25:46.654297+00
fd220b6c-07b6-424c-b707-52d12136846d,8429083f-4d18-40ac-829d-13cbef201786,7d2803a4-967a-4b5b-aaa7-e76fea38ab03,550e8400-e29b-41d4-a716-446655440001,pre,2026-02-02 20:46:27.96202+00,2026-02-02 20:57:56.05993+00,688,2026-02-02 20:46:27.96202+00
eaa23dcc-402d-4bd2-8344-a78ef145b40f,37b79b9d-7ee4-4eb5-a1ba-37839edfef17,7d2803a4-967a-4b5b-aaa7-e76fea38ab03,550e8400-e29b-41d4-a716-446655440001,pre,2026-02-02 20:40:58.629786+00,2026-02-02 20:58:32.569684+00,1054,2026-02-02 20:40:58.629786+00
2a248e97-6ef7-44e1-99b1-2ee56d0fa15e,010e87c8-d3f6-401b-bc8a-beb610e9cf0d,7d2803a4-967a-4b5b-aaa7-e76fea38ab03,550e8400-e29b-41d4-a716-446655440001,pre,2026-02-02 20:41:50.211359+00,2026-02-02 20:59:47.748294+00,1078,2026-02-02 20:41:50.211359+00
b5a8e972-75a5-4e95-83e8-4ddf634a83d3,46e86e64-81a7-4030-81ed-d31e1d75ac2e,7d2803a4-967a-4b5b-aaa7-e76fea38ab03,550e8400-e29b-41d4-a716-446655440001,pre,2026-02-02 20:37:43.616052+00,2026-02-02 21:08:32.659382+00,1849,2026-02-02 20:37:43.616052+00
8472f57f-6183-45ea-a2c5-4856249334db,55b1aab8-72eb-4591-8b81-917baa996b8b,7d2803a4-967a-4b5b-aaa7-e76fea38ab03,550e8400-e29b-41d4-a716-446655440001,pre,2026-02-02 21:07:03.37264+00,2026-02-02 21:17:02.286357+00,599,2026-02-02 21:07:03.37264+00
fae40171-d895-4602-8959-a15d21fbe0e3,e2f1f4f1-37b2-4f91-9404-bb61228be1af,7d2803a4-967a-4b5b-aaa7-e76fea38ab03,550e8400-e29b-41d4-a716-446655440001,pre,2026-02-02 20:52:10.590019+00,2026-02-02 21:18:28.555282+00,1578,2026-02-02 20:52:10.590019+00
df0a2fc5-5b35-4a8a-9a05-5800cbcba845,5e7b38f3-91b1-49e1-a49a-4358f48ba1e0,7d2803a4-967a-4b5b-aaa7-e76fea38ab03,550e8400-e29b-41d4-a716-446655440001,pre,2026-02-02 21:07:27.945901+00,2026-02-02 21:22:04.631046+00,877,2026-02-02 21:07:27.945901+00
6e7cf673-6133-43b3-a089-cd72e94ea07e,e35fa725-8f92-4b9b-b9aa-23a17f51eae4,7d2803a4-967a-4b5b-aaa7-e76fea38ab03,550e8400-e29b-41d4-a716-446655440001,pre,2026-02-02 20:58:50.34592+00,2026-02-02 21:22:44.222691+00,1434,2026-02-02 20:58:50.34592+00
5d3b5641-3983-42f2-9369-4803b7ddd259,6ffbf2b0-6fee-40c1-bf98-0d33199ad1e9,7d2803a4-967a-4b5b-aaa7-e76fea38ab03,550e8400-e29b-41d4-a716-446655440001,pre,2026-02-02 21:09:37.196607+00,2026-02-02 21:23:07.725352+00,811,2026-02-02 21:09:37.196607+00
eb7f893e-dcf3-4994-bc3a-4de6667b1cd9,b461e70b-1350-4db6-8ca1-a63ec493c3ee,7d2803a4-967a-4b5b-aaa7-e76fea38ab03,550e8400-e29b-41d4-a716-446655440001,pre,2026-02-02 20:58:49.824021+00,2026-02-02 21:29:04.288774+00,1814,2026-02-02 20:58:49.824021+00
92ca13ae-60f1-47b6-9812-d01e45e06b1d,04c824fe-256a-4b2f-8fbd-611efb6977a4,7d2803a4-967a-4b5b-aaa7-e76fea38ab03,550e8400-e29b-41d4-a716-446655440001,pre,2026-02-02 21:18:23.139545+00,2026-02-02 21:33:07.561914+00,884,2026-02-02 21:18:23.139545+00
14dcb347-57fb-46ee-af11-b91db50cd07a,b6a218a0-b9c9-48e1-a7f0-825d7b8673d5,7d2803a4-967a-4b5b-aaa7-e76fea38ab03,550e8400-e29b-41d4-a716-446655440001,pre,2026-02-02 21:24:32.514929+00,2026-02-02 21:40:19.070496+00,947,2026-02-02 21:24:32.514929+00
241a4861-45c9-4b83-af64-77b8ba5f65f4,c437cc95-97d3-4da1-bad2-3bc3a2e6047c,7d2803a4-967a-4b5b-aaa7-e76fea38ab03,550e8400-e29b-41d4-a716-446655440001,pre,2026-02-02 21:31:51.850421+00,2026-02-02 21:40:45.048692+00,533,2026-02-02 21:31:51.850421+00
b087023b-82d8-4dee-a353-7f55b374290a,40c39fd0-de18-4d69-8c91-f9b1257fe7c9,7d2803a4-967a-4b5b-aaa7-e76fea38ab03,550e8400-e29b-41d4-a716-446655440001,pre,2026-02-02 21:30:06.572549+00,2026-02-02 21:44:12.679787+00,846,2026-02-02 21:30:06.572549+00
c12d97b4-dfa7-4610-9b05-b7518e5067e9,d0ae771b-ff49-4bb5-b287-f1be801ec39b,7d2803a4-967a-4b5b-aaa7-e76fea38ab03,550e8400-e29b-41d4-a716-446655440001,pre,2026-02-02 21:33:48.071876+00,2026-02-02 21:48:28.354094+00,880,2026-02-02 21:33:48.071876+00
0a81d469-3183-4345-91ab-396accc4aa21,dc80d78d-ee7a-46e6-9839-a4d23876568f,7d2803a4-967a-4b5b-aaa7-e76fea38ab03,550e8400-e29b-41d4-a716-446655440001,pre,2026-02-02 17:12:52.931975+00,2026-02-02 21:51:49.928337+00,16737,2026-02-02 17:12:52.931975+00
6e050ffc-1f0b-4bc2-a42d-3ba20e89e2e9,7591ede2-3417-4e0e-ae52-e565734fcb12,7d2803a4-967a-4b5b-aaa7-e76fea38ab03,550e8400-e29b-41d4-a716-446655440001,pre,2026-02-02 15:55:40.881769+00,2026-02-02 21:56:22.794965+00,21642,2026-02-02 15:55:40.881769+00
ba0a703e-bc0c-4e13-a48b-397f9f724e68,dd106dfa-683b-445f-829d-82e29987624c,7d2803a4-967a-4b5b-aaa7-e76fea38ab03,550e8400-e29b-41d4-a716-446655440001,pre,2026-02-02 20:47:55.12373+00,2026-02-02 22:03:37.48186+00,4542,2026-02-02 20:47:55.12373+00
2e6c1743-2729-425e-9819-eb409e825fec,cff19c86-9872-4d22-9e1c-74f1d0755dfc,7d2803a4-967a-4b5b-aaa7-e76fea38ab03,550e8400-e29b-41d4-a716-446655440001,pre,2026-02-02 21:18:31.986675+00,2026-02-02 22:08:34.815749+00,3003,2026-02-02 21:18:31.986675+00
81516684-0699-49ab-a352-13f306fb4f22,c0554152-e611-431e-a579-b5ca5a80067d,7d2803a4-967a-4b5b-aaa7-e76fea38ab03,550e8400-e29b-41d4-a716-446655440001,pre,2026-02-02 21:55:30.066655+00,2026-02-02 22:08:48.720415+00,799,2026-02-02 21:55:30.066655+00
36cd7db0-6e68-4be4-8276-e89821078e1f,e1bb1f62-1118-49e0-b13a-9ecc47e050a3,7d2803a4-967a-4b5b-aaa7-e76fea38ab03,550e8400-e29b-41d4-a716-446655440001,pre,2026-02-02 14:51:20.164835+00,2026-02-02 22:09:31.00621+00,26291,2026-02-02 14:51:20.164835+00
fe6b9874-1bd0-499f-ad55-4a43cb79c720,023df988-f3ab-4259-8146-7d50c655bd5c,7d2803a4-967a-4b5b-aaa7-e76fea38ab03,550e8400-e29b-41d4-a716-446655440001,pre,2026-02-02 21:54:20.761033+00,2026-02-02 22:10:58.261587+00,998,2026-02-02 21:54:20.761033+00
5005c5c7-3527-4ce5-886f-8284c846de27,66463ff1-b84c-49cf-b596-bebb3cb7ae59,7d2803a4-967a-4b5b-aaa7-e76fea38ab03,550e8400-e29b-41d4-a716-446655440001,pre,2026-02-02 22:01:34.951281+00,2026-02-02 22:14:32.495489+00,778,2026-02-02 22:01:34.951281+00
6d2a91bb-1f4e-4b84-adc3-24fda48d72b0,4700d520-514f-4a51-b486-18789d305b1f,7d2803a4-967a-4b5b-aaa7-e76fea38ab03,550e8400-e29b-41d4-a716-446655440001,pre,2026-02-02 22:08:20.803535+00,2026-02-02 22:22:39.905472+00,859,2026-02-02 22:08:20.803535+00
d01e5197-009c-42ad-ba39-c8b99ce66d85,6a724941-d859-4fe7-84ee-916232c3931d,7d2803a4-967a-4b5b-aaa7-e76fea38ab03,550e8400-e29b-41d4-a716-446655440001,pre,2026-02-02 14:29:33.221356+00,2026-02-02 22:22:41.089502+00,28388,2026-02-02 14:29:33.221356+00
569112df-2f34-41f0-bd70-4f7f3dafb7a3,75a14cd3-0ce8-4aaf-ac1b-9f22299f277b,7d2803a4-967a-4b5b-aaa7-e76fea38ab03,550e8400-e29b-41d4-a716-446655440001,pre,2026-02-02 21:50:12.478918+00,2026-02-02 22:22:57.214347+00,1965,2026-02-02 21:50:12.478918+00
2a4ac49b-2fe1-40a9-8662-5ab9a587f8b4,77d2f9c3-1da7-4e3d-b468-043d952e68d9,7d2803a4-967a-4b5b-aaa7-e76fea38ab03,550e8400-e29b-41d4-a716-446655440001,pre,2026-02-02 15:55:13.372793+00,2026-02-02 22:29:17.167529+00,23644,2026-02-02 15:55:13.372793+00
8d759a75-dbe2-4515-b51e-1918d21973e5,7dae1cf1-09db-4dc6-a693-ada7ad74ce8b,7d2803a4-967a-4b5b-aaa7-e76fea38ab03,550e8400-e29b-41d4-a716-446655440001,pre,2026-02-02 22:29:37.503703+00,2026-02-02 22:29:37.509+00,1200,2026-02-02 22:29:37.503703+00
0d4491f5-5061-44d2-95fa-005238e774d9,62569261-a935-4afc-92a4-ef62129cda33,7d2803a4-967a-4b5b-aaa7-e76fea38ab03,550e8400-e29b-41d4-a716-446655440001,pre,2026-02-02 16:46:26.60284+00,2026-02-02 22:44:56.506973+00,21510,2026-02-02 16:46:26.60284+00
67673222-2c64-4b53-9496-48a62adac615,4b17aa77-3ca9-4922-a5ea-4efd79ee66fe,7d2803a4-967a-4b5b-aaa7-e76fea38ab03,550e8400-e29b-41d4-a716-446655440001,pre,2026-02-02 22:18:09.913728+00,2026-02-02 22:45:47.495869+00,1658,2026-02-02 22:18:09.913728+00
f2867473-8be8-4bcc-ba23-5d563545cdb6,3c3b26e6-7be9-40dc-9f15-f8b1a643ae39,7d2803a4-967a-4b5b-aaa7-e76fea38ab03,550e8400-e29b-41d4-a716-446655440001,pre,2026-02-02 22:13:00.039481+00,2026-02-02 22:47:35.856076+00,2076,2026-02-02 22:13:00.039481+00
62a63719-ca23-438a-8eb6-b2c738eabb5b,91a304ee-a063-47f7-991f-a311337a9a4a,7d2803a4-967a-4b5b-aaa7-e76fea38ab03,550e8400-e29b-41d4-a716-446655440001,pre,2026-02-02 22:49:42.048222+00,2026-02-02 23:02:38.96968+00,777,2026-02-02 22:49:42.048222+00
347fbbbd-eaf5-41c4-8bfc-b35ef7da3446,75c720c1-4f80-4712-97a7-badd664c646c,7d2803a4-967a-4b5b-aaa7-e76fea38ab03,550e8400-e29b-41d4-a716-446655440001,pre,2026-02-02 23:01:44.768765+00,2026-02-02 23:12:59.405058+00,675,2026-02-02 23:01:44.768765+00
d452944b-0ba5-42b3-8cef-10755a2b1db1,84ee2f03-59b7-4e86-b2b7-8eaba8988fb5,7d2803a4-967a-4b5b-aaa7-e76fea38ab03,550e8400-e29b-41d4-a716-446655440001,pre,2026-02-02 22:59:18.868825+00,2026-02-02 23:15:38.582535+00,980,2026-02-02 22:59:18.868825+00
b7c72bb5-d9dd-4958-9627-9aa233fd02e2,2f66bf5a-5af0-4b7b-83f9-111a66bb4273,7d2803a4-967a-4b5b-aaa7-e76fea38ab03,550e8400-e29b-41d4-a716-446655440001,pre,2026-02-02 23:05:08.082278+00,2026-02-02 23:22:25.171569+00,1037,2026-02-02 23:05:08.082278+00
eaa323a5-7f8d-44f1-805a-4667d93c4046,508bffbc-6a26-46a9-9a65-15e3a6d074ba,7d2803a4-967a-4b5b-aaa7-e76fea38ab03,550e8400-e29b-41d4-a716-446655440001,pre,2026-02-02 21:46:17.272524+00,2026-02-02 23:24:50.893154+00,5914,2026-02-02 21:46:17.272524+00
166bd2c9-605d-4a5e-aedb-0ef24c9a63fe,1dadf029-d80a-4fe8-bcfa-63efd1fcb618,7d2803a4-967a-4b5b-aaa7-e76fea38ab03,550e8400-e29b-41d4-a716-446655440001,pre,2026-02-02 18:51:39.824647+00,2026-02-02 23:29:50.034726+00,16690,2026-02-02 18:51:39.824647+00
89cc629f-5948-4a17-a479-38f7ffac5bcb,02983dd8-4be1-472f-bfe2-d76c6fa6b0a9,7d2803a4-967a-4b5b-aaa7-e76fea38ab03,550e8400-e29b-41d4-a716-446655440001,pre,2026-02-02 23:13:46.435037+00,2026-02-02 23:32:04.639582+00,1098,2026-02-02 23:13:46.435037+00
f1d12714-9dbd-4e4a-8768-c8a24f57e475,71245483-9729-4560-aa36-0bfaaec176a1,7d2803a4-967a-4b5b-aaa7-e76fea38ab03,550e8400-e29b-41d4-a716-446655440001,pre,2026-02-02 16:22:42.195603+00,2026-02-02 23:33:24.894311+00,25843,2026-02-02 16:22:42.195603+00
e02c2794-c7c3-478d-8606-ee87e43f21e6,2a093996-e13c-49bd-ad4f-2485ce689172,7d2803a4-967a-4b5b-aaa7-e76fea38ab03,550e8400-e29b-41d4-a716-446655440001,pre,2026-02-02 17:29:01.511058+00,2026-02-02 23:35:07.727617+00,21966,2026-02-02 17:29:01.511058+00
7b7576e4-ccc6-4f4e-9035-9274a739b135,291c292d-9b14-4d33-b2d5-2dc2473bb8a8,7d2803a4-967a-4b5b-aaa7-e76fea38ab03,550e8400-e29b-41d4-a716-446655440001,pre,2026-02-02 21:05:02.744838+00,2026-02-02 23:41:16.865518+00,9374,2026-02-02 21:05:02.744838+00
585250a1-dfa5-488f-ab67-39d9a71e64d8,43c4f8cd-0e70-4007-8fe0-13ede925fad0,7d2803a4-967a-4b5b-aaa7-e76fea38ab03,550e8400-e29b-41d4-a716-446655440001,pre,2026-02-02 16:59:59.693772+00,2026-02-02 23:45:49.41441+00,24350,2026-02-02 16:59:59.693772+00
3cd80298-5b27-43a3-aba8-5f7dc151161e,a05a3302-d07c-4603-a39b-20916255952c,7d2803a4-967a-4b5b-aaa7-e76fea38ab03,550e8400-e29b-41d4-a716-446655440001,pre,2026-02-02 18:49:44.976702+00,2026-02-02 23:51:33.026593+00,18108,2026-02-02 18:49:44.976702+00
4aa78a28-a2e9-44f9-814f-60db75d0a26e,39f85a15-e8f1-46c2-b3e8-c6dc70b8ce47,7d2803a4-967a-4b5b-aaa7-e76fea38ab03,550e8400-e29b-41d4-a716-446655440001,pre,2026-02-02 23:37:32.809939+00,2026-02-03 00:05:04.780763+00,1652,2026-02-02 23:37:32.809939+00
5797b094-be23-48fd-8d70-01c597fa12c6,adce47bc-400d-46ed-9f52-c15f1096f89c,7d2803a4-967a-4b5b-aaa7-e76fea38ab03,550e8400-e29b-41d4-a716-446655440001,pre,2026-02-02 23:37:02.380458+00,2026-02-03 00:06:47.631535+00,1785,2026-02-02 23:37:02.380458+00
58036164-3106-4aa5-8473-ecbbe2a528da,8f2cb546-6d29-46c7-8e0e-5ae2e4b5483e,7d2803a4-967a-4b5b-aaa7-e76fea38ab03,550e8400-e29b-41d4-a716-446655440001,pre,2026-02-02 17:34:55.622802+00,2026-02-03 00:09:56.441526+00,23701,2026-02-02 17:34:55.622802+00
8667745a-9882-486c-b697-6ac653348c47,a3cc269e-371d-4206-beac-1c875b4eaba7,7d2803a4-967a-4b5b-aaa7-e76fea38ab03,550e8400-e29b-41d4-a716-446655440001,pre,2026-02-02 23:57:33.137274+00,2026-02-03 00:19:04.284746+00,1291,2026-02-02 23:57:33.137274+00
a880abd6-deaf-4216-9e15-ca90c0c628ee,42ae7bf0-67e8-4b95-98c6-ac7ed5933545,7d2803a4-967a-4b5b-aaa7-e76fea38ab03,550e8400-e29b-41d4-a716-446655440001,pre,2026-02-03 00:04:56.546472+00,2026-02-03 00:20:27.673595+00,931,2026-02-03 00:04:56.546472+00
82c4ade8-77b1-4b8e-b07b-b42f07b59ab4,54fd4ad9-0536-49e7-9684-ebd0eb46cd7a,7d2803a4-967a-4b5b-aaa7-e76fea38ab03,550e8400-e29b-41d4-a716-446655440001,pre,2026-02-03 00:15:35.454541+00,2026-02-03 00:22:58.903982+00,443,2026-02-03 00:15:35.454541+00
446f144b-a9a1-4e69-ab98-4cf3c7cd23ac,56f5306b-77a3-45e6-89df-d161e08ea49a,7d2803a4-967a-4b5b-aaa7-e76fea38ab03,550e8400-e29b-41d4-a716-446655440001,pre,2026-02-03 00:15:18.392747+00,2026-02-03 00:32:04.243973+00,1006,2026-02-03 00:15:18.392747+00
9d07e8b8-a498-4dc8-9243-f73d3d8bfbf6,76032b04-d4fe-4ae7-a9ec-1c55d8c81de1,7d2803a4-967a-4b5b-aaa7-e76fea38ab03,550e8400-e29b-41d4-a716-446655440001,pre,2026-02-03 00:38:37.686188+00,2026-02-03 00:56:34.477693+00,1077,2026-02-03 00:38:37.686188+00
06ef65a2-723a-445e-ae3b-e6b49dca14b8,2a7a36c4-a2ad-4c08-9072-0d715a0f6a3a,7d2803a4-967a-4b5b-aaa7-e76fea38ab03,550e8400-e29b-41d4-a716-446655440001,pre,2026-02-03 00:12:48.876278+00,2026-02-03 01:00:28.552103+00,2860,2026-02-03 00:12:48.876278+00
3b0e70ab-192e-4503-b5f6-15f34e5731bd,0e01535f-fddc-409e-810b-fd3ded7d2ac2,7d2803a4-967a-4b5b-aaa7-e76fea38ab03,550e8400-e29b-41d4-a716-446655440001,pre,2026-02-02 14:46:37.160701+00,2026-02-03 01:00:35.743429+00,36839,2026-02-02 14:46:37.160701+00
8d898569-5d18-42ef-be58-e6c6680dcb64,5b3765b2-f5d8-4d7c-9b5a-cc443b342553,7d2803a4-967a-4b5b-aaa7-e76fea38ab03,550e8400-e29b-41d4-a716-446655440001,pre,2026-02-03 02:20:24.331397+00,2026-02-03 02:40:12.04+00,1291,2026-02-03 02:20:24.331397+00
0cfab42a-6cca-4667-8d60-3c5cd3b7ace5,d713be91-e944-4154-b2b6-89eb5d95fdde,7d2803a4-967a-4b5b-aaa7-e76fea38ab03,550e8400-e29b-41d4-a716-446655440001,pre,2026-02-03 02:35:38.859836+00,2026-02-03 02:53:43.676+00,1143,2026-02-03 02:35:38.859836+00
98b80977-932e-420b-9aea-256be7ab2ccb,52d0e41d-f574-47c0-afcc-d55f29f71c96,7d2803a4-967a-4b5b-aaa7-e76fea38ab03,550e8400-e29b-41d4-a716-446655440001,pre,2026-02-03 03:07:41.440967+00,2026-02-03 04:02:04.849+00,3329,2026-02-03 03:07:41.440967+00
949eff70-bc77-46c3-9219-a636e6cd7d6b,88b02cfe-9c4c-4b43-ba7f-bf1dace95343,7d2803a4-967a-4b5b-aaa7-e76fea38ab03,550e8400-e29b-41d4-a716-446655440001,pre,2026-02-02 18:13:43.190401+00,2026-02-03 04:42:51.807+00,4,2026-02-02 18:13:43.190401+00
c4e07b47-5b9c-47d3-97b7-dbbd17f07f63,94257b0c-54b3-47f1-b0eb-782105e1e230,7d2803a4-967a-4b5b-aaa7-e76fea38ab03,550e8400-e29b-41d4-a716-446655440001,pre,2026-02-03 04:20:26.514935+00,2026-02-03 05:07:10.512+00,2859,2026-02-03 04:20:26.514935+00
770d19b0-4bc7-4855-984f-bae1dc873fd1,422632cf-ecd9-4798-a90b-aed4f5977661,7d2803a4-967a-4b5b-aaa7-e76fea38ab03,550e8400-e29b-41d4-a716-446655440001,pre,2026-02-03 05:09:24.203854+00,2026-02-03 06:25:42.001+00,4655,2026-02-03 05:09:24.203854+00
5668f3b9-ed61-48e3-88c5-24decc0fd241,3d01d355-a8f0-48e2-9f72-b35dc35c6ca0,7d2803a4-967a-4b5b-aaa7-e76fea38ab03,550e8400-e29b-41d4-a716-446655440001,pre,2026-02-03 19:30:14.42836+00,2026-02-03 19:42:27.765+00,779,2026-02-03 19:30:14.42836+00
0cc82311-eb36-4ab8-b25c-c1c91007cf03,ee0659f9-44fb-448a-a2da-863a02a7aea8,7d2803a4-967a-4b5b-aaa7-e76fea38ab03,550e8400-e29b-41d4-a716-446655440001,pre,2026-02-03 19:35:47.54268+00,2026-02-03 19:57:31.857+00,1335,2026-02-03 19:35:47.54268+00
393f1bb3-0606-4282-a97b-6ed3a25867a7,c22cfc0a-a36a-4f19-a8bb-e2dc4bad8093,7d2803a4-967a-4b5b-aaa7-e76fea38ab03,550e8400-e29b-41d4-a716-446655440001,pre,2026-02-03 19:40:32.950639+00,2026-02-03 20:22:30.407+00,638,2026-02-03 19:40:32.950639+00
ed6ca357-cf92-499c-8954-022e0a4c228f,c75404fe-1e81-43e3-b5e7-f119d9f4f868,7d2803a4-967a-4b5b-aaa7-e76fea38ab03,550e8400-e29b-41d4-a716-446655440001,pre,2026-02-03 20:19:29.908042+00,2026-02-03 20:31:45.366+00,756,2026-02-03 20:19:29.908042+00
e4789e3f-9112-4ec2-a3c1-d764f31c4de7,c1a3224c-6d9a-40ca-8676-57b4c63374db,7d2803a4-967a-4b5b-aaa7-e76fea38ab03,550e8400-e29b-41d4-a716-446655440001,pre,2026-02-03 20:26:44.318736+00,2026-02-03 20:46:18.543+00,1213,2026-02-03 20:26:44.318736+00
f94b29f7-7183-4f13-a96b-e02fe3909ff3,cfa38b79-8bf6-4c20-85a9-95c1449c703f,7d2803a4-967a-4b5b-aaa7-e76fea38ab03,550e8400-e29b-41d4-a716-446655440001,pre,2026-02-03 20:37:54.253137+00,2026-02-03 20:51:03.688+00,884,2026-02-03 20:37:54.253137+00
f72070f1-ac93-44a2-847d-966ff32151e8,5a6e3fff-312b-4e03-9c0d-4adf0363b120,7d2803a4-967a-4b5b-aaa7-e76fea38ab03,550e8400-e29b-41d4-a716-446655440001,pre,2026-02-03 20:38:58.337905+00,2026-02-03 20:51:53.689+00,805,2026-02-03 20:38:58.337905+00
93702a12-5e7d-4a6d-ba84-aeacec1e8fc0,7c926ff2-5b72-4810-96da-8e48becdf8e5,7d2803a4-967a-4b5b-aaa7-e76fea38ab03,550e8400-e29b-41d4-a716-446655440001,pre,2026-02-03 20:31:32.537924+00,2026-02-03 20:52:32.59+00,1290,2026-02-03 20:31:32.537924+00
b4ed8baf-c29e-497d-ac08-deeb6142bb9d,99dcaf4b-66a6-4e33-9988-692075410ca0,7d2803a4-967a-4b5b-aaa7-e76fea38ab03,550e8400-e29b-41d4-a716-446655440001,pre,2026-02-02 21:24:13.541775+00,2026-02-03 20:54:44.305+00,848,2026-02-02 21:24:13.541775+00
0e772312-37bf-4e02-ae51-b50abee7a7a0,0b3d2cbd-2aa0-479e-9719-20771a357f08,7d2803a4-967a-4b5b-aaa7-e76fea38ab03,550e8400-e29b-41d4-a716-446655440001,pre,2026-02-03 20:29:42.394704+00,2026-02-03 20:59:28.352+00,1831,2026-02-03 20:29:42.394704+00
c8e7be49-d2f0-4bed-88f3-6f685e95f315,500780b3-4ef1-4072-9df5-d8706c7413e6,7d2803a4-967a-4b5b-aaa7-e76fea38ab03,550e8400-e29b-41d4-a716-446655440001,pre,2026-02-03 20:47:32.81566+00,2026-02-03 21:02:45.442+00,946,2026-02-03 20:47:32.81566+00
e0af95eb-f056-4f8d-ab26-56bd8689a3e9,82b623c1-f1ab-449c-a574-7c6b203cdb7c,7d2803a4-967a-4b5b-aaa7-e76fea38ab03,550e8400-e29b-41d4-a716-446655440001,pre,2026-02-03 20:46:39.046748+00,2026-02-03 21:03:29.787+00,1076,2026-02-03 20:46:39.046748+00
bd487ddd-6a3b-4b56-8ac2-6dc60cccfdcd,b4829a74-0b46-4201-a619-312b7677a97c,7d2803a4-967a-4b5b-aaa7-e76fea38ab03,550e8400-e29b-41d4-a716-446655440001,pre,2026-02-03 20:50:00.760962+00,2026-02-03 21:05:31.311+00,957,2026-02-03 20:50:00.760962+00
f7eafe3f-b998-4ee9-a32f-e092e7ef664f,340c26eb-9301-4590-b0de-ce596cb527e7,7d2803a4-967a-4b5b-aaa7-e76fea38ab03,550e8400-e29b-41d4-a716-446655440001,pre,2026-02-03 05:38:38.461989+00,2026-02-03 21:06:46.755363+00,,2026-02-03 05:38:38.461989+00
fa1ca58e-250b-48ef-a8a9-8977a9cacfd1,e1a9b300-6c72-4c92-a245-5be095d389fe,7d2803a4-967a-4b5b-aaa7-e76fea38ab03,550e8400-e29b-41d4-a716-446655440001,pre,2026-02-03 20:42:30.340736+00,2026-02-03 21:07:54.079+00,1590,2026-02-03 20:42:30.340736+00
107dd88d-99f8-4742-ba00-08aa1e6f9cde,cb22c9f7-ed10-41be-b6ba-4fc4060d03ef,7d2803a4-967a-4b5b-aaa7-e76fea38ab03,550e8400-e29b-41d4-a716-446655440001,pre,2026-02-03 20:56:32.77931+00,2026-02-03 21:24:27.626+00,1700,2026-02-03 20:56:32.77931+00
b73782e7-88f4-4926-8358-a75fdf26ddd8,f90ae637-da15-416e-97be-5e06c9b24657,7d2803a4-967a-4b5b-aaa7-e76fea38ab03,550e8400-e29b-41d4-a716-446655440001,pre,2026-02-03 20:56:29.621195+00,2026-02-03 21:27:04.862+00,1879,2026-02-03 20:56:29.621195+00
1e63cb4a-aeb8-45e1-9f68-9c9734458b11,d98d990d-853c-4a3d-afe8-fd1c7ac76d60,7d2803a4-967a-4b5b-aaa7-e76fea38ab03,550e8400-e29b-41d4-a716-446655440001,pre,2026-02-03 21:44:21.255805+00,2026-02-03 21:52:59.703+00,554,2026-02-03 21:44:21.255805+00
c9399148-9ff0-43da-9225-3a561184625b,9479acfe-a2d3-4136-b833-55e312d870b9,7d2803a4-967a-4b5b-aaa7-e76fea38ab03,550e8400-e29b-41d4-a716-446655440001,pre,2026-02-03 21:39:47.396775+00,2026-02-03 21:56:45.016+00,1115,2026-02-03 21:39:47.396775+00
84d27552-7239-4478-aa80-2eb3c45d2cb5,cd200376-5af8-443c-afae-7bc4603392fa,7d2803a4-967a-4b5b-aaa7-e76fea38ab03,550e8400-e29b-41d4-a716-446655440001,pre,2026-02-03 21:41:25.629244+00,2026-02-03 21:57:05.573+00,963,2026-02-03 21:41:25.629244+00
28ccb01f-51f2-48c3-9860-c6a8760b16cc,658fd9b5-05e5-4010-8838-b41783ec6f87,7d2803a4-967a-4b5b-aaa7-e76fea38ab03,550e8400-e29b-41d4-a716-446655440001,pre,2026-02-03 21:20:01.201905+00,2026-02-03 21:57:46.471+00,2337,2026-02-03 21:20:01.201905+00
929420ee-9c1d-4ad7-af20-d68a50a973b4,07a68879-4de9-49d4-ab96-6b3edf71584c,7d2803a4-967a-4b5b-aaa7-e76fea38ab03,550e8400-e29b-41d4-a716-446655440001,pre,2026-02-03 21:45:31.585662+00,2026-02-03 22:03:12.985+00,1186,2026-02-03 21:45:31.585662+00
77bb71c3-a6fa-4859-bfe6-5c347de7b05a,4078f18f-92fd-47b2-95a5-a309cffae3b2,7d2803a4-967a-4b5b-aaa7-e76fea38ab03,550e8400-e29b-41d4-a716-446655440001,pre,2026-02-03 21:12:49.418337+00,2026-02-03 22:27:35.695+00,4940,2026-02-03 21:12:49.418337+00
da6ccbe2-0ad6-4625-9ac2-505ea6527d83,af5e84a6-172e-4226-8de6-0f43ded6df71,7d2803a4-967a-4b5b-aaa7-e76fea38ab03,550e8400-e29b-41d4-a716-446655440001,pre,2026-02-02 16:55:48.276304+00,2026-02-03 22:31:21.881+00,128,2026-02-02 16:55:48.276304+00
33c2ad88-bec6-4ea2-a5b1-c931f08df785,8fe4de6e-3e07-4a3c-a5de-99c9db8f1334,7d2803a4-967a-4b5b-aaa7-e76fea38ab03,550e8400-e29b-41d4-a716-446655440001,pre,2026-02-03 22:21:33.86828+00,2026-02-03 22:33:55.762+00,772,2026-02-03 22:21:33.86828+00
45d6bc88-47a3-4f76-b4c5-092c2b397141,178c493c-db35-47e6-ac7b-bd97eb83aff3,7d2803a4-967a-4b5b-aaa7-e76fea38ab03,550e8400-e29b-41d4-a716-446655440001,pre,2026-02-03 22:41:19.194928+00,2026-02-03 22:51:12.715+00,619,2026-02-03 22:41:19.194928+00
fd48824e-7934-4977-ac6e-129c23489db3,db0f6506-de3d-4d8a-853e-580bbfc7023b,7d2803a4-967a-4b5b-aaa7-e76fea38ab03,550e8400-e29b-41d4-a716-446655440001,pre,2026-02-03 22:49:37.520536+00,2026-02-03 23:04:47.733+00,929,2026-02-03 22:49:37.520536+00
6f6fd677-8503-4a7f-b8d6-3e8c9c74e50e,e17427d3-cf2f-4d62-8e93-b8ce8da134da,7d2803a4-967a-4b5b-aaa7-e76fea38ab03,550e8400-e29b-41d4-a716-446655440001,pre,2026-02-03 22:53:09.820442+00,2026-02-03 23:09:16.115+00,1078,2026-02-03 22:53:09.820442+00
3bc12e13-88b4-476d-9f3e-7fe618045c17,7a99fae1-34ab-4698-bac7-209da24ae7cd,7d2803a4-967a-4b5b-aaa7-e76fea38ab03,550e8400-e29b-41d4-a716-446655440001,pre,2026-02-03 23:20:48.792788+00,2026-02-03 23:37:59.761+00,1085,2026-02-03 23:20:48.792788+00
06915e57-438e-4e87-aaa3-f410aa0a7139,11cb4187-2f10-4e39-8662-0d49f2a3bced,7d2803a4-967a-4b5b-aaa7-e76fea38ab03,550e8400-e29b-41d4-a716-446655440001,pre,2026-02-03 23:37:47.898305+00,2026-02-03 23:54:38.454+00,1046,2026-02-03 23:37:47.898305+00
f9e59f01-e550-49ff-bafe-07e604bce5d7,f683ba27-13b6-4cda-9256-92c3f0265ee1,7d2803a4-967a-4b5b-aaa7-e76fea38ab03,550e8400-e29b-41d4-a716-446655440001,pre,2026-02-03 00:37:59.617181+00,2026-02-04 00:17:03.736+00,359,2026-02-03 00:37:59.617181+00
eadf8ea1-499b-418d-91a7-af8c89ca3245,95681721-dfc6-40a9-9e15-8a319ee0d942,7d2803a4-967a-4b5b-aaa7-e76fea38ab03,550e8400-e29b-41d4-a716-446655440001,pre,2026-02-04 00:19:03.676759+00,2026-02-04 00:31:24.792+00,766,2026-02-04 00:19:03.676759+00
f2d8b9ff-321b-4afb-95f8-adc85600dc22,3a6ea1fb-74ab-465f-bfc1-c5d4b2c7056c,7d2803a4-967a-4b5b-aaa7-e76fea38ab03,550e8400-e29b-41d4-a716-446655440001,pre,2026-02-04 00:24:43.394325+00,2026-02-04 00:42:35.328+00,1095,2026-02-04 00:24:43.394325+00
c579d10a-c7d4-48dd-8a51-5750953ad8e7,56e4cfcf-1d0f-480d-aae7-0fc77ca5298f,7d2803a4-967a-4b5b-aaa7-e76fea38ab03,550e8400-e29b-41d4-a716-446655440001,pre,2026-02-04 00:53:44.239309+00,2026-02-04 01:10:37.965+00,1074,2026-02-04 00:53:44.239309+00
97dfcd72-901b-4e20-959b-039088270880,a8426467-9223-4486-9d03-8bb006e1e213,7d2803a4-967a-4b5b-aaa7-e76fea38ab03,550e8400-e29b-41d4-a716-446655440001,pre,2026-02-04 01:10:55.888303+00,2026-02-04 01:23:50.639+00,821,2026-02-04 01:10:55.888303+00
90081149-f1aa-4448-b770-b289892204eb,27653114-c05f-4e18-bdc6-ffedd0cb1112,7d2803a4-967a-4b5b-aaa7-e76fea38ab03,550e8400-e29b-41d4-a716-446655440001,pre,2026-02-04 01:03:38.793887+00,2026-02-04 01:24:59.174+00,1327,2026-02-04 01:03:38.793887+00
6105131c-d35b-4af5-be58-6629689d8b09,d01c173b-f1d8-400c-8615-7be949197a3a,7d2803a4-967a-4b5b-aaa7-e76fea38ab03,550e8400-e29b-41d4-a716-446655440001,pre,2026-02-03 00:53:41.798303+00,2026-02-04 01:34:02.446+00,304,2026-02-03 00:53:41.798303+00
9782e3d4-3883-460d-8703-0ddbfd9f1215,28f84910-7f85-4044-adf7-98d07966a788,7d2803a4-967a-4b5b-aaa7-e76fea38ab03,550e8400-e29b-41d4-a716-446655440001,pre,2026-02-04 01:21:34.509732+00,2026-02-04 01:37:21.123+00,969,2026-02-04 01:21:34.509732+00
8dd9e169-e45e-4d65-9693-343c24380868,25ed0053-d2b4-46c0-89b8-438ca2858b95,7d2803a4-967a-4b5b-aaa7-e76fea38ab03,550e8400-e29b-41d4-a716-446655440001,pre,2026-02-04 01:11:32.350805+00,2026-02-04 02:07:27.435+00,3389,2026-02-04 01:11:32.350805+00
b4e64d66-87af-4c4b-9b90-6d2dbba8377c,2e113363-d3c8-472f-a407-73be07b754f8,7d2803a4-967a-4b5b-aaa7-e76fea38ab03,550e8400-e29b-41d4-a716-446655440001,pre,2026-02-02 06:05:36.437221+00,2026-02-04 02:12:10.791+00,742,2026-02-02 06:05:36.437221+00
5f1a2544-61cc-4b11-9ce9-d065582c66e7,e8d0e3f0-3c24-4de2-88f1-a9f2b6b49e8b,7d2803a4-967a-4b5b-aaa7-e76fea38ab03,550e8400-e29b-41d4-a716-446655440001,pre,2026-02-04 01:57:02.780668+00,2026-02-04 02:38:40.067+00,2550,2026-02-04 01:57:02.780668+00
bf8892b1-c801-4b1f-ac88-27b03c01bb83,0e5d16bd-930d-45a7-affd-94321b87a32d,7d2803a4-967a-4b5b-aaa7-e76fea38ab03,550e8400-e29b-41d4-a716-446655440001,pre,2026-02-04 02:44:56.029016+00,2026-02-04 03:04:07.963+00,992,2026-02-04 02:44:56.029016+00
71e3e451-ff06-4bed-bed9-79126e0db30d,db1f4ea5-3270-41f7-b372-860f7b189b41,7d2803a4-967a-4b5b-aaa7-e76fea38ab03,550e8400-e29b-41d4-a716-446655440001,pre,2026-02-04 03:06:31.547289+00,2026-02-04 03:32:10.657+00,1633,2026-02-04 03:06:31.547289+00
94b82189-1f55-4227-abea-a28045f8e42f,d9fc12a2-5bb6-4a3f-a9e9-67f9bdfd797c,7d2803a4-967a-4b5b-aaa7-e76fea38ab03,550e8400-e29b-41d4-a716-446655440001,pre,2026-02-04 03:01:21.103729+00,2026-02-04 03:33:37.074+00,1985,2026-02-04 03:01:21.103729+00
e378c379-59d2-4e5f-affe-00805947d536,a8e632f4-965a-4ebb-bf35-931107406303,7d2803a4-967a-4b5b-aaa7-e76fea38ab03,550e8400-e29b-41d4-a716-446655440001,pre,2026-02-04 03:22:37.472313+00,2026-02-04 03:37:39.852+00,946,2026-02-04 03:22:37.472313+00
5b8b3d98-7bad-482a-86cc-dc79cefba489,4a5f9226-e48f-416b-b41c-a87ba5c42330,7d2803a4-967a-4b5b-aaa7-e76fea38ab03,550e8400-e29b-41d4-a716-446655440001,pre,2026-02-04 00:06:45.06385+00,2026-02-04 03:52:21.476+00,1789,2026-02-04 00:06:45.06385+00
a81b2970-d3f5-436c-924a-8a7dde26435c,26d21e36-bea7-48c1-b348-eb3a35bb56ac,7d2803a4-967a-4b5b-aaa7-e76fea38ab03,550e8400-e29b-41d4-a716-446655440001,pre,2026-02-04 03:49:11.662816+00,2026-02-04 04:05:02.946+00,1040,2026-02-04 03:49:11.662816+00
d8a0095e-64df-4a04-bc7a-114d995f41d2,9b4d383a-2207-4bb9-9e53-14b8931757ee,7d2803a4-967a-4b5b-aaa7-e76fea38ab03,550e8400-e29b-41d4-a716-446655440001,pre,2026-02-02 17:30:07.780954+00,2026-02-04 04:09:10.84+00,60,2026-02-02 17:30:07.780954+00
416bb6fa-ccb2-4cf8-9073-ba92086ec015,9e49264d-0a86-4871-9dcf-169ce19349b6,7d2803a4-967a-4b5b-aaa7-e76fea38ab03,550e8400-e29b-41d4-a716-446655440001,pre,2026-02-04 04:13:22.36306+00,2026-02-04 04:19:46.639+00,23805,2026-02-04 04:13:22.36306+00
166077c3-9918-410a-99f9-b44840f3a6ad,67f5efd9-ae98-4a23-8733-051b48bb7e10,7d2803a4-967a-4b5b-aaa7-e76fea38ab03,550e8400-e29b-41d4-a716-446655440001,pre,2026-02-03 22:06:34.705393+00,2026-02-04 04:35:02.923+00,997,2026-02-03 22:06:34.705393+00
b562a1db-770f-4e97-a38b-87753b685985,223c2925-62f2-43b9-998e-f44c86831c68,7d2803a4-967a-4b5b-aaa7-e76fea38ab03,550e8400-e29b-41d4-a716-446655440001,pre,2026-02-04 05:35:39.639504+00,2026-02-04 05:47:53.98+00,775,2026-02-04 05:35:39.639504+00
558f7f83-2766-4939-97d0-bad69f77e368,53617188-3d8a-4133-8087-c76d8d5f6f98,7d2803a4-967a-4b5b-aaa7-e76fea38ab03,550e8400-e29b-41d4-a716-446655440001,pre,2026-02-04 03:12:54.554842+00,2026-02-04 13:40:22.891+00,37648,2026-02-04 03:12:54.554842+00
6ae9a7ee-8ba5-4c6f-acec-01902d71179c,98ddb8f9-b7b3-48da-a7e9-ff1dc8164f65,7d2803a4-967a-4b5b-aaa7-e76fea38ab03,550e8400-e29b-41d4-a716-446655440001,pre,2026-02-04 14:37:12.053962+00,2026-02-04 14:49:56.292+00,764,2026-02-04 14:37:12.053962+00
1c2be51a-9c16-4b85-9835-2faebe5ab9d5,adc4de3c-30c1-46bf-a97f-fb9b583d0245,7d2803a4-967a-4b5b-aaa7-e76fea38ab03,550e8400-e29b-41d4-a716-446655440001,pre,2026-02-04 15:16:06.328354+00,2026-02-04 15:31:22.742+00,916,2026-02-04 15:16:06.328354+00
42698dd9-671e-4819-bb95-514d6a25ca8c,cbdd9926-0c31-4a6c-9b7e-edd20642518c,7d2803a4-967a-4b5b-aaa7-e76fea38ab03,550e8400-e29b-41d4-a716-446655440001,pre,2026-02-04 15:41:05.691349+00,2026-02-04 15:59:02.011+00,1076,2026-02-04 15:41:05.691349+00
7c434bfd-d71e-44e6-a734-a2b3d175a0b6,cfcca1aa-75ab-4597-9e94-bc14a3372a5f,7d2803a4-967a-4b5b-aaa7-e76fea38ab03,550e8400-e29b-41d4-a716-446655440001,pre,2026-02-04 15:56:04.520751+00,2026-02-04 16:05:01.333+00,536,2026-02-04 15:56:04.520751+00
6eb8d899-6204-49e0-9100-4e5dedecd77e,a7c2bdef-8caa-49a3-9e03-0149a4757ec2,7d2803a4-967a-4b5b-aaa7-e76fea38ab03,550e8400-e29b-41d4-a716-446655440001,pre,2026-02-04 16:18:53.604418+00,2026-02-04 16:21:15.792+00,142,2026-02-04 16:18:53.604418+00
abc363aa-ffef-4e97-aa3c-44556e34f4d9,ddd1cdc2-aba7-4af4-8507-8258d5930a67,7d2803a4-967a-4b5b-aaa7-e76fea38ab03,550e8400-e29b-41d4-a716-446655440001,pre,2026-02-02 15:55:05.072116+00,2026-02-04 17:32:47.28+00,178662,2026-02-02 15:55:05.072116+00
0e63762f-717f-43e1-9b2f-c7b65360e15c,5589034d-77fa-49d2-9366-e311320cdbf7,7d2803a4-967a-4b5b-aaa7-e76fea38ab03,550e8400-e29b-41d4-a716-446655440001,pre,2026-02-04 17:50:17.19221+00,2026-02-04 17:55:44.365+00,327,2026-02-04 17:50:17.19221+00
9a9e8545-fbf5-4159-b1d4-a4f96eb4e8ef,b84e28c9-b124-4fd6-b6b5-58eebdd763fe,7d2803a4-967a-4b5b-aaa7-e76fea38ab03,550e8400-e29b-41d4-a716-446655440001,pre,2026-02-04 17:46:08.999637+00,2026-02-04 18:27:17.549+00,2468,2026-02-04 17:46:08.999637+00
29e8e8e5-7116-4430-b813-0e42153e123e,04c5c80d-c326-4790-9bf9-158af52afabf,7d2803a4-967a-4b5b-aaa7-e76fea38ab03,550e8400-e29b-41d4-a716-446655440001,pre,2026-02-04 18:21:22.439381+00,2026-02-04 18:38:28.005+00,1025,2026-02-04 18:21:22.439381+00
80bed8ff-ce45-4ad1-a684-6e6529c0a184,1d79a73a-efa0-445a-b144-eec0c7ee2dd7,7d2803a4-967a-4b5b-aaa7-e76fea38ab03,550e8400-e29b-41d4-a716-446655440001,pre,2026-02-04 18:30:45.382214+00,2026-02-04 18:41:51.404+00,666,2026-02-04 18:30:45.382214+00
729deb89-aa8b-4138-8737-0dd77fd4d869,72a15e95-887e-4bc6-aa20-3209e1a6279c,7d2803a4-967a-4b5b-aaa7-e76fea38ab03,550e8400-e29b-41d4-a716-446655440001,pre,2026-02-04 18:30:57.132025+00,2026-02-04 18:45:48.187+00,891,2026-02-04 18:30:57.132025+00
0edf2904-28ee-41cb-a865-2ebb4b8270dd,09992b1d-b5b9-44cd-85cf-454400c71204,7d2803a4-967a-4b5b-aaa7-e76fea38ab03,550e8400-e29b-41d4-a716-446655440001,pre,2026-02-04 18:48:30.155909+00,2026-02-04 18:57:31.938+00,541,2026-02-04 18:48:30.155909+00
cf66a569-ca0d-4c27-abcb-3a253da34e1d,3dba0c5e-3dc2-43f6-933b-98e5a82096a6,7d2803a4-967a-4b5b-aaa7-e76fea38ab03,550e8400-e29b-41d4-a716-446655440001,pre,2026-02-04 18:48:18.161604+00,2026-02-04 19:12:20.829+00,1442,2026-02-04 18:48:18.161604+00
eff29bec-edee-49c8-8e06-57a9695b5f13,677295aa-f661-4156-968e-51b7c6f0eb9d,7d2803a4-967a-4b5b-aaa7-e76fea38ab03,550e8400-e29b-41d4-a716-446655440001,pre,2026-02-04 04:12:00.807699+00,2026-02-04 19:21:55.939+00,54595,2026-02-04 04:12:00.807699+00
96a72f50-7a29-4ed6-ac29-bbb324edeee5,adfc5966-1516-4b34-8301-f3272627dc14,7d2803a4-967a-4b5b-aaa7-e76fea38ab03,550e8400-e29b-41d4-a716-446655440001,pre,2026-02-04 18:01:23.108155+00,2026-02-04 19:47:46.966+00,6383,2026-02-04 18:01:23.108155+00
331cd925-ad94-4745-96d5-25c6e99b943b,6d33b20e-965f-4174-afa2-2f30905ed7f5,7d2803a4-967a-4b5b-aaa7-e76fea38ab03,550e8400-e29b-41d4-a716-446655440001,pre,2026-02-03 02:33:32.529905+00,2026-02-04 19:59:00.944+00,149128,2026-02-03 02:33:32.529905+00
2b4fd071-99ef-41b7-82ef-997a3dfde6e2,c159fbae-27e3-4122-8a78-514b7eabcc9a,7d2803a4-967a-4b5b-aaa7-e76fea38ab03,550e8400-e29b-41d4-a716-446655440001,pre,2026-02-04 19:43:44.655385+00,2026-02-04 20:13:57.487+00,1812,2026-02-04 19:43:44.655385+00
d9b9d60e-e2b1-4f1a-889f-c931b12ce0e5,7eebf6eb-b686-4cf2-8987-3a2b734a18b7,7d2803a4-967a-4b5b-aaa7-e76fea38ab03,550e8400-e29b-41d4-a716-446655440001,pre,2026-02-04 20:20:15.957367+00,2026-02-04 20:36:56.559+00,1000,2026-02-04 20:20:15.957367+00
6307357b-0101-4bb2-bfbb-607f053a6063,e24041b6-1a24-4ec7-8993-5af57f0d87bd,7d2803a4-967a-4b5b-aaa7-e76fea38ab03,550e8400-e29b-41d4-a716-446655440001,pre,2026-02-04 20:12:23.256104+00,2026-02-04 20:38:59.952+00,1596,2026-02-04 20:12:23.256104+00
c343b88c-cf4d-42fa-b8d3-318927d34740,46f3dca6-ed5c-41fa-ae4c-867b7c7554f6,7d2803a4-967a-4b5b-aaa7-e76fea38ab03,550e8400-e29b-41d4-a716-446655440001,pre,2026-02-04 16:36:18.906391+00,2026-02-04 20:41:04.508+00,14685,2026-02-04 16:36:18.906391+00
2c7f25a2-d11d-4a06-8e5c-7e8918d53335,b0b6be78-73ec-4a8f-89c6-c8fd4124fd90,7d2803a4-967a-4b5b-aaa7-e76fea38ab03,550e8400-e29b-41d4-a716-446655440001,pre,2026-02-04 20:35:05.108775+00,2026-02-04 20:46:37+00,691,2026-02-04 20:35:05.108775+00
6f9cad6b-c24e-4b29-874e-21425ef59b54,3993b63b-9fde-4569-865f-f5bc87455910,7d2803a4-967a-4b5b-aaa7-e76fea38ab03,550e8400-e29b-41d4-a716-446655440001,pre,2026-02-04 20:30:50.689834+00,2026-02-04 20:52:04.978+00,1274,2026-02-04 20:30:50.689834+00
874d19fe-4d68-4f11-9b9f-4f87f7a76b1a,2f805fc0-49ae-4d8d-87ad-621575bce411,7d2803a4-967a-4b5b-aaa7-e76fea38ab03,550e8400-e29b-41d4-a716-446655440001,pre,2026-02-04 21:03:39.411892+00,2026-02-04 21:15:18.415+00,698,2026-02-04 21:03:39.411892+00
e73cd6ba-95da-4cbd-a54c-943db20cbe9d,6d20bce9-2501-4123-8ec6-8decf5a29666,7d2803a4-967a-4b5b-aaa7-e76fea38ab03,550e8400-e29b-41d4-a716-446655440001,pre,2026-02-04 20:59:21.220769+00,2026-02-04 21:18:28.067+00,1146,2026-02-04 20:59:21.220769+00
2459c215-573e-49b6-84fb-ab051b1ee440,5d5b38c9-39bf-4286-a814-f0122e2d7e8e,7d2803a4-967a-4b5b-aaa7-e76fea38ab03,550e8400-e29b-41d4-a716-446655440001,pre,2026-02-04 21:04:30.006539+00,2026-02-04 21:27:27.574+00,1377,2026-02-04 21:04:30.006539+00
b5968a9b-95fd-4c5b-b09a-fee651101440,4dc8fb4e-b5a0-4780-b637-98e51d9113d5,7d2803a4-967a-4b5b-aaa7-e76fea38ab03,550e8400-e29b-41d4-a716-446655440001,pre,2026-02-04 22:22:26.895838+00,2026-02-04 22:32:02.063+00,575,2026-02-04 22:22:26.895838+00
924dadb6-f590-45b4-be86-a2d2071421bc,34e64a2f-bfac-4f18-978f-c2bca109fa65,7d2803a4-967a-4b5b-aaa7-e76fea38ab03,550e8400-e29b-41d4-a716-446655440001,pre,2026-02-04 23:31:35.309945+00,2026-02-04 23:55:48.4+00,1453,2026-02-04 23:31:35.309945+00
e8c71b32-2d82-4a09-b999-a7137a795786,04db1eb9-e15a-4c80-b681-4e6be5a9f700,7d2803a4-967a-4b5b-aaa7-e76fea38ab03,550e8400-e29b-41d4-a716-446655440001,pre,2026-02-04 23:56:27.730214+00,2026-02-05 00:35:48.539+00,2360,2026-02-04 23:56:27.730214+00
9683fb8f-0f9d-4026-b19f-626be068fa92,462578fc-6412-4bd3-8526-62967d2f73af,7d2803a4-967a-4b5b-aaa7-e76fea38ab03,550e8400-e29b-41d4-a716-446655440001,pre,2026-02-05 02:00:19.586571+00,2026-02-05 02:26:15.867+00,1556,2026-02-05 02:00:19.586571+00
d3beb9ed-da30-4f68-9cf4-53a2ac34b9b8,2d453998-3c0c-4625-a32e-262ba06df72d,7d2803a4-967a-4b5b-aaa7-e76fea38ab03,550e8400-e29b-41d4-a716-446655440001,pre,2026-02-05 02:31:39.335394+00,2026-02-05 02:42:58.226+00,678,2026-02-05 02:31:39.335394+00
8e8c8642-222f-446c-bd67-eea0942de2b2,e8e8eef9-605b-42bb-a3f8-e4f0e61ff156,7d2803a4-967a-4b5b-aaa7-e76fea38ab03,550e8400-e29b-41d4-a716-446655440001,pre,2026-02-05 03:10:50.069242+00,2026-02-05 03:29:29.794+00,1119,2026-02-05 03:10:50.069242+00
80567348-6448-497d-b573-8758a4ba2bc6,92c069ec-1bfc-45d7-b75d-923aa947719a,7d2803a4-967a-4b5b-aaa7-e76fea38ab03,550e8400-e29b-41d4-a716-446655440001,pre,2026-02-05 03:24:44.106264+00,2026-02-05 03:32:32.699+00,468,2026-02-05 03:24:44.106264+00
ee173569-e2dd-4d8a-8084-962ed6eee119,872c4d6d-df49-4c1c-bdc8-718e070112e9,7d2803a4-967a-4b5b-aaa7-e76fea38ab03,550e8400-e29b-41d4-a716-446655440001,pre,2026-02-05 03:05:29.293765+00,2026-02-05 03:36:26.708+00,1857,2026-02-05 03:05:29.293765+00
bdad30f2-2076-4c54-b48e-9c4a857c7e43,2c851e7c-cead-4588-8766-efb9d7d2f47f,7d2803a4-967a-4b5b-aaa7-e76fea38ab03,550e8400-e29b-41d4-a716-446655440001,pre,2026-02-04 00:07:57.503503+00,2026-02-05 05:15:34.84+00,104857,2026-02-04 00:07:57.503503+00
f53ef19d-adc3-4a9e-8cc2-479149134d4c,d2d974a3-5cda-4903-9090-86f0791fdb9b,7d2803a4-967a-4b5b-aaa7-e76fea38ab03,550e8400-e29b-41d4-a716-446655440001,pre,2026-02-05 04:58:13.229812+00,2026-02-05 05:16:08.524+00,1075,2026-02-05 04:58:13.229812+00
7b034f6e-2edf-413e-be8b-2088b01f8a9c,a51dee54-47e9-4e57-951e-060b6a26d845,7d2803a4-967a-4b5b-aaa7-e76fea38ab03,550e8400-e29b-41d4-a716-446655440001,pre,2026-02-05 07:05:48.093753+00,2026-02-05 07:15:32.636+00,584,2026-02-05 07:05:48.093753+00
d1ac34cc-7247-45ef-93ca-4ce2e5aaffc7,9fc7af2f-ad5d-46d0-8b01-7153e0f8e004,7d2803a4-967a-4b5b-aaa7-e76fea38ab03,550e8400-e29b-41d4-a716-446655440001,pre,2026-02-05 11:38:58.304603+00,2026-02-05 11:49:18.822+00,620,2026-02-05 11:38:58.304603+00
bb24e8ce-a89d-4411-b2cd-8bff4c34022f,36abb522-b7ac-416d-84e1-551015a036d4,7d2803a4-967a-4b5b-aaa7-e76fea38ab03,550e8400-e29b-41d4-a716-446655440001,pre,2026-02-05 13:59:47.42444+00,2026-02-05 14:20:19.137+00,1231,2026-02-05 13:59:47.42444+00
1234cacb-bcb2-44c2-be52-cbaf8b355857,51a78d96-5ba3-4b39-a6fe-ce71f6974fba,7d2803a4-967a-4b5b-aaa7-e76fea38ab03,550e8400-e29b-41d4-a716-446655440001,pre,2026-02-05 16:09:50.538946+00,2026-02-05 16:22:53.706+00,783,2026-02-05 16:09:50.538946+00
b2e71b18-5746-4fb2-b924-70d01a46adb8,8ded5c36-5957-4833-9e6f-76eae7e3b1cc,7d2803a4-967a-4b5b-aaa7-e76fea38ab03,550e8400-e29b-41d4-a716-446655440001,pre,2026-02-05 16:32:23.313319+00,2026-02-05 16:54:00.432+00,1297,2026-02-05 16:32:23.313319+00
dccd3325-344d-4a7f-a6da-34875a412805,6afd970f-cf90-48d5-ba70-e31df9693b10,7d2803a4-967a-4b5b-aaa7-e76fea38ab03,550e8400-e29b-41d4-a716-446655440001,pre,2026-02-05 17:03:29.902879+00,2026-02-05 17:28:08.349+00,1478,2026-02-05 17:03:29.902879+00
977f7deb-3d99-4b80-874d-f79b03748ea2,578a2f55-4962-44a2-a1d3-726d7c5986d5,7d2803a4-967a-4b5b-aaa7-e76fea38ab03,550e8400-e29b-41d4-a716-446655440001,pre,2026-02-05 17:51:10.543056+00,2026-02-05 17:54:18.769+00,188,2026-02-05 17:51:10.543056+00
d8e3ad2b-b08d-4345-9018-b2e22cadef93,5ae9c119-f7bf-47c2-9099-6a92c89f6810,7d2803a4-967a-4b5b-aaa7-e76fea38ab03,550e8400-e29b-41d4-a716-446655440001,pre,2026-02-05 17:35:45.649975+00,2026-02-05 18:36:45.603+00,3659,2026-02-05 17:35:45.649975+00
64fbb57d-23dc-4cbe-94c0-542e7cf4d6c0,44b9aad3-71ca-4c00-8c92-e017e129cb8f,7d2803a4-967a-4b5b-aaa7-e76fea38ab03,550e8400-e29b-41d4-a716-446655440001,pre,2026-02-05 18:58:14.326453+00,2026-02-05 19:19:34.726+00,1280,2026-02-05 18:58:14.326453+00
d98c7b87-e2a4-4b51-bbc0-5a082b36559a,f863b3e8-2674-43d3-98eb-5273cc4a21f0,7d2803a4-967a-4b5b-aaa7-e76fea38ab03,550e8400-e29b-41d4-a716-446655440001,pre,2026-02-05 19:04:05.545514+00,2026-02-05 19:23:31.198+00,1165,2026-02-05 19:04:05.545514+00
352adb09-dde9-44eb-bf0e-9d7428c15022,f9ffadd4-dc2f-4af0-b387-c285c52435fa,7d2803a4-967a-4b5b-aaa7-e76fea38ab03,550e8400-e29b-41d4-a716-446655440001,pre,2026-02-03 15:35:54.102466+00,2026-02-05 19:56:49.305+00,188455,2026-02-03 15:35:54.102466+00
8ee98210-e9a9-47b2-a4dc-cf21a3f47d49,5509958c-52ec-40bc-8be4-4ffad0bdf13b,7d2803a4-967a-4b5b-aaa7-e76fea38ab03,550e8400-e29b-41d4-a716-446655440001,pre,2026-02-05 20:06:41.711721+00,2026-02-05 20:20:43.537+00,841,2026-02-05 20:06:41.711721+00
23bcea84-3521-4d95-88b9-770196233998,9ea52a27-0345-4d68-98a6-2d5e81bc058a,7d2803a4-967a-4b5b-aaa7-e76fea38ab03,550e8400-e29b-41d4-a716-446655440001,pre,2026-02-05 20:26:25.861089+00,2026-02-05 21:05:24.198+00,2338,2026-02-05 20:26:25.861089+00
f294de3c-f300-4571-b29e-a1c0e2bc68fe,b06154bb-4df8-4ee7-af71-72f36553148d,7d2803a4-967a-4b5b-aaa7-e76fea38ab03,550e8400-e29b-41d4-a716-446655440001,pre,2026-02-05 20:54:49.273569+00,2026-02-05 21:16:37.203+00,1307,2026-02-05 20:54:49.273569+00
ea4ea633-e8e5-4a7f-b0dc-42b5ff94007f,b10dfde6-072e-4e9e-a9e8-9e825988e1b9,7d2803a4-967a-4b5b-aaa7-e76fea38ab03,550e8400-e29b-41d4-a716-446655440001,pre,2026-02-05 21:25:43.030192+00,2026-02-05 21:37:52.077+00,729,2026-02-05 21:25:43.030192+00
26820e5e-c910-4159-ab82-b6dc30c20c7a,a58f1eba-f082-4305-b630-d347e37a3b3c,7d2803a4-967a-4b5b-aaa7-e76fea38ab03,550e8400-e29b-41d4-a716-446655440001,pre,2026-02-05 22:18:01.447714+00,2026-02-05 22:29:04.966+00,663,2026-02-05 22:18:01.447714+00
1086e50b-ceab-4966-bc7f-0d3854cce547,373f513a-5309-452f-ae44-aa47c95cf1be,7d2803a4-967a-4b5b-aaa7-e76fea38ab03,550e8400-e29b-41d4-a716-446655440001,pre,2026-02-05 22:18:51.911337+00,2026-02-05 22:34:53.739+00,961,2026-02-05 22:18:51.911337+00
0f0f0b44-2802-462a-b7a3-bb3e127685cd,0209cf8e-0f9d-4ee1-bd63-2f93f8900f6f,7d2803a4-967a-4b5b-aaa7-e76fea38ab03,550e8400-e29b-41d4-a716-446655440001,pre,2026-02-05 22:22:00.246109+00,2026-02-05 22:37:31.122+00,930,2026-02-05 22:22:00.246109+00
df316ac0-1926-4882-ba18-4177e56c7727,7487663a-da02-49b0-94c4-6ab5550631ff,7d2803a4-967a-4b5b-aaa7-e76fea38ab03,550e8400-e29b-41d4-a716-446655440001,pre,2026-02-05 22:21:22.68753+00,2026-02-05 22:42:21.646+00,1258,2026-02-05 22:21:22.68753+00
a7872987-1365-423b-99b2-84ffe939d6a8,26c38bf3-07ac-4f4d-9c77-395de555cdde,7d2803a4-967a-4b5b-aaa7-e76fea38ab03,550e8400-e29b-41d4-a716-446655440001,pre,2026-02-05 22:22:41.835994+00,2026-02-05 22:43:20.322+00,1238,2026-02-05 22:22:41.835994+00
63429226-206a-46b8-bb68-7590d46a7fa1,5ca30c44-f901-4ff4-95dd-fccfd6e8b3b8,7d2803a4-967a-4b5b-aaa7-e76fea38ab03,550e8400-e29b-41d4-a716-446655440001,pre,2026-02-05 22:29:13.191059+00,2026-02-05 22:45:19.027+00,965,2026-02-05 22:29:13.191059+00
603d17d9-7f2c-4b68-9119-7681c057f669,3dcd0573-65c6-4aa8-831e-a7148df8b341,7d2803a4-967a-4b5b-aaa7-e76fea38ab03,550e8400-e29b-41d4-a716-446655440001,pre,2026-02-05 22:31:16.91577+00,2026-02-05 22:45:32.994+00,856,2026-02-05 22:31:16.91577+00
fc4d1c94-7997-48ee-9577-d60bc9ae074d,f700eee8-a911-4f4f-b732-c02afc302f7f,7d2803a4-967a-4b5b-aaa7-e76fea38ab03,550e8400-e29b-41d4-a716-446655440001,pre,2026-02-05 22:41:51.753595+00,2026-02-05 22:58:55.768+00,1024,2026-02-05 22:41:51.753595+00
93bb97ef-70ca-4f0d-b998-f79591a964f1,1fb6c20a-b45a-409c-a7ee-bddc3a87eb64,7d2803a4-967a-4b5b-aaa7-e76fea38ab03,550e8400-e29b-41d4-a716-446655440001,pre,2026-02-05 22:40:53.500081+00,2026-02-05 22:58:57.944+00,1084,2026-02-05 22:40:53.500081+00
0a3fe147-a828-47c5-ad82-c00515ea6adb,bd26a440-df34-4027-83e7-1e88bd82f752,7d2803a4-967a-4b5b-aaa7-e76fea38ab03,550e8400-e29b-41d4-a716-446655440001,pre,2026-02-05 22:48:27.338053+00,2026-02-05 23:00:45.268+00,737,2026-02-05 22:48:27.338053+00
781623da-499a-468b-8e55-b246cd762816,6240ce10-73c5-4d18-9973-f0defeeb2be1,7d2803a4-967a-4b5b-aaa7-e76fea38ab03,550e8400-e29b-41d4-a716-446655440001,pre,2026-02-05 22:48:47.175559+00,2026-02-05 23:02:55.315+00,848,2026-02-05 22:48:47.175559+00
a87a3b99-b9f7-4072-8207-e014c7bf7d11,f60a4cb8-ca6c-4987-99bf-f4d3e1c4c9ba,7d2803a4-967a-4b5b-aaa7-e76fea38ab03,550e8400-e29b-41d4-a716-446655440001,pre,2026-02-05 22:53:07.039577+00,2026-02-05 23:03:35.093+00,628,2026-02-05 22:53:07.039577+00
b93a75a3-1fd4-4e1d-b945-136c30f66928,c697d079-2ee3-4784-94c8-e25d9c5e5ff0,7d2803a4-967a-4b5b-aaa7-e76fea38ab03,550e8400-e29b-41d4-a716-446655440001,pre,2026-02-05 17:03:08.185119+00,2026-02-05 23:30:15.098+00,23226,2026-02-05 17:03:08.185119+00
d4b63486-8f1e-4ea5-8adb-c44c29522e0f,a973f54a-b847-4950-bac8-c412598afa6a,7d2803a4-967a-4b5b-aaa7-e76fea38ab03,550e8400-e29b-41d4-a716-446655440001,pre,2026-02-05 23:56:51.173347+00,2026-02-06 00:16:49.939+00,1198,2026-02-05 23:56:51.173347+00
4d2ea53a-12e2-40b2-8e6a-4dff409decbb,c9b34398-948d-42c2-b9c4-35e60260b407,7d2803a4-967a-4b5b-aaa7-e76fea38ab03,550e8400-e29b-41d4-a716-446655440001,pre,2026-02-05 21:02:19.839003+00,2026-02-06 00:17:36.593+00,11716,2026-02-05 21:02:19.839003+00
7ed01f64-2ca3-4d5a-82a0-c18784783fb5,27902b06-d34d-4f81-a316-a4ba4ceb13cd,7d2803a4-967a-4b5b-aaa7-e76fea38ab03,550e8400-e29b-41d4-a716-446655440001,pre,2026-02-06 00:18:05.248058+00,2026-02-06 00:31:27.427+00,802,2026-02-06 00:18:05.248058+00
28dcc8d0-943b-4647-afcb-b43fa77da4a5,66100cec-ec3e-4478-a5cd-046786a408ad,7d2803a4-967a-4b5b-aaa7-e76fea38ab03,550e8400-e29b-41d4-a716-446655440001,pre,2026-02-06 00:49:59.677569+00,2026-02-06 01:13:34.257+00,1414,2026-02-06 00:49:59.677569+00
144d223e-97f0-4abe-9b89-40d399ed079b,2946ca66-b38e-4b6d-a10b-13579832dd14,7d2803a4-967a-4b5b-aaa7-e76fea38ab03,550e8400-e29b-41d4-a716-446655440001,pre,2026-02-06 01:13:51.182324+00,2026-02-06 01:24:09.429+00,618,2026-02-06 01:13:51.182324+00
a6039e28-f1b0-4c3f-8898-f23afea04301,2d56888a-fb4f-4f3f-ac94-efbf0d8ef553,7d2803a4-967a-4b5b-aaa7-e76fea38ab03,550e8400-e29b-41d4-a716-446655440001,pre,2026-02-06 01:43:59.494914+00,2026-02-06 01:59:55.105+00,955,2026-02-06 01:43:59.494914+00
0aa678d0-2bf4-42ed-992f-daf67332cb9f,0154b794-0ced-4ba0-bb83-f26ba2fa39fa,7d2803a4-967a-4b5b-aaa7-e76fea38ab03,550e8400-e29b-41d4-a716-446655440001,pre,2026-02-06 02:19:21.220048+00,2026-02-06 02:38:44.836+00,1163,2026-02-06 02:19:21.220048+00
b6a494db-82df-4bd3-ade2-2449ff8c118c,ff55cac5-f2f9-40da-87f8-20ec5343260d,7d2803a4-967a-4b5b-aaa7-e76fea38ab03,550e8400-e29b-41d4-a716-446655440001,pre,2026-02-06 02:20:48.69284+00,2026-02-06 02:42:46.898+00,1318,2026-02-06 02:20:48.69284+00
f7bd4372-1c55-4a58-a92e-fbfce81eaed0,cd948a1e-e119-4dd4-bf4e-1b651a68f1d6,7d2803a4-967a-4b5b-aaa7-e76fea38ab03,550e8400-e29b-41d4-a716-446655440001,pre,2026-02-06 02:25:30.789102+00,2026-02-06 03:21:17.12+00,3346,2026-02-06 02:25:30.789102+00
86096049-8a07-4cdf-805c-da175599878d,c1cd4e08-bd1a-4e3d-87c5-2b186980984d,7d2803a4-967a-4b5b-aaa7-e76fea38ab03,550e8400-e29b-41d4-a716-446655440001,pre,2026-02-06 03:33:00.896193+00,2026-02-06 03:35:20.61+00,139,2026-02-06 03:33:00.896193+00
1cbce57c-87ea-4a11-ab67-2aa34d0639dc,c96c5ba9-5932-46f6-9e84-e9612e30f89c,7d2803a4-967a-4b5b-aaa7-e76fea38ab03,550e8400-e29b-41d4-a716-446655440001,pre,2026-02-06 03:34:55.71341+00,2026-02-06 04:26:30.332+00,3094,2026-02-06 03:34:55.71341+00
aacab1ae-1b61-47a2-ba28-c7d84370e4b6,e4ea5cb1-bf24-44b1-80f3-c343e92a8c63,7d2803a4-967a-4b5b-aaa7-e76fea38ab03,550e8400-e29b-41d4-a716-446655440001,pre,2026-02-06 05:16:08.483442+00,2026-02-06 05:29:44.075+00,815,2026-02-06 05:16:08.483442+00
6b745fa5-9ae6-4fc7-a5b6-b5cd163949ac,63e04b4d-158b-4a73-82b0-4381426893e7,7d2803a4-967a-4b5b-aaa7-e76fea38ab03,550e8400-e29b-41d4-a716-446655440001,pre,2026-02-06 05:46:11.474398+00,2026-02-06 05:58:06.561+00,715,2026-02-06 05:46:11.474398+00
d7ce92e1-eecd-45ec-a7ad-5996ec9eb223,85f61c5a-eff7-43cd-bb76-bc308510fcf9,7d2803a4-967a-4b5b-aaa7-e76fea38ab03,550e8400-e29b-41d4-a716-446655440001,pre,2026-02-06 06:13:15.149282+00,2026-02-06 06:31:19.796+00,1084,2026-02-06 06:13:15.149282+00
a980a6ec-a7eb-4bf5-bdb3-685b0b9811a8,debb1db7-508a-4a31-82dc-d069126a4b42,7d2803a4-967a-4b5b-aaa7-e76fea38ab03,550e8400-e29b-41d4-a716-446655440001,pre,2026-02-06 13:03:41.781909+00,2026-02-06 13:19:26.57+00,944,2026-02-06 13:03:41.781909+00
74385ed3-dc76-4fbd-a61b-f6f98fb17787,d4dbc2aa-3336-424d-845d-933f3edb2062,7d2803a4-967a-4b5b-aaa7-e76fea38ab03,550e8400-e29b-41d4-a716-446655440001,pre,2026-02-06 14:29:26.829372+00,2026-02-06 14:48:24.748+00,1137,2026-02-06 14:29:26.829372+00
9deecd55-2000-4184-a90d-2d7d1f426e6a,3a00fbdb-ea33-483d-b82e-df3d81c04f0a,7d2803a4-967a-4b5b-aaa7-e76fea38ab03,550e8400-e29b-41d4-a716-446655440001,pre,2026-02-06 15:34:39.521992+00,2026-02-06 15:52:50.785+00,1091,2026-02-06 15:34:39.521992+00
7ae9f021-410c-4fca-8bf5-b5012d4f8845,1b13ca04-9348-433a-8d45-6e69e766e1b9,7d2803a4-967a-4b5b-aaa7-e76fea38ab03,550e8400-e29b-41d4-a716-446655440001,pre,2026-02-04 16:44:15.652771+00,2026-02-06 15:58:34.745+00,170059,2026-02-04 16:44:15.652771+00
bb836e5a-f2b7-4cf4-a365-ce05aace0762,f424c405-55da-4db2-b3e8-4f2235ff1dc2,7d2803a4-967a-4b5b-aaa7-e76fea38ab03,550e8400-e29b-41d4-a716-446655440001,pre,2026-02-05 14:29:00.813329+00,2026-02-06 16:42:51.313+00,94430,2026-02-05 14:29:00.813329+00
8c21048c-e1a3-49cd-81fb-24160dc361a4,6acf8f16-8915-435f-9dac-a890eff3c47b,7d2803a4-967a-4b5b-aaa7-e76fea38ab03,550e8400-e29b-41d4-a716-446655440001,pre,2026-02-06 16:37:57.606941+00,2026-02-06 16:54:36.704+00,999,2026-02-06 16:37:57.606941+00
ec37f58a-7c43-4204-b163-e6a33601e864,a20dbb19-4803-4a70-b3d3-5e07419f11ec,7d2803a4-967a-4b5b-aaa7-e76fea38ab03,550e8400-e29b-41d4-a716-446655440001,pre,2026-02-06 16:36:16.282953+00,2026-02-06 17:06:16.617+00,1800,2026-02-06 16:36:16.282953+00
49ce03e4-d33b-4363-8ee9-96176e3af057,43a6975d-8f14-486b-b48a-43695e6adfdc,7d2803a4-967a-4b5b-aaa7-e76fea38ab03,550e8400-e29b-41d4-a716-446655440001,pre,2026-02-06 16:47:45.939318+00,2026-02-06 17:06:25.661+00,1119,2026-02-06 16:47:45.939318+00
21a03988-d4dc-4ef2-b429-5e19cdfd66a5,2e90c419-b94b-4b0d-ba3f-288382840b2d,7d2803a4-967a-4b5b-aaa7-e76fea38ab03,550e8400-e29b-41d4-a716-446655440001,pre,2026-02-06 17:09:10.931976+00,2026-02-06 17:28:51.238+00,1180,2026-02-06 17:09:10.931976+00
63e76e50-6abc-470c-92e4-56f31224131b,851516a8-590d-4142-bdbb-40230eaa1b98,7d2803a4-967a-4b5b-aaa7-e76fea38ab03,550e8400-e29b-41d4-a716-446655440001,pre,2026-02-02 18:17:29.755424+00,2026-02-06 17:42:11.285+00,343481,2026-02-02 18:17:29.755424+00
0ccf2d1e-e680-4853-824a-932586744d59,62a9753b-a56f-4358-8df1-693d6bd38bbb,7d2803a4-967a-4b5b-aaa7-e76fea38ab03,550e8400-e29b-41d4-a716-446655440001,pre,2026-02-06 16:54:26.284505+00,2026-02-06 17:56:46.916+00,3740,2026-02-06 16:54:26.284505+00
b6118e74-f4dd-4206-9dbf-56c3fc0e7882,0dfbf126-a53d-45a3-a99d-d4320b021927,7d2803a4-967a-4b5b-aaa7-e76fea38ab03,550e8400-e29b-41d4-a716-446655440001,pre,2026-02-06 17:59:44.269381+00,2026-02-06 18:10:35.644+00,651,2026-02-06 17:59:44.269381+00
fec0c923-e487-47ba-a82f-d93f02a167f7,9b3025b9-f7d0-40cb-a95e-9604be2ffa2b,7d2803a4-967a-4b5b-aaa7-e76fea38ab03,550e8400-e29b-41d4-a716-446655440001,pre,2026-02-06 18:13:39.884449+00,2026-02-06 18:24:13.987+00,634,2026-02-06 18:13:39.884449+00
3896189a-b721-48fc-aa4e-cc8c0a648cbb,3ea44c6e-88b9-4522-8f3f-40d7b4c90b91,7d2803a4-967a-4b5b-aaa7-e76fea38ab03,550e8400-e29b-41d4-a716-446655440001,pre,2026-02-06 18:12:40.566643+00,2026-02-06 18:29:10.451+00,989,2026-02-06 18:12:40.566643+00
1fc496e4-e974-49e1-b5f9-108c8fe87714,24e2fc24-58d0-4d4e-8954-a395aa6c54df,7d2803a4-967a-4b5b-aaa7-e76fea38ab03,550e8400-e29b-41d4-a716-446655440001,pre,2026-02-06 18:39:32.066946+00,2026-02-06 19:01:34.794+00,1322,2026-02-06 18:39:32.066946+00
a31ade29-0fb4-4a9b-bc20-75376361e328,081170cf-888d-4248-b97f-ccbfcaf07935,7d2803a4-967a-4b5b-aaa7-e76fea38ab03,550e8400-e29b-41d4-a716-446655440001,pre,2026-02-06 18:51:16.186727+00,2026-02-06 19:05:07.787+00,831,2026-02-06 18:51:16.186727+00
38b31f3f-d04f-4f0c-8f97-88c72386809d,c05c3d0d-5689-4b8f-bce1-26b53fdc23bc,7d2803a4-967a-4b5b-aaa7-e76fea38ab03,550e8400-e29b-41d4-a716-446655440001,pre,2026-02-06 18:44:31.840935+00,2026-02-06 19:08:16.871+00,1425,2026-02-06 18:44:31.840935+00
1b7a866e-4643-434d-b276-266466966497,136cf5ce-8759-479b-80fd-8df0740965b6,7d2803a4-967a-4b5b-aaa7-e76fea38ab03,550e8400-e29b-41d4-a716-446655440001,pre,2026-02-06 18:52:43.948518+00,2026-02-06 19:09:00.818+00,976,2026-02-06 18:52:43.948518+00
68fde7ad-0e3b-49f4-84c5-838a1c478a99,436de47b-6218-4533-8946-ba1ca2965f6b,7d2803a4-967a-4b5b-aaa7-e76fea38ab03,550e8400-e29b-41d4-a716-446655440001,pre,2026-02-06 19:05:25.245544+00,2026-02-06 19:20:15.859+00,890,2026-02-06 19:05:25.245544+00
0fa82589-13e1-40f1-bc4f-cd31d90bb32b,efc922fc-df4d-400d-84fe-b02f8c902d21,7d2803a4-967a-4b5b-aaa7-e76fea38ab03,550e8400-e29b-41d4-a716-446655440001,pre,2026-02-06 19:04:05.264174+00,2026-02-06 19:21:02.246+00,1016,2026-02-06 19:04:05.264174+00
981ef6a3-746c-42ee-91d1-99844bcd216c,6abf9f8d-205e-4d0a-8c16-9bdf3fe6c577,7d2803a4-967a-4b5b-aaa7-e76fea38ab03,550e8400-e29b-41d4-a716-446655440001,pre,2026-02-06 19:10:35.152107+00,2026-02-06 19:33:58.381+00,1403,2026-02-06 19:10:35.152107+00
3d6d1323-6ffa-46f3-b0a2-c8935a5028be,cf8f6a88-1220-40ab-8bab-489126a20ce3,7d2803a4-967a-4b5b-aaa7-e76fea38ab03,550e8400-e29b-41d4-a716-446655440001,pre,2026-02-06 19:55:13.494438+00,2026-02-06 20:04:26.345+00,552,2026-02-06 19:55:13.494438+00
e61756ef-660b-411b-9711-ebd23a96b7b2,89a42f53-1b0a-45ca-88ea-65902b88497b,7d2803a4-967a-4b5b-aaa7-e76fea38ab03,550e8400-e29b-41d4-a716-446655440001,pre,2026-02-06 19:54:58.650336+00,2026-02-06 20:07:25.977+00,747,2026-02-06 19:54:58.650336+00
bb5da3b2-955c-4de6-89d2-11b57e33b4ec,c06222da-1592-495f-bf69-cbb1a525aee8,7d2803a4-967a-4b5b-aaa7-e76fea38ab03,550e8400-e29b-41d4-a716-446655440001,pre,2026-02-06 20:02:17.010734+00,2026-02-06 20:16:16.99+00,839,2026-02-06 20:02:17.010734+00
8d369804-9c8d-49d3-b6d5-da50b84d90a5,ff0ad9d9-401f-4fe3-9388-8f453d7d400c,7d2803a4-967a-4b5b-aaa7-e76fea38ab03,550e8400-e29b-41d4-a716-446655440001,pre,2026-02-06 21:56:55.625653+00,2026-02-06 22:51:25.277+00,3269,2026-02-06 21:56:55.625653+00
74ec2928-b0b3-4c0f-a748-69e40329f906,1d2a2f35-dbc4-497d-9b0a-4b386dbff104,7d2803a4-967a-4b5b-aaa7-e76fea38ab03,550e8400-e29b-41d4-a716-446655440001,pre,2026-02-06 22:47:55.161487+00,2026-02-06 23:13:00.308+00,1505,2026-02-06 22:47:55.161487+00
22fd806b-0688-476f-8335-aad031d8dbe4,c625ad8a-e8ab-44b9-babd-70559b56cefd,7d2803a4-967a-4b5b-aaa7-e76fea38ab03,550e8400-e29b-41d4-a716-446655440001,pre,2026-02-06 23:00:53.674415+00,2026-02-06 23:16:57.353+00,963,2026-02-06 23:00:53.674415+00
96ffd67c-b5d9-4270-a4e0-dff08c781153,fc7ce629-8e5f-4054-ae6a-dadf3fb425ef,7d2803a4-967a-4b5b-aaa7-e76fea38ab03,550e8400-e29b-41d4-a716-446655440001,pre,2026-02-06 22:58:36.049941+00,2026-02-06 23:17:38.507+00,1142,2026-02-06 22:58:36.049941+00
0d9d026b-9657-4a81-8abb-11af8721f27a,6f482579-b96c-4d52-b719-ae647180e8d7,7d2803a4-967a-4b5b-aaa7-e76fea38ab03,550e8400-e29b-41d4-a716-446655440001,pre,2026-02-06 23:39:14.491518+00,2026-02-06 23:51:28.182+00,733,2026-02-06 23:39:14.491518+00
f5ab0424-eeb3-4b50-bc19-0ba6c8226193,433a74d7-d61e-419c-b9f8-ab07e4e13688,7d2803a4-967a-4b5b-aaa7-e76fea38ab03,550e8400-e29b-41d4-a716-446655440001,pre,2026-02-06 21:24:08.791699+00,2026-02-07 00:37:25.404+00,11596,2026-02-06 21:24:08.791699+00
ec855c32-32af-49ac-b8b3-679fb8d8e83d,efa8cdc3-6721-4bf7-bab2-9250b0cda105,7d2803a4-967a-4b5b-aaa7-e76fea38ab03,550e8400-e29b-41d4-a716-446655440001,pre,2026-02-07 00:00:11.048326+00,2026-02-07 00:56:51.467+00,3400,2026-02-07 00:00:11.048326+00
2ae693e9-632d-42e9-8c66-8e455a4845fb,b13eb18c-ff03-4cfe-982f-2e86d3134d1c,7d2803a4-967a-4b5b-aaa7-e76fea38ab03,550e8400-e29b-41d4-a716-446655440001,pre,2026-02-07 01:04:16.889664+00,2026-02-07 01:19:02.047+00,885,2026-02-07 01:04:16.889664+00
e83c00f2-b2b6-480d-88da-26f42b72be69,ef996ca3-149c-4dea-ae3b-74807bdae998,7d2803a4-967a-4b5b-aaa7-e76fea38ab03,550e8400-e29b-41d4-a716-446655440001,pre,2026-02-07 03:02:22.016934+00,2026-02-07 03:24:34.298+00,1332,2026-02-07 03:02:22.016934+00
8eeee40f-f4f8-4f7f-aa9a-f0f27112721b,1159ec1b-c6c0-458e-be6b-f0ccc5bf42a5,7d2803a4-967a-4b5b-aaa7-e76fea38ab03,550e8400-e29b-41d4-a716-446655440001,pre,2026-02-07 04:05:48.331869+00,2026-02-07 04:24:19.11+00,1110,2026-02-07 04:05:48.331869+00
5111f967-baf9-4e62-8fd5-281977e8ba85,7fce5aa7-5705-435c-83ab-bf3cb8b15779,7d2803a4-967a-4b5b-aaa7-e76fea38ab03,550e8400-e29b-41d4-a716-446655440001,pre,2026-02-07 05:05:33.414972+00,2026-02-07 05:32:34.293+00,1620,2026-02-07 05:05:33.414972+00
89bc61b5-41bd-4b4c-9885-e76136de1daa,e198d1d9-50b1-4c62-b249-0c4e7889b67b,7d2803a4-967a-4b5b-aaa7-e76fea38ab03,550e8400-e29b-41d4-a716-446655440001,pre,2026-02-07 07:03:29.588825+00,2026-02-07 07:16:10.217+00,760,2026-02-07 07:03:29.588825+00
90537d72-270b-40ae-82e6-25799f498f0a,e80d24fd-1d58-4391-b3bd-0df67bf32f11,7d2803a4-967a-4b5b-aaa7-e76fea38ab03,550e8400-e29b-41d4-a716-446655440001,pre,2026-02-07 16:54:46.686104+00,2026-02-07 17:49:17.583+00,3270,2026-02-07 16:54:46.686104+00
c3c55f45-a506-4228-8825-6d2cfd59b878,cabed7bf-cca4-4707-9363-dcf32f8e8c72,7d2803a4-967a-4b5b-aaa7-e76fea38ab03,550e8400-e29b-41d4-a716-446655440001,pre,2026-02-07 18:27:23.803546+00,2026-02-07 18:39:20.647+00,716,2026-02-07 18:27:23.803546+00
25f285c0-e837-409b-b6b2-f90b5dfe8d10,db423139-872d-4fa3-bf0c-195fd9e1c84a,7d2803a4-967a-4b5b-aaa7-e76fea38ab03,550e8400-e29b-41d4-a716-446655440001,pre,2026-02-07 18:34:18.282778+00,2026-02-07 18:50:56.518+00,998,2026-02-07 18:34:18.282778+00
80ff32c3-e2c2-4cfe-a334-4c7fe9887351,d9beb19a-8221-4a51-9f5b-e3e8d8b651d8,7d2803a4-967a-4b5b-aaa7-e76fea38ab03,550e8400-e29b-41d4-a716-446655440001,pre,2026-02-07 18:56:45.854566+00,2026-02-07 19:12:18.605+00,932,2026-02-07 18:56:45.854566+00
25b43e32-3c4a-436a-947f-dc2b34989040,f32eb83c-4b42-41b4-a2e8-60eae40f38f0,7d2803a4-967a-4b5b-aaa7-e76fea38ab03,550e8400-e29b-41d4-a716-446655440001,pre,2026-02-07 19:02:22.919226+00,2026-02-07 19:20:40.632+00,1097,2026-02-07 19:02:22.919226+00
f530d35d-8db4-484e-84e1-9931b7dfab48,ec568569-c971-44c0-959f-7d2da5a9dd14,7d2803a4-967a-4b5b-aaa7-e76fea38ab03,550e8400-e29b-41d4-a716-446655440001,pre,2026-02-07 19:19:07.782491+00,2026-02-07 19:33:57.035+00,889,2026-02-07 19:19:07.782491+00
545b4008-effe-4119-8288-543c76dab804,e2466c44-b4e8-45e1-8ca3-3ebdbee7824f,7d2803a4-967a-4b5b-aaa7-e76fea38ab03,550e8400-e29b-41d4-a716-446655440001,pre,2026-02-07 19:21:08.510991+00,2026-02-07 19:37:33.927+00,985,2026-02-07 19:21:08.510991+00
9f00d8d0-7d12-455f-bbe4-17b423a32c84,1f835f8f-ec63-433d-aa6a-5bdbc04eeeae,7d2803a4-967a-4b5b-aaa7-e76fea38ab03,550e8400-e29b-41d4-a716-446655440001,pre,2026-02-07 19:09:36.204148+00,2026-02-07 19:41:38.778+00,1922,2026-02-07 19:09:36.204148+00
7cf0a027-c7de-4405-92d2-fa489ce473c7,e81a391a-d49f-4b65-b3c2-3ee59d007fa8,7d2803a4-967a-4b5b-aaa7-e76fea38ab03,550e8400-e29b-41d4-a716-446655440001,pre,2026-02-03 22:54:37.458389+00,2026-02-07 20:05:25.179+00,335447,2026-02-03 22:54:37.458389+00
f68f45f1-a00a-4519-8d7c-10bf2595d20d,ba57b317-ce06-44c6-b117-58c8a4b82fc1,7d2803a4-967a-4b5b-aaa7-e76fea38ab03,550e8400-e29b-41d4-a716-446655440001,pre,2026-02-07 19:45:56.614818+00,2026-02-07 20:14:28.135+00,1711,2026-02-07 19:45:56.614818+00
0b304a66-f328-4307-9f0a-a0c87b85be97,acc5a7ca-4ac4-47b4-a9d4-1e565130c755,7d2803a4-967a-4b5b-aaa7-e76fea38ab03,550e8400-e29b-41d4-a716-446655440001,pre,2026-02-07 19:21:11.204239+00,2026-02-07 20:28:46.99+00,4055,2026-02-07 19:21:11.204239+00
96b7cf3f-8179-4f3c-86da-3897a27bcd71,aef45d16-0ee5-4de2-8649-9e1d6cb1eb51,7d2803a4-967a-4b5b-aaa7-e76fea38ab03,550e8400-e29b-41d4-a716-446655440001,pre,2026-02-07 20:24:36.704826+00,2026-02-07 20:35:01.716+00,624,2026-02-07 20:24:36.704826+00
757c53cb-67d6-4562-bf31-88836867567c,16e258fb-5dd7-4314-9cec-38df12efc1f5,7d2803a4-967a-4b5b-aaa7-e76fea38ab03,550e8400-e29b-41d4-a716-446655440001,pre,2026-02-07 20:30:32.060429+00,2026-02-07 20:40:44.916+00,612,2026-02-07 20:30:32.060429+00
f3785b23-528b-43e1-836e-052236412329,929e7e73-2466-484d-9361-8ab004d55c8f,7d2803a4-967a-4b5b-aaa7-e76fea38ab03,550e8400-e29b-41d4-a716-446655440001,pre,2026-02-07 20:46:13.512514+00,2026-02-07 21:02:04.822+00,951,2026-02-07 20:46:13.512514+00
39263a34-575b-4875-82ca-cff1353ad2e1,7ae80699-65ec-448c-b808-09f4d4a89f08,7d2803a4-967a-4b5b-aaa7-e76fea38ab03,550e8400-e29b-41d4-a716-446655440001,pre,2026-02-07 20:50:45.668444+00,2026-02-07 21:02:18.405+00,692,2026-02-07 20:50:45.668444+00
727cb05f-b987-47a9-a988-5d9c3f6f7c2c,d99f87c6-263d-4886-8d20-c7b603d03df1,7d2803a4-967a-4b5b-aaa7-e76fea38ab03,550e8400-e29b-41d4-a716-446655440001,pre,2026-02-07 18:42:27.098224+00,2026-02-07 21:10:38.627+00,8891,2026-02-07 18:42:27.098224+00
a7636054-1da1-4e4f-8642-add40dc2c6dd,e890d4f2-4947-4813-89f0-5244e42bbdd9,7d2803a4-967a-4b5b-aaa7-e76fea38ab03,550e8400-e29b-41d4-a716-446655440001,pre,2026-02-07 20:50:53.470859+00,2026-02-07 21:15:09.721+00,1456,2026-02-07 20:50:53.470859+00
4ee899d5-6717-434d-a4e7-88e58da59aa5,e270ff2d-8c43-4155-85da-7b9e0bd46993,7d2803a4-967a-4b5b-aaa7-e76fea38ab03,550e8400-e29b-41d4-a716-446655440001,pre,2026-02-07 19:19:20.49356+00,2026-02-07 21:30:24.454+00,7863,2026-02-07 19:19:20.49356+00
d8532f2f-285a-4c81-af3e-864e8efd1340,d358b751-b5f5-40b9-9623-b781ef1e71bc,7d2803a4-967a-4b5b-aaa7-e76fea38ab03,550e8400-e29b-41d4-a716-446655440001,pre,2026-02-07 21:08:29.853829+00,2026-02-07 21:32:07.964+00,1418,2026-02-07 21:08:29.853829+00
219ae9c0-70dd-4848-aa73-47902ba81e90,dd5a1c00-4ed9-407d-9287-e15a670a9617,7d2803a4-967a-4b5b-aaa7-e76fea38ab03,550e8400-e29b-41d4-a716-446655440001,pre,2026-02-07 21:43:53.358057+00,2026-02-07 22:12:49.426+00,1736,2026-02-07 21:43:53.358057+00
5bc735fc-59eb-415d-a220-b296f64636b1,680b1b70-53e7-43ae-82b9-fbf89b7e46dc,7d2803a4-967a-4b5b-aaa7-e76fea38ab03,550e8400-e29b-41d4-a716-446655440001,pre,2026-02-07 22:01:44.769179+00,2026-02-07 22:21:08.063+00,1163,2026-02-07 22:01:44.769179+00
f3bea241-95ef-46b6-8be3-53e1091a61e8,715b56dd-5e92-422f-bca8-ce3784757af9,7d2803a4-967a-4b5b-aaa7-e76fea38ab03,550e8400-e29b-41d4-a716-446655440001,pre,2026-02-07 22:01:46.773297+00,2026-02-07 22:28:08.816+00,1582,2026-02-07 22:01:46.773297+00
263254e7-6fa1-42c9-91b7-f7d1870ecdc0,b4b937d9-1d93-4522-a83c-5324eeb53baf,7d2803a4-967a-4b5b-aaa7-e76fea38ab03,550e8400-e29b-41d4-a716-446655440001,pre,2026-02-07 22:27:47.548674+00,2026-02-07 22:39:40.372+00,712,2026-02-07 22:27:47.548674+00
5257d681-c3de-404a-9343-29b267287196,e7003d9b-d7c7-4a21-8ebc-913306d2b952,7d2803a4-967a-4b5b-aaa7-e76fea38ab03,550e8400-e29b-41d4-a716-446655440001,pre,2026-02-07 22:30:30.634468+00,2026-02-07 22:41:27.713+00,657,2026-02-07 22:30:30.634468+00
e7f6bbbc-8043-4e38-bf4d-c36f2f0a3e98,f4a59672-17d9-44dc-8131-afc6e0c8d21b,7d2803a4-967a-4b5b-aaa7-e76fea38ab03,550e8400-e29b-41d4-a716-446655440001,pre,2026-02-07 22:32:54.473372+00,2026-02-07 22:43:45.851+00,651,2026-02-07 22:32:54.473372+00
f280bb5e-0e40-4149-bd5a-9787d7073c33,d13b23d5-5004-4fdd-a0c4-73d1f8f4a24e,7d2803a4-967a-4b5b-aaa7-e76fea38ab03,550e8400-e29b-41d4-a716-446655440001,pre,2026-02-07 22:35:46.625654+00,2026-02-07 22:49:16.524+00,809,2026-02-07 22:35:46.625654+00
f97378bb-c231-470e-aeaa-43e36c930da9,855f5aef-1708-4421-a77c-3c5df15cfb9c,7d2803a4-967a-4b5b-aaa7-e76fea38ab03,550e8400-e29b-41d4-a716-446655440001,pre,2026-02-07 22:34:53.83178+00,2026-02-07 22:54:35.324+00,1181,2026-02-07 22:34:53.83178+00
e22171b5-63bc-4eb8-aedb-17f8e27d06ac,15224bd3-3e12-44e9-a1ce-a1b1b6a89785,7d2803a4-967a-4b5b-aaa7-e76fea38ab03,550e8400-e29b-41d4-a716-446655440001,pre,2026-02-07 23:02:19.166171+00,2026-02-07 23:10:41.043+00,501,2026-02-07 23:02:19.166171+00
5f491013-b40c-4c75-beae-aee4583cf15d,2f4eaf1b-2f5c-4a2c-a997-662b1f70bd29,7d2803a4-967a-4b5b-aaa7-e76fea38ab03,550e8400-e29b-41d4-a716-446655440001,pre,2026-02-06 04:28:44.217322+00,2026-02-07 23:14:07.068+00,153922,2026-02-06 04:28:44.217322+00
e5496b6a-07cd-475e-a18d-bff4dfd1adb0,f5ef1800-1b0a-4c19-8681-2705777ba700,7d2803a4-967a-4b5b-aaa7-e76fea38ab03,550e8400-e29b-41d4-a716-446655440001,pre,2026-02-07 23:06:10.003078+00,2026-02-07 23:40:27.706+00,2057,2026-02-07 23:06:10.003078+00
002fdf2b-9540-4bec-a9c2-3b77e6f91c6c,9cc859b4-8fa5-4b89-b3bb-43f68969a24f,7d2803a4-967a-4b5b-aaa7-e76fea38ab03,550e8400-e29b-41d4-a716-446655440001,pre,2026-02-07 23:24:23.609214+00,2026-02-07 23:48:30.232+00,1446,2026-02-07 23:24:23.609214+00
341d4ea1-8432-4152-bb78-3599e2621c5d,34a050fc-d6f5-4d52-818a-1fb5d3197c60,7d2803a4-967a-4b5b-aaa7-e76fea38ab03,550e8400-e29b-41d4-a716-446655440001,pre,2026-02-07 23:51:56.370551+00,2026-02-08 00:01:36.523+00,580,2026-02-07 23:51:56.370551+00
0ab34ef6-8eb9-4b26-a142-36ffa97e7738,3490484a-30eb-48ac-a4c6-350219f9a91b,7d2803a4-967a-4b5b-aaa7-e76fea38ab03,550e8400-e29b-41d4-a716-446655440001,pre,2026-02-07 23:57:07.895621+00,2026-02-08 00:16:00.413+00,1132,2026-02-07 23:57:07.895621+00
d2fe09d9-96c2-4bee-a283-7f81bdc3e9ee,bfd4f924-5ce7-495c-89b1-0130a20924de,7d2803a4-967a-4b5b-aaa7-e76fea38ab03,550e8400-e29b-41d4-a716-446655440001,pre,2026-02-08 00:11:30.122002+00,2026-02-08 00:25:47.868+00,857,2026-02-08 00:11:30.122002+00
b2c72135-1923-4914-bf13-7f5cfdefca19,dd9ba1d1-5cc9-41d0-a676-4fe106f2cf39,7d2803a4-967a-4b5b-aaa7-e76fea38ab03,550e8400-e29b-41d4-a716-446655440001,pre,2026-02-02 19:44:05.95035+00,2026-02-08 00:26:35.908+00,448949,2026-02-02 19:44:05.95035+00
8710bae1-25cc-4f0c-9726-c0754be61c5a,70adf62b-f94f-4799-9d05-aacfa46dc68a,7d2803a4-967a-4b5b-aaa7-e76fea38ab03,550e8400-e29b-41d4-a716-446655440001,pre,2026-02-08 00:38:17.695615+00,2026-02-08 00:45:07.097+00,409,2026-02-08 00:38:17.695615+00
1b084e1f-902e-4422-92f8-2aa25ab9506b,bc0bb629-8458-439d-99f8-1322ef7cb854,7d2803a4-967a-4b5b-aaa7-e76fea38ab03,550e8400-e29b-41d4-a716-446655440001,pre,2026-02-08 00:45:18.115778+00,2026-02-08 00:55:14.424+00,596,2026-02-08 00:45:18.115778+00
ab02a938-4a3e-411b-90d3-c89930278128,598b6fc3-f46e-4f8f-842a-cf745eabe14d,7d2803a4-967a-4b5b-aaa7-e76fea38ab03,550e8400-e29b-41d4-a716-446655440001,pre,2026-02-08 01:01:34.233297+00,2026-02-08 01:04:21.774+00,167,2026-02-08 01:01:34.233297+00
628838e3-8c48-49e5-837b-96e5844081c4,5d930702-044d-4c03-83f8-740df1934d6b,7d2803a4-967a-4b5b-aaa7-e76fea38ab03,550e8400-e29b-41d4-a716-446655440001,pre,2026-02-07 23:49:24.672273+00,2026-02-08 01:08:37.218+00,4752,2026-02-07 23:49:24.672273+00
231c67b5-1b29-405b-960a-61742f418e6b,9a551ffe-78f4-4455-9c97-9bd91241a490,7d2803a4-967a-4b5b-aaa7-e76fea38ab03,550e8400-e29b-41d4-a716-446655440001,pre,2026-02-08 00:53:01.755934+00,2026-02-08 01:12:13.857+00,1152,2026-02-08 00:53:01.755934+00
314b9ca0-e1be-4c15-b7eb-fb57a0535ba6,5db34c3f-6d22-44e1-a5fa-5936188f9fca,7d2803a4-967a-4b5b-aaa7-e76fea38ab03,550e8400-e29b-41d4-a716-446655440001,pre,2026-02-08 01:16:47.341029+00,2026-02-08 01:31:02.889+00,855,2026-02-08 01:16:47.341029+00
ee651fe5-b879-4042-9e24-9dd4b6bc72c0,ac11e655-a6c4-463a-acbd-30d896f2ed55,7d2803a4-967a-4b5b-aaa7-e76fea38ab03,550e8400-e29b-41d4-a716-446655440001,pre,2026-02-08 01:20:45.893632+00,2026-02-08 01:56:19.814+00,2133,2026-02-08 01:20:45.893632+00
d7d00c74-703f-46d1-9c17-3bd93328bdef,5166cba8-7907-40d9-b7d4-649d2f7fc1db,7d2803a4-967a-4b5b-aaa7-e76fea38ab03,550e8400-e29b-41d4-a716-446655440001,pre,2026-02-06 18:17:36.199262+00,2026-02-08 02:04:31.981+00,114415,2026-02-06 18:17:36.199262+00
5677dba4-fb8f-4117-a3a2-ea89f3215149,88575909-1cac-4387-af30-e7cdddc527ed,7d2803a4-967a-4b5b-aaa7-e76fea38ab03,550e8400-e29b-41d4-a716-446655440001,pre,2026-02-05 18:19:30.544856+00,2026-02-08 02:07:41.972+00,200891,2026-02-05 18:19:30.544856+00
35b534ad-9752-47df-8e1a-70322789bbdf,554a0458-7831-429f-b3cc-1fb98ded29fc,7d2803a4-967a-4b5b-aaa7-e76fea38ab03,550e8400-e29b-41d4-a716-446655440001,pre,2026-02-08 02:24:57.635267+00,2026-02-08 02:39:43.957+00,886,2026-02-08 02:24:57.635267+00
5ab0eb85-e7fd-47f9-af5f-b5394c0823c9,200be3bd-bcad-4abd-a60e-6448f74d8ab3,7d2803a4-967a-4b5b-aaa7-e76fea38ab03,550e8400-e29b-41d4-a716-446655440001,pre,2026-02-08 01:54:28.511571+00,2026-02-08 03:07:51.976+00,4403,2026-02-08 01:54:28.511571+00
9d4815e2-8e63-43f1-9a5c-8ba759563267,63d42d69-a34d-426c-b810-8d9a15707940,7d2803a4-967a-4b5b-aaa7-e76fea38ab03,550e8400-e29b-41d4-a716-446655440001,pre,2026-02-08 02:59:26.647416+00,2026-02-08 03:12:43.698+00,797,2026-02-08 02:59:26.647416+00
fde640ea-792d-4292-a7eb-1f34f004da1b,d51e250a-2050-4a10-9e84-5e06e18732fe,7d2803a4-967a-4b5b-aaa7-e76fea38ab03,550e8400-e29b-41d4-a716-446655440001,pre,2026-02-08 03:42:06.390331+00,2026-02-08 04:00:33.815+00,1107,2026-02-08 03:42:06.390331+00
1338e01a-9258-47b8-a6b9-d8940d004f24,7fa4abb8-6ed9-4a3a-938a-31ee94d3766d,7d2803a4-967a-4b5b-aaa7-e76fea38ab03,550e8400-e29b-41d4-a716-446655440001,pre,2026-02-08 03:58:25.479533+00,2026-02-08 04:12:59.423+00,873,2026-02-08 03:58:25.479533+00
1f9c510c-f913-45ef-b6a2-69962ea99a08,846584e3-805c-4200-8b65-4fba47d93f88,7d2803a4-967a-4b5b-aaa7-e76fea38ab03,550e8400-e29b-41d4-a716-446655440001,pre,2026-02-08 04:09:19.241812+00,2026-02-08 04:28:26.315+00,1147,2026-02-08 04:09:19.241812+00
5069c5d0-7e37-4555-9d36-894bb245ba56,2a5f2fe3-b911-4a3a-85e2-e286f0a28958,7d2803a4-967a-4b5b-aaa7-e76fea38ab03,550e8400-e29b-41d4-a716-446655440001,pre,2026-02-08 04:36:32.805997+00,2026-02-08 04:56:30.331+00,1197,2026-02-08 04:36:32.805997+00
dd693927-6ee1-49a4-bfee-86540def42bf,63ce4dde-c6a9-4c7d-aa3a-30f30e7c8511,7d2803a4-967a-4b5b-aaa7-e76fea38ab03,550e8400-e29b-41d4-a716-446655440001,pre,2026-02-08 04:55:26.686786+00,2026-02-08 05:10:45.669+00,918,2026-02-08 04:55:26.686786+00
7d6611bc-558b-46aa-b392-078207538d5d,eba40236-f40e-4032-8f8e-52551ebccdad,7d2803a4-967a-4b5b-aaa7-e76fea38ab03,550e8400-e29b-41d4-a716-446655440001,pre,2026-02-08 04:55:03.595577+00,2026-02-08 05:33:42.421+00,2318,2026-02-08 04:55:03.595577+00
1eb734f2-037a-4f90-a5b5-49088fe142bc,e48a2924-da44-4bc1-9323-1321720886d1,7d2803a4-967a-4b5b-aaa7-e76fea38ab03,550e8400-e29b-41d4-a716-446655440001,pre,2026-02-08 04:16:28.781224+00,2026-02-08 06:26:14.965+00,7786,2026-02-08 04:16:28.781224+00
23df83d9-ed62-4044-9c08-3e56e44d44f4,9adcd90a-9a41-4b67-84ed-d8b028edc563,7d2803a4-967a-4b5b-aaa7-e76fea38ab03,550e8400-e29b-41d4-a716-446655440001,pre,2026-02-08 06:41:57.500766+00,2026-02-08 07:00:11.414+00,1093,2026-02-08 06:41:57.500766+00
a81eb031-174d-44d7-a973-106fa5682191,f500a628-b7d5-4677-a6cf-ac9ffa027535,7d2803a4-967a-4b5b-aaa7-e76fea38ab03,550e8400-e29b-41d4-a716-446655440001,pre,2026-02-08 06:56:43.188553+00,2026-02-08 07:07:07.916+00,624,2026-02-08 06:56:43.188553+00
620914d6-026e-4184-a485-44186591f490,d961d446-76ce-4850-a8ac-0e202c1f5d6f,7d2803a4-967a-4b5b-aaa7-e76fea38ab03,550e8400-e29b-41d4-a716-446655440001,pre,2026-02-08 07:55:18.399781+00,2026-02-08 08:23:35.46+00,1697,2026-02-08 07:55:18.399781+00
36051178-606f-4b47-9471-d6c1a48a149d,eb1af978-c1ed-4bb6-ab0e-fd9ad874e432,7d2803a4-967a-4b5b-aaa7-e76fea38ab03,550e8400-e29b-41d4-a716-446655440001,pre,2026-02-07 19:09:33.667174+00,2026-02-08 15:35:42.893+00,73569,2026-02-07 19:09:33.667174+00
d3917abb-ea06-4208-89fc-8b2f581aa4e7,7954c7ac-0551-4c0b-b031-c482360d259f,7d2803a4-967a-4b5b-aaa7-e76fea38ab03,550e8400-e29b-41d4-a716-446655440001,pre,2026-02-08 15:59:03.20733+00,2026-02-08 16:23:50.385+00,1487,2026-02-08 15:59:03.20733+00
7b35287d-3cb8-4f2a-9096-68ef8a6abf1c,41f008fa-59b9-475c-8807-25e0d560bf57,7d2803a4-967a-4b5b-aaa7-e76fea38ab03,550e8400-e29b-41d4-a716-446655440001,pre,2026-02-08 16:46:25.471595+00,2026-02-08 17:17:07.915+00,1842,2026-02-08 16:46:25.471595+00
91b449f1-548e-43f3-8ee8-d8510f5b8555,b71de89b-14f1-4f7d-aebd-64e3a488b3f7,7d2803a4-967a-4b5b-aaa7-e76fea38ab03,550e8400-e29b-41d4-a716-446655440001,pre,2026-02-08 16:40:18.516874+00,2026-02-08 17:17:51.227+00,2252,2026-02-08 16:40:18.516874+00
a7528c8b-7074-49f1-b105-d1ab2817ce11,5acb7aec-7fd9-45d1-bacc-0343016b0deb,7d2803a4-967a-4b5b-aaa7-e76fea38ab03,550e8400-e29b-41d4-a716-446655440001,pre,2026-02-08 17:36:53.301496+00,2026-02-08 17:45:06.437+00,493,2026-02-08 17:36:53.301496+00
201dbc76-8c54-4542-96e3-67fc49873376,0922fc79-765b-4ee5-b961-b4e32e39c5de,7d2803a4-967a-4b5b-aaa7-e76fea38ab03,550e8400-e29b-41d4-a716-446655440001,pre,2026-02-08 17:37:31.745686+00,2026-02-08 17:53:47.438+00,975,2026-02-08 17:37:31.745686+00
17469998-1f18-407c-be82-4c360f630b06,f8e23dd9-4715-43db-a15f-248c9974e314,7d2803a4-967a-4b5b-aaa7-e76fea38ab03,550e8400-e29b-41d4-a716-446655440001,pre,2026-02-08 17:37:16.729908+00,2026-02-08 17:57:28.778+00,1212,2026-02-08 17:37:16.729908+00
4751138d-3ff3-4089-af12-fc14abe867ca,c0550a7e-1575-44fb-9c94-390f4b18ce75,7d2803a4-967a-4b5b-aaa7-e76fea38ab03,550e8400-e29b-41d4-a716-446655440001,pre,2026-02-08 17:42:57.353174+00,2026-02-08 18:10:35.19+00,1657,2026-02-08 17:42:57.353174+00
c137d690-a4ce-472f-8d03-f791f98a7896,76173459-2255-4430-b39f-156aec38bbee,7d2803a4-967a-4b5b-aaa7-e76fea38ab03,550e8400-e29b-41d4-a716-446655440001,pre,2026-02-08 18:03:06.930878+00,2026-02-08 18:20:04.254+00,1017,2026-02-08 18:03:06.930878+00
a0e3f4a7-6008-426a-a8d8-8446c67fa351,d75afc00-d444-49a4-aaed-296765179454,7d2803a4-967a-4b5b-aaa7-e76fea38ab03,550e8400-e29b-41d4-a716-446655440001,pre,2026-02-08 18:20:17.266673+00,2026-02-08 18:26:23.368+00,366,2026-02-08 18:20:17.266673+00
0c953d9f-bfef-445f-9210-bdbaa7f27c7b,7c1e5973-e058-448e-b371-ff44460e3482,7d2803a4-967a-4b5b-aaa7-e76fea38ab03,550e8400-e29b-41d4-a716-446655440001,pre,2026-02-05 22:18:19.782584+00,2026-02-08 18:39:34.844+00,246075,2026-02-05 22:18:19.782584+00
831ac03c-436a-465c-8827-7d3607990e05,ca5d122a-d91b-4d32-8d92-136a848a0183,7d2803a4-967a-4b5b-aaa7-e76fea38ab03,550e8400-e29b-41d4-a716-446655440001,pre,2026-02-08 18:37:50.309063+00,2026-02-08 18:43:19.981+00,329,2026-02-08 18:37:50.309063+00
02a22b1f-2e74-4737-ae4a-98db698b32ff,5a4d4bdb-d39d-4279-8468-1eee5443fbac,7d2803a4-967a-4b5b-aaa7-e76fea38ab03,550e8400-e29b-41d4-a716-446655440001,pre,2026-02-08 18:35:25.252243+00,2026-02-08 18:48:26.884+00,781,2026-02-08 18:35:25.252243+00
ec830597-86d0-4ad4-8258-98e27653d0ef,bd611c6e-616c-4340-8197-e49c02748d84,7d2803a4-967a-4b5b-aaa7-e76fea38ab03,550e8400-e29b-41d4-a716-446655440001,pre,2026-02-08 18:41:42.010409+00,2026-02-08 18:58:06.628+00,984,2026-02-08 18:41:42.010409+00
e971efdc-2bc3-4897-a955-5c5312d694b0,4bf48240-ca32-4204-97cb-15caffdfb4c7,7d2803a4-967a-4b5b-aaa7-e76fea38ab03,550e8400-e29b-41d4-a716-446655440001,pre,2026-02-08 19:14:13.659197+00,2026-02-08 19:19:19.985+00,306,2026-02-08 19:14:13.659197+00
cbe87364-3529-4953-8e1b-e63f29c81785,bd1ecf8e-5563-48b6-9b11-fccad405a900,7d2803a4-967a-4b5b-aaa7-e76fea38ab03,550e8400-e29b-41d4-a716-446655440001,pre,2026-02-08 19:39:52.450944+00,2026-02-08 19:44:45.854+00,293,2026-02-08 19:39:52.450944+00
320f947d-ba03-4884-a220-2636b8b2be84,b15f387e-8c4b-4729-8541-81a90f7584e0,7d2803a4-967a-4b5b-aaa7-e76fea38ab03,550e8400-e29b-41d4-a716-446655440001,pre,2026-02-08 19:50:52.322067+00,2026-02-08 20:10:24.082+00,1171,2026-02-08 19:50:52.322067+00
9dd5a9fc-8856-4722-b933-1d429114ddd5,9a5460da-ff7c-4323-9986-f58d92632e8d,7d2803a4-967a-4b5b-aaa7-e76fea38ab03,550e8400-e29b-41d4-a716-446655440001,pre,2026-02-08 20:02:42.458808+00,2026-02-08 20:26:27.712+00,1425,2026-02-08 20:02:42.458808+00
ac6519e1-e937-4ec1-966e-acfd0c2670ac,d1f2340c-fb3a-41d5-8918-585ae1429be6,7d2803a4-967a-4b5b-aaa7-e76fea38ab03,550e8400-e29b-41d4-a716-446655440001,pre,2026-02-08 19:49:33.70486+00,2026-02-08 20:38:35.848+00,2942,2026-02-08 19:49:33.70486+00
2fb5afad-5268-4afe-be30-ce1b2141a365,d75bd952-825f-49dd-b9cf-e4151930a059,7d2803a4-967a-4b5b-aaa7-e76fea38ab03,550e8400-e29b-41d4-a716-446655440001,pre,2026-02-08 20:19:42.636211+00,2026-02-08 20:40:07.355+00,1224,2026-02-08 20:19:42.636211+00
af9b116c-1aba-437f-908f-c96e4fc9f816,35e98921-5899-411e-aae7-bb8b18b442d0,7d2803a4-967a-4b5b-aaa7-e76fea38ab03,550e8400-e29b-41d4-a716-446655440001,pre,2026-02-08 20:33:42.932881+00,2026-02-08 20:58:25.257+00,1482,2026-02-08 20:33:42.932881+00
ec1df9f3-511b-44c1-85e1-0a64482aa0c8,59908946-27f4-40a7-997b-260f0c9261be,7d2803a4-967a-4b5b-aaa7-e76fea38ab03,550e8400-e29b-41d4-a716-446655440001,pre,2026-02-08 20:49:48.146165+00,2026-02-08 21:02:25.961+00,757,2026-02-08 20:49:48.146165+00
d20314a0-352b-4da4-897f-c3c2bf89455b,932666ce-3939-458e-9ae7-6418e57f27ba,7d2803a4-967a-4b5b-aaa7-e76fea38ab03,550e8400-e29b-41d4-a716-446655440001,pre,2026-02-08 20:52:18.084036+00,2026-02-08 21:13:45.8+00,1287,2026-02-08 20:52:18.084036+00
db59e007-aee1-4d8e-acb4-f9515382bb93,42982a23-16e0-48ce-9f32-8d6f494508f5,7d2803a4-967a-4b5b-aaa7-e76fea38ab03,550e8400-e29b-41d4-a716-446655440001,pre,2026-02-08 21:07:00.886882+00,2026-02-08 21:23:05.953+00,965,2026-02-08 21:07:00.886882+00
e6b47839-1226-4e68-a334-8d963d0dfac6,ccba84fc-d40d-43d7-b1d9-9d4c895597a5,7d2803a4-967a-4b5b-aaa7-e76fea38ab03,550e8400-e29b-41d4-a716-446655440001,pre,2026-02-08 21:15:20.4203+00,2026-02-08 21:28:49.46+00,809,2026-02-08 21:15:20.4203+00
fa3707a1-b0aa-4bda-818d-8fffaa810e62,95c41c02-b486-4849-9639-5570aa3821fd,7d2803a4-967a-4b5b-aaa7-e76fea38ab03,550e8400-e29b-41d4-a716-446655440001,pre,2026-02-08 21:20:17.562962+00,2026-02-08 21:41:30.366+00,1272,2026-02-08 21:20:17.562962+00
2adde352-aa35-4be9-bb11-9d51b9286426,b5ec6d0b-a908-4430-881d-e7c5424ce6ac,7d2803a4-967a-4b5b-aaa7-e76fea38ab03,550e8400-e29b-41d4-a716-446655440001,pre,2026-02-08 21:23:13.405536+00,2026-02-08 21:51:48.169+00,1714,2026-02-08 21:23:13.405536+00
584793da-a389-4d66-9a01-a21dc79ef96a,9dd32066-7a54-49ef-804d-dfbfe2acc6b5,7d2803a4-967a-4b5b-aaa7-e76fea38ab03,550e8400-e29b-41d4-a716-446655440001,pre,2026-02-08 21:38:02.793093+00,2026-02-08 21:53:30.264+00,927,2026-02-08 21:38:02.793093+00
db1d2a9f-83c6-4aa0-9773-a85ef9f3a7e8,3719b0c7-eaab-4670-91f9-9e249b00d22c,7d2803a4-967a-4b5b-aaa7-e76fea38ab03,550e8400-e29b-41d4-a716-446655440001,pre,2026-02-08 21:42:28.70222+00,2026-02-08 22:21:45.025+00,2356,2026-02-08 21:42:28.70222+00
a0da234a-2c36-422c-ae2b-115122d78128,fb33122c-4c10-479a-8ac5-3cbc2181e620,7d2803a4-967a-4b5b-aaa7-e76fea38ab03,550e8400-e29b-41d4-a716-446655440001,pre,2026-02-08 22:25:06.793413+00,2026-02-08 22:39:26.216+00,859,2026-02-08 22:25:06.793413+00
7735b4d7-4223-4bb8-a0bc-a5cc62172eb6,f99872a9-264c-48e4-a190-fc64ac221c2c,7d2803a4-967a-4b5b-aaa7-e76fea38ab03,550e8400-e29b-41d4-a716-446655440001,pre,2026-02-08 22:32:44.824182+00,2026-02-08 22:45:42.997+00,778,2026-02-08 22:32:44.824182+00
8a9ea279-0068-40d0-874f-fceac0fc969c,dcfc9d31-b864-43e1-b9de-cd72c9e56ece,7d2803a4-967a-4b5b-aaa7-e76fea38ab03,550e8400-e29b-41d4-a716-446655440001,pre,2026-02-08 21:47:59.779816+00,2026-02-08 22:54:35.621+00,3995,2026-02-08 21:47:59.779816+00
da3b1453-169f-47a4-8189-eb3e4a1bdc9c,4adee80e-4f35-4af0-b8ec-acc5b695f3c1,7d2803a4-967a-4b5b-aaa7-e76fea38ab03,550e8400-e29b-41d4-a716-446655440001,pre,2026-02-08 22:54:37.060565+00,2026-02-08 23:07:45.955+00,788,2026-02-08 22:54:37.060565+00
030ad865-6ab9-478a-baec-b6fe2da8d2ae,0e8e67ba-970e-4406-a667-64e67b518da0,7d2803a4-967a-4b5b-aaa7-e76fea38ab03,550e8400-e29b-41d4-a716-446655440001,pre,2026-02-04 21:59:20.377807+00,2026-02-08 23:08:51.588+00,349771,2026-02-04 21:59:20.377807+00
c3539fe2-e0c1-4c5d-8cf3-7f90576b05eb,0f39cf0a-cb3f-4210-b665-11a16b2f1398,7d2803a4-967a-4b5b-aaa7-e76fea38ab03,550e8400-e29b-41d4-a716-446655440001,pre,2026-02-08 22:35:22.366006+00,2026-02-08 23:14:31.773+00,2349,2026-02-08 22:35:22.366006+00
ad2394fd-83c5-4d76-ac55-3cee6d7bed92,0d76a192-b31a-443d-ba2d-976bb60a510b,7d2803a4-967a-4b5b-aaa7-e76fea38ab03,550e8400-e29b-41d4-a716-446655440001,pre,2026-02-08 23:43:31.857084+00,2026-02-08 23:58:45.651+00,913,2026-02-08 23:43:31.857084+00
7460f7c4-027e-4820-993a-d2800185c2d3,99204388-8c67-45b5-9aa1-bf06195c5cd9,7d2803a4-967a-4b5b-aaa7-e76fea38ab03,550e8400-e29b-41d4-a716-446655440001,pre,2026-02-08 23:41:58.226999+00,2026-02-09 00:00:37.164+00,1118,2026-02-08 23:41:58.226999+00
38bf21ee-656f-43d3-bfda-f6fc53ed5563,45428779-c79e-4c9d-9228-4cdeb7bbbe74,7d2803a4-967a-4b5b-aaa7-e76fea38ab03,550e8400-e29b-41d4-a716-446655440001,pre,2026-02-08 23:49:48.85209+00,2026-02-09 00:03:07.747+00,798,2026-02-08 23:49:48.85209+00
719ebdc5-3c35-4dc9-80f9-8c928e75e2b8,8ae5f2e9-b77b-415c-a06a-da873deae63f,7d2803a4-967a-4b5b-aaa7-e76fea38ab03,550e8400-e29b-41d4-a716-446655440001,pre,2026-02-08 23:55:35.163682+00,2026-02-09 00:23:23.775+00,1668,2026-02-08 23:55:35.163682+00
001ecfb2-a613-4263-aedc-3e86370b9f11,8be72b9c-fde9-4b12-b715-cb8e949250b7,7d2803a4-967a-4b5b-aaa7-e76fea38ab03,550e8400-e29b-41d4-a716-446655440001,pre,2026-02-09 00:15:10.38526+00,2026-02-09 00:26:25.323+00,674,2026-02-09 00:15:10.38526+00
977ea180-212a-4f47-b738-5dd0a07e5853,5ebbcd0c-d05b-4634-9548-a716bd8d82f3,7d2803a4-967a-4b5b-aaa7-e76fea38ab03,550e8400-e29b-41d4-a716-446655440001,pre,2026-02-09 00:02:48.613702+00,2026-02-09 00:27:25.684+00,1477,2026-02-09 00:02:48.613702+00
73036eb3-c02b-41f1-807c-913674020e87,32853b5d-e0c2-4de9-9e21-365c4e8a9fa3,7d2803a4-967a-4b5b-aaa7-e76fea38ab03,550e8400-e29b-41d4-a716-446655440001,pre,2026-02-09 00:20:45.513945+00,2026-02-09 00:28:02.861+00,437,2026-02-09 00:20:45.513945+00
1270f08f-9bf5-4f24-a9c7-28f43a62615f,99087c41-54bb-4a8f-8d9f-f122370ad40a,7d2803a4-967a-4b5b-aaa7-e76fea38ab03,550e8400-e29b-41d4-a716-446655440001,pre,2026-02-09 00:17:57.206909+00,2026-02-09 00:30:24.603+00,747,2026-02-09 00:17:57.206909+00
ad1d1a5c-573c-4de8-bccc-00e1a7c02992,69cf6ee5-903d-453b-bf76-2227499f7fb4,7d2803a4-967a-4b5b-aaa7-e76fea38ab03,550e8400-e29b-41d4-a716-446655440001,pre,2026-02-09 00:08:01.14268+00,2026-02-09 00:33:42.768+00,1541,2026-02-09 00:08:01.14268+00
51d276fd-9e24-4124-8c22-c45ccc10a1e0,f0193bac-718f-48b5-bfd4-24ffd1b9814a,7d2803a4-967a-4b5b-aaa7-e76fea38ab03,550e8400-e29b-41d4-a716-446655440001,pre,2026-02-09 00:17:12.34906+00,2026-02-09 00:34:29.001+00,1036,2026-02-09 00:17:12.34906+00
d8c092b4-ebe0-4e48-b5d3-714ed4f6f043,ad69a71e-21d1-4e1d-b307-b7b6b17eef53,7d2803a4-967a-4b5b-aaa7-e76fea38ab03,550e8400-e29b-41d4-a716-446655440001,pre,2026-02-09 00:15:21.380624+00,2026-02-09 00:41:39.708+00,1578,2026-02-09 00:15:21.380624+00
a82dad59-7acd-4972-8c1c-a3f6b047bf81,98654277-46ee-4e60-924c-8cb5635a001d,7d2803a4-967a-4b5b-aaa7-e76fea38ab03,550e8400-e29b-41d4-a716-446655440001,pre,2026-02-09 00:30:29.845492+00,2026-02-09 00:50:26.731+00,1196,2026-02-09 00:30:29.845492+00
d5ca5f50-5433-4867-8bf3-152e418b7ec9,1ee101a3-367e-49a3-9e67-11ff0fccf6b8,7d2803a4-967a-4b5b-aaa7-e76fea38ab03,550e8400-e29b-41d4-a716-446655440001,pre,2026-02-09 00:43:15.235326+00,2026-02-09 01:00:51.86+00,1056,2026-02-09 00:43:15.235326+00
3bbc976d-ed34-4e45-b322-e9536a7d92bf,51cecf0f-f347-441c-86b2-45ed49d4d33d,7d2803a4-967a-4b5b-aaa7-e76fea38ab03,550e8400-e29b-41d4-a716-446655440001,pre,2026-02-09 00:49:13.796121+00,2026-02-09 01:04:27.259+00,913,2026-02-09 00:49:13.796121+00
a83f71ed-84e8-4fd8-ab81-1b2b11bed6ea,17b5c40f-ae6e-4f13-a731-472b0623779f,7d2803a4-967a-4b5b-aaa7-e76fea38ab03,550e8400-e29b-41d4-a716-446655440001,pre,2026-02-06 21:18:51.252938+00,2026-02-09 01:11:37.835+00,186766,2026-02-06 21:18:51.252938+00
8273542e-ccf7-4ae8-8dc2-0af788cfaefe,3bead034-313a-409b-9839-cd861fcf30d8,7d2803a4-967a-4b5b-aaa7-e76fea38ab03,550e8400-e29b-41d4-a716-446655440001,pre,2026-02-09 00:28:50.238455+00,2026-02-09 01:17:04.07+00,2893,2026-02-09 00:28:50.238455+00
48f068a7-1295-49a2-9ac8-51e98c8f2b21,f6bb992c-4008-4b49-abc2-72ea395232bb,7d2803a4-967a-4b5b-aaa7-e76fea38ab03,550e8400-e29b-41d4-a716-446655440001,pre,2026-02-09 01:11:48.244679+00,2026-02-09 01:28:34.458+00,1006,2026-02-09 01:11:48.244679+00
a8c40b47-25c3-44a5-a2a0-e1d5b20b8c04,99f8377d-2c27-44fd-916e-441285fa67c9,7d2803a4-967a-4b5b-aaa7-e76fea38ab03,550e8400-e29b-41d4-a716-446655440001,pre,2026-02-09 01:11:01.994723+00,2026-02-09 01:46:44.122+00,2142,2026-02-09 01:11:01.994723+00
96a63546-0a76-48a3-91e1-10bc5c3b2ee0,ad83b30b-eda7-478d-8583-b004093bc033,7d2803a4-967a-4b5b-aaa7-e76fea38ab03,550e8400-e29b-41d4-a716-446655440001,pre,2026-02-09 00:47:15.323319+00,2026-02-09 01:58:30.666+00,4275,2026-02-09 00:47:15.323319+00
2008c2df-2c68-409d-9daa-cb714901d66c,8c009dc5-6c29-4f72-bd1d-23986b896fb6,7d2803a4-967a-4b5b-aaa7-e76fea38ab03,550e8400-e29b-41d4-a716-446655440001,pre,2026-02-09 01:53:02.563502+00,2026-02-09 02:07:01.378+00,838,2026-02-09 01:53:02.563502+00
e9a92636-9c5b-48f4-887c-75ab56559cb2,8beea528-b5fa-471b-93a4-a581311bb682,7d2803a4-967a-4b5b-aaa7-e76fea38ab03,550e8400-e29b-41d4-a716-446655440001,pre,2026-02-09 01:54:56.091348+00,2026-02-09 02:16:03.567+00,1267,2026-02-09 01:54:56.091348+00
b28a6ddf-95bd-402b-ab76-489202cb9f4b,f03a99aa-3d0f-4c9e-9795-071067b7fc15,7d2803a4-967a-4b5b-aaa7-e76fea38ab03,550e8400-e29b-41d4-a716-446655440001,pre,2026-02-09 02:05:47.080666+00,2026-02-09 02:28:18.41+00,1351,2026-02-09 02:05:47.080666+00
a85190c2-d331-4c59-b7d7-ec4d5454ead2,f1275903-04bf-4062-bbbc-d0f62f8d0000,7d2803a4-967a-4b5b-aaa7-e76fea38ab03,550e8400-e29b-41d4-a716-446655440001,pre,2026-02-09 02:30:56.763222+00,2026-02-09 02:34:40.684+00,223,2026-02-09 02:30:56.763222+00
23fc8dfc-6282-457e-a7fc-e537ff340a33,971e8ee8-4b54-4e24-884d-8aad79928cf4,7d2803a4-967a-4b5b-aaa7-e76fea38ab03,550e8400-e29b-41d4-a716-446655440001,pre,2026-02-03 17:54:26.878298+00,2026-02-09 02:35:31.693+00,463264,2026-02-03 17:54:26.878298+00
58b8cfb9-6c76-4bfd-a8cd-241f87fc1d4e,938cbda8-6294-4142-9759-f135f89748ed,7d2803a4-967a-4b5b-aaa7-e76fea38ab03,550e8400-e29b-41d4-a716-446655440001,pre,2026-02-09 02:25:54.99953+00,2026-02-09 02:43:03.673+00,1028,2026-02-09 02:25:54.99953+00
850cb6bc-efc9-46ae-a431-c9296f30f4e4,6985865b-65c7-4e91-8505-9e869245429e,7d2803a4-967a-4b5b-aaa7-e76fea38ab03,550e8400-e29b-41d4-a716-446655440001,pre,2026-02-09 02:32:23.325345+00,2026-02-09 02:46:24.196+00,840,2026-02-09 02:32:23.325345+00
9ae8cb52-7144-485d-a974-3431e4134f75,ea347db2-56c8-4bbf-a2db-116e9bd33013,7d2803a4-967a-4b5b-aaa7-e76fea38ab03,550e8400-e29b-41d4-a716-446655440001,pre,2026-02-09 02:33:10.848337+00,2026-02-09 02:52:23.774+00,1152,2026-02-09 02:33:10.848337+00
1a3d0a9c-882d-4c71-ac85-37c01f57a1b3,0194ccbb-e1b1-4c13-bcde-5ca2122e440d,7d2803a4-967a-4b5b-aaa7-e76fea38ab03,550e8400-e29b-41d4-a716-446655440001,pre,2026-02-08 17:55:47.594948+00,2026-02-09 02:53:06.162+00,32238,2026-02-08 17:55:47.594948+00
aa140e28-b17b-4dac-b5b1-45b6a284f039,fdb9315e-4b0e-4ef6-9fbf-676c4891bbf1,7d2803a4-967a-4b5b-aaa7-e76fea38ab03,550e8400-e29b-41d4-a716-446655440001,pre,2026-02-09 02:56:56.396617+00,2026-02-09 03:13:39.357+00,1002,2026-02-09 02:56:56.396617+00
f0ce898b-f5a4-4058-87eb-607a13f452a2,fc83ebaa-d9ef-4885-a97a-280eb5d42f7c,7d2803a4-967a-4b5b-aaa7-e76fea38ab03,550e8400-e29b-41d4-a716-446655440001,pre,2026-02-09 02:39:20.881116+00,2026-02-09 03:20:14.92+00,2454,2026-02-09 02:39:20.881116+00
1fce6aa0-c757-48b9-85de-d1a07d7a179b,77ef9127-21fa-4545-aa8c-4bbc70559f67,7d2803a4-967a-4b5b-aaa7-e76fea38ab03,550e8400-e29b-41d4-a716-446655440001,pre,2026-02-09 03:13:56.393569+00,2026-02-09 03:23:44.54+00,588,2026-02-09 03:13:56.393569+00
091492b7-3002-49ff-ad21-cc5a16468e42,8b01f8dd-4fa7-442f-814b-e86d065dcf73,7d2803a4-967a-4b5b-aaa7-e76fea38ab03,550e8400-e29b-41d4-a716-446655440001,pre,2026-02-09 03:12:01.059067+00,2026-02-09 03:33:34.149+00,1293,2026-02-09 03:12:01.059067+00
2be076c9-1b2f-4861-af34-17fdcfda83e1,476ff7ff-5581-4800-916e-6d8418fc1213,7d2803a4-967a-4b5b-aaa7-e76fea38ab03,550e8400-e29b-41d4-a716-446655440001,pre,2026-02-09 03:31:10.941335+00,2026-02-09 03:39:59.545+00,528,2026-02-09 03:31:10.941335+00
521ec9e7-318b-4fa2-971e-07d09b0de9f6,cd998b25-d20a-45e5-b4dc-baa102375dfc,7d2803a4-967a-4b5b-aaa7-e76fea38ab03,550e8400-e29b-41d4-a716-446655440001,pre,2026-02-09 03:23:36.447064+00,2026-02-09 03:52:16.708+00,1720,2026-02-09 03:23:36.447064+00
dfde85b6-4d76-4432-b0bf-d300d9f278cb,01e23500-f844-4771-94d6-e5ce1d9c9730,7d2803a4-967a-4b5b-aaa7-e76fea38ab03,550e8400-e29b-41d4-a716-446655440001,pre,2026-02-09 03:47:05.594125+00,2026-02-09 03:55:51.659+00,526,2026-02-09 03:47:05.594125+00
7ab4bc47-5335-4cbc-a20c-95e901e3e1ba,0a56cf12-1228-46e6-ae39-85cfe4d85b2a,7d2803a4-967a-4b5b-aaa7-e76fea38ab03,550e8400-e29b-41d4-a716-446655440001,pre,2026-02-09 02:34:49.361683+00,2026-02-09 04:09:05.541+00,5656,2026-02-09 02:34:49.361683+00
816e188b-19c7-4a52-bd0a-bb7d4c31252a,3f67d528-451b-4afb-a603-3539fbb2ef01,7d2803a4-967a-4b5b-aaa7-e76fea38ab03,550e8400-e29b-41d4-a716-446655440001,pre,2026-02-09 03:57:12.421386+00,2026-02-09 04:09:40.186+00,747,2026-02-09 03:57:12.421386+00
2bc0e32f-a94f-45e6-a54b-f54714c6b3d8,528671fd-2519-4cad-870f-daa41ebebb05,7d2803a4-967a-4b5b-aaa7-e76fea38ab03,550e8400-e29b-41d4-a716-446655440001,pre,2026-02-09 03:50:52.600856+00,2026-02-09 04:17:38.14+00,1605,2026-02-09 03:50:52.600856+00
cd459ece-ee90-4df1-9e7f-1655262ad5b9,fd06849b-274b-4405-bd45-b7e9ec997631,7d2803a4-967a-4b5b-aaa7-e76fea38ab03,550e8400-e29b-41d4-a716-446655440001,pre,2026-02-09 04:06:16.921103+00,2026-02-09 04:23:00.503+00,1003,2026-02-09 04:06:16.921103+00
0ce2f8df-73d2-46dc-80ef-a2f897d4118b,f058a754-2f73-406d-a7cb-c4fefd888b8a,7d2803a4-967a-4b5b-aaa7-e76fea38ab03,550e8400-e29b-41d4-a716-446655440001,pre,2026-02-09 04:17:36.873448+00,2026-02-09 04:26:05.058+00,508,2026-02-09 04:17:36.873448+00
8b7f6880-cddd-496f-972c-b1f8a84702d0,149c428c-dfb8-446f-9933-a42990b32858,7d2803a4-967a-4b5b-aaa7-e76fea38ab03,550e8400-e29b-41d4-a716-446655440001,pre,2026-02-09 04:09:40.152193+00,2026-02-09 04:27:48.866+00,1088,2026-02-09 04:09:40.152193+00
c17bc97a-c0dc-4698-89fb-e98288f33b01,6a44ffd8-7719-44d7-b8eb-6f85e78f2360,7d2803a4-967a-4b5b-aaa7-e76fea38ab03,550e8400-e29b-41d4-a716-446655440001,pre,2026-02-09 03:59:45.243689+00,2026-02-09 04:31:42.247+00,1916,2026-02-09 03:59:45.243689+00
91ba44bb-f8d1-4dec-864c-ec35d8bb7d2c,ffb4a42a-b785-4f84-8d08-f7dd1682ceb0,7d2803a4-967a-4b5b-aaa7-e76fea38ab03,550e8400-e29b-41d4-a716-446655440001,pre,2026-02-09 04:09:58.560638+00,2026-02-09 04:32:07.296+00,1328,2026-02-09 04:09:58.560638+00
8fa2c78a-bbd7-4efd-9b9a-7560e3b2f96d,1fffbf03-1a2e-4b21-95a0-f384a0cd0c55,7d2803a4-967a-4b5b-aaa7-e76fea38ab03,550e8400-e29b-41d4-a716-446655440001,pre,2026-02-09 04:30:16.762266+00,2026-02-09 04:40:22.397+00,605,2026-02-09 04:30:16.762266+00
459e76e9-cf1f-414b-97c6-ae3edbaffa56,193c3671-fad6-4f47-be6b-11b210d97ed2,7d2803a4-967a-4b5b-aaa7-e76fea38ab03,550e8400-e29b-41d4-a716-446655440001,pre,2026-02-09 04:14:14.339349+00,2026-02-09 04:42:52.707+00,1718,2026-02-09 04:14:14.339349+00
b3fb7b09-1de2-4292-8a26-b3d4e5577b85,652b24a8-1f97-460c-adac-4615827648d5,7d2803a4-967a-4b5b-aaa7-e76fea38ab03,550e8400-e29b-41d4-a716-446655440001,pre,2026-02-09 04:09:24.888775+00,2026-02-09 04:43:44.607+00,2059,2026-02-09 04:09:24.888775+00
236d81c6-1c4c-4629-b733-531b69227228,55b2b945-79ad-45cc-a838-7f97ec108810,7d2803a4-967a-4b5b-aaa7-e76fea38ab03,550e8400-e29b-41d4-a716-446655440001,pre,2026-02-09 04:18:51.654949+00,2026-02-09 04:49:36.444+00,1844,2026-02-09 04:18:51.654949+00
02afcbc2-0941-4e75-bbe6-56e942d6da93,5394457a-14d5-439e-ad15-2a47c6c8c69e,7d2803a4-967a-4b5b-aaa7-e76fea38ab03,550e8400-e29b-41d4-a716-446655440001,pre,2026-02-09 04:14:41.838399+00,2026-02-09 04:49:47.651+00,2105,2026-02-09 04:14:41.838399+00
4d1f1d3b-c028-4954-b14f-8b54d2c5d1f5,8b189250-7c15-47c9-89d3-c44302651003,7d2803a4-967a-4b5b-aaa7-e76fea38ab03,550e8400-e29b-41d4-a716-446655440001,pre,2026-02-09 04:44:06.5609+00,2026-02-09 04:55:01.202+00,654,2026-02-09 04:44:06.5609+00
d5969586-7f03-49f7-a11e-121d5ffd8286,e79b87a7-9f80-4684-839a-4e7779d7343b,7d2803a4-967a-4b5b-aaa7-e76fea38ab03,550e8400-e29b-41d4-a716-446655440001,pre,2026-02-09 04:23:57.956636+00,2026-02-09 04:55:08.884+00,1870,2026-02-09 04:23:57.956636+00
29d04bab-5c86-49cc-a3db-0bf11f128901,988db47f-5416-4859-8a9f-6ae5a36f3b4d,7d2803a4-967a-4b5b-aaa7-e76fea38ab03,550e8400-e29b-41d4-a716-446655440001,pre,2026-02-09 04:54:43.095926+00,2026-02-09 05:00:57.042+00,373,2026-02-09 04:54:43.095926+00
15a9224e-f4cd-4605-9e1e-98a8a874aac5,fd089cd4-3832-4c51-81e3-ac54ee790339,7d2803a4-967a-4b5b-aaa7-e76fea38ab03,550e8400-e29b-41d4-a716-446655440001,pre,2026-02-08 20:02:45.741603+00,2026-02-09 05:02:32.839+00,32387,2026-02-08 20:02:45.741603+00
cab48f7c-7faf-4dc5-8a4e-41426cb40f70,da247f16-8edc-484f-9988-963b0f2de33d,7d2803a4-967a-4b5b-aaa7-e76fea38ab03,550e8400-e29b-41d4-a716-446655440001,pre,2026-02-09 05:04:07.46624+00,2026-02-09 05:09:02.727+00,295,2026-02-09 05:04:07.46624+00
a3a69458-2968-46a7-b427-096892858ee0,9afacf94-4ce5-4563-832b-43d6cc7f6d0e,7d2803a4-967a-4b5b-aaa7-e76fea38ab03,550e8400-e29b-41d4-a716-446655440001,pre,2026-02-09 04:53:50.008083+00,2026-02-09 05:12:41.162+00,1131,2026-02-09 04:53:50.008083+00
26348749-e0fb-493e-977d-c4ad5a39b7c1,bee3adde-55f0-479b-abbd-b46b5d849eaf,7d2803a4-967a-4b5b-aaa7-e76fea38ab03,550e8400-e29b-41d4-a716-446655440001,pre,2026-02-09 04:56:59.149868+00,2026-02-09 05:12:55.396+00,956,2026-02-09 04:56:59.149868+00
5d74ee74-db68-41c9-9218-0aa6d19e2c95,d3a4bbe2-5a3e-4d12-a5f7-72432ee78ff4,7d2803a4-967a-4b5b-aaa7-e76fea38ab03,550e8400-e29b-41d4-a716-446655440001,pre,2026-02-09 04:59:49.533655+00,2026-02-09 05:12:55.989+00,786,2026-02-09 04:59:49.533655+00
5ce638f7-533e-4388-97c9-8cfe07f8add6,b1e1de17-2f9a-4a8e-9628-c8909d8e1194,7d2803a4-967a-4b5b-aaa7-e76fea38ab03,550e8400-e29b-41d4-a716-446655440001,pre,2026-02-09 04:59:32.059433+00,2026-02-09 05:13:14.909+00,822,2026-02-09 04:59:32.059433+00
c17f605b-5168-4ba8-96f3-f122af063115,761f3dc2-2f00-44e9-b941-8fac8f6b5d41,7d2803a4-967a-4b5b-aaa7-e76fea38ab03,550e8400-e29b-41d4-a716-446655440001,pre,2026-02-09 05:14:28.017029+00,2026-02-09 05:26:13.992+00,705,2026-02-09 05:14:28.017029+00
104f41b3-cbba-4da9-a6ab-36e16c07c829,f17b8d59-75ea-4af1-82e7-0adad7f7acda,7d2803a4-967a-4b5b-aaa7-e76fea38ab03,550e8400-e29b-41d4-a716-446655440001,pre,2026-02-09 05:07:58.147198+00,2026-02-09 05:26:18.295+00,1100,2026-02-09 05:07:58.147198+00
cacb4564-642e-45b8-a3fa-dc90280bc251,6d9b4dd0-5a5b-4ab7-b671-0a65abf3e44a,7d2803a4-967a-4b5b-aaa7-e76fea38ab03,550e8400-e29b-41d4-a716-446655440001,pre,2026-02-09 04:51:50.953067+00,2026-02-09 05:30:55.884+00,2344,2026-02-09 04:51:50.953067+00
139b1fb2-046b-40ab-9180-907447fed82b,13d08425-1a83-40e1-9fd2-67210f7c521f,7d2803a4-967a-4b5b-aaa7-e76fea38ab03,550e8400-e29b-41d4-a716-446655440001,pre,2026-02-09 05:19:41.697133+00,2026-02-09 05:34:54.141+00,912,2026-02-09 05:19:41.697133+00
59f360d6-f87b-4582-a997-8ab59a6b09ca,c2b61bad-de60-408c-8c6e-d85887a7e415,7d2803a4-967a-4b5b-aaa7-e76fea38ab03,550e8400-e29b-41d4-a716-446655440001,pre,2026-02-09 05:10:52.157933+00,2026-02-09 05:35:11.77+00,1459,2026-02-09 05:10:52.157933+00
c7b7547c-f39e-41c8-9f24-2b65883a7080,9aaf4e15-3c5f-47bd-b133-891f8cb54b2a,7d2803a4-967a-4b5b-aaa7-e76fea38ab03,550e8400-e29b-41d4-a716-446655440001,pre,2026-02-09 05:17:13.066481+00,2026-02-09 05:37:00.871+00,1187,2026-02-09 05:17:13.066481+00
29e95558-8ec8-4875-a2d6-8dcddb313f31,080da24d-ca87-4abd-97a8-654bc4ed5522,7d2803a4-967a-4b5b-aaa7-e76fea38ab03,550e8400-e29b-41d4-a716-446655440001,pre,2026-02-09 05:18:11.895788+00,2026-02-09 05:37:16.365+00,1144,2026-02-09 05:18:11.895788+00
cb39f66a-e1ff-4fd4-91ae-18fa54a869cf,b376241a-72d3-4d26-b030-da68a97881b0,7d2803a4-967a-4b5b-aaa7-e76fea38ab03,550e8400-e29b-41d4-a716-446655440001,pre,2026-02-09 04:51:31.493413+00,2026-02-09 05:42:24.066+00,3052,2026-02-09 04:51:31.493413+00
8a3aaa40-641a-4cb3-80e6-c95e21051b8e,2435250b-091e-4588-a2bb-7a6430ea6aa7,7d2803a4-967a-4b5b-aaa7-e76fea38ab03,550e8400-e29b-41d4-a716-446655440001,pre,2026-02-09 05:25:08.614821+00,2026-02-09 05:42:33.162+00,1044,2026-02-09 05:25:08.614821+00
249543f5-e2ae-48a0-bd9a-dfc4a22c333f,f26eca58-4a17-4fd0-88e3-dc8847835a67,7d2803a4-967a-4b5b-aaa7-e76fea38ab03,550e8400-e29b-41d4-a716-446655440001,pre,2026-02-09 05:31:40.138829+00,2026-02-09 05:43:29.501+00,709,2026-02-09 05:31:40.138829+00
70aacb70-0d1b-4063-a0ac-1c4ead9c0f3c,e7495315-0050-4953-b43f-b213671bf4f5,7d2803a4-967a-4b5b-aaa7-e76fea38ab03,550e8400-e29b-41d4-a716-446655440001,pre,2026-02-09 05:32:13.948904+00,2026-02-09 05:47:30.129+00,916,2026-02-09 05:32:13.948904+00
ec1e962d-de25-4ecd-b353-c2b07e7c44d7,28dfac98-1a45-451a-9108-792ec0dedbb7,7d2803a4-967a-4b5b-aaa7-e76fea38ab03,550e8400-e29b-41d4-a716-446655440001,pre,2026-02-09 04:28:08.743669+00,2026-02-09 05:49:35.505+00,4886,2026-02-09 04:28:08.743669+00
4422d92d-3740-421a-aff6-ecf124e17901,37a3b774-7210-4ee5-9418-194114a05869,7d2803a4-967a-4b5b-aaa7-e76fea38ab03,550e8400-e29b-41d4-a716-446655440001,pre,2026-02-09 05:31:43.596967+00,2026-02-09 05:51:42.444+00,1198,2026-02-09 05:31:43.596967+00
a2a40638-a069-4655-8bed-76149dc42e3b,5ab5c87d-e528-47a9-821c-e30bef4e7234,7d2803a4-967a-4b5b-aaa7-e76fea38ab03,550e8400-e29b-41d4-a716-446655440001,pre,2026-02-09 05:51:22.012561+00,2026-02-09 05:53:22.843+00,120,2026-02-09 05:51:22.012561+00
be26c9c9-7eff-4f7a-88a9-db03453a6db9,0aae16af-40a2-4a08-8469-2b8d8140f66d,7d2803a4-967a-4b5b-aaa7-e76fea38ab03,550e8400-e29b-41d4-a716-446655440001,pre,2026-02-09 05:44:41.450453+00,2026-02-09 05:54:18.37+00,576,2026-02-09 05:44:41.450453+00
1cce21ac-30f9-4e36-bc74-0dca6e90e2e7,e47996af-920b-4fd6-acc7-5e2b47ba12a3,7d2803a4-967a-4b5b-aaa7-e76fea38ab03,550e8400-e29b-41d4-a716-446655440001,pre,2026-02-09 05:53:42.877778+00,2026-02-09 05:59:42.14+00,359,2026-02-09 05:53:42.877778+00
fbb0242d-61f3-4a59-b3aa-3fe3de656de5,ee68e73a-40a6-457b-a27d-9aaeb7078036,7d2803a4-967a-4b5b-aaa7-e76fea38ab03,550e8400-e29b-41d4-a716-446655440001,pre,2026-02-08 18:48:33.895164+00,2026-02-09 07:10:31.599+00,44517,2026-02-08 18:48:33.895164+00
3d17e478-32fb-4a5c-8f21-b23d391c4fc6,d1d51dcc-cf70-46f1-a2dd-1b8c11d4a862,7d2803a4-967a-4b5b-aaa7-e76fea38ab03,550e8400-e29b-41d4-a716-446655440001,pre,2026-02-02 21:21:45.28798+00,2026-02-09 17:59:46.56+00,592681,2026-02-02 21:21:45.28798+00
8e54a7f0-e0ed-448b-9be4-c23afe392378,0dc0bc30-6ba9-482b-b74d-18b65c8a1af5,7d2803a4-967a-4b5b-aaa7-e76fea38ab03,550e8400-e29b-41d4-a716-446655440001,pre,2026-02-09 20:03:01.394605+00,2026-02-09 20:19:36.577+00,995,2026-02-09 20:03:01.394605+00
16942379-3536-43fa-bd1a-1b29009ad310,c667d541-8358-454e-b67c-37460b1aa48c,7d2803a4-967a-4b5b-aaa7-e76fea38ab03,550e8400-e29b-41d4-a716-446655440001,pre,2026-02-09 20:07:55.065459+00,2026-02-09 20:26:23.501+00,1108,2026-02-09 20:07:55.065459+00
4e2b0559-4759-44ad-86bf-df18e0e85109,25de4f6d-b4f6-4eda-a041-c728bf05d2ac,7d2803a4-967a-4b5b-aaa7-e76fea38ab03,550e8400-e29b-41d4-a716-446655440001,pre,2026-02-09 22:30:36.863028+00,2026-02-09 22:52:34.808+00,1317,2026-02-09 22:30:36.863028+00
fe65c4ec-e7b1-4afc-9c1c-c784c4a9a0f4,e6d2bd24-6adb-467f-b7d1-71c597d4ba21,7d2803a4-967a-4b5b-aaa7-e76fea38ab03,550e8400-e29b-41d4-a716-446655440001,pre,2026-02-09 23:23:23.802268+00,2026-02-09 23:42:36.919+00,1153,2026-02-09 23:23:23.802268+00
70f90f6c-45f8-4fb1-aef9-9420f9199988,6b51bc91-f0c0-42ad-94a0-71b2fe6be3cb,7d2803a4-967a-4b5b-aaa7-e76fea38ab03,550e8400-e29b-41d4-a716-446655440001,pre,2026-02-09 23:34:43.515596+00,2026-02-09 23:46:52.379+00,728,2026-02-09 23:34:43.515596+00
20eeca1a-5e92-4ef7-b2e6-c1cda6210a46,cc600a0a-73d7-4721-9617-a9482de511e9,7d2803a4-967a-4b5b-aaa7-e76fea38ab03,550e8400-e29b-41d4-a716-446655440001,pre,2026-02-09 23:50:02.893251+00,2026-02-10 00:08:30.781+00,1107,2026-02-09 23:50:02.893251+00
864e0d80-d065-4c26-9cb8-57c157cfb01b,628fd21e-6333-4aa4-b454-40c4956f90b2,7d2803a4-967a-4b5b-aaa7-e76fea38ab03,550e8400-e29b-41d4-a716-446655440001,pre,2026-02-10 00:15:34.782734+00,2026-02-10 00:29:31.206+00,836,2026-02-10 00:15:34.782734+00
72fbae24-2ab2-458d-b7ba-477c0588d2ea,931cadcf-0663-4a99-bc57-f2087556cf39,7d2803a4-967a-4b5b-aaa7-e76fea38ab03,550e8400-e29b-41d4-a716-446655440001,pre,2026-02-09 19:22:26.536352+00,2026-02-10 02:28:14.781+00,25548,2026-02-09 19:22:26.536352+00
cc73272c-b0b7-4da2-b2d5-2322d7cdc26d,b846ebdb-23fa-410f-ac92-431d54040aaa,7d2803a4-967a-4b5b-aaa7-e76fea38ab03,550e8400-e29b-41d4-a716-446655440001,pre,2026-02-09 22:41:41.809261+00,2026-02-10 16:36:55.107+00,64513,2026-02-09 22:41:41.809261+00
532f46df-e3b9-4cd0-8d55-02a3f0b51d6d,b4fa1f6e-d2db-4065-9227-fa01a49d8449,7d2803a4-967a-4b5b-aaa7-e76fea38ab03,550e8400-e29b-41d4-a716-446655440001,pre,2026-04-11 21:31:54.936566+00,2026-04-11 21:51:54.936566+00,1200,2026-04-11 21:51:54.936566+00
