attempt_id,submission_type,item_id,question_stem,domain,subdomain,response_type,student_answer,score,confidence,answered_at
001ecfb2-a613-4263-aedc-3e86370b9f11,pre,Q10_Open_Diagnose,"You were asked: Which statement about credit reports is FALSE? Options were A) Employers use them to screen applicants, B) They include a credit worthiness assessment, C) They are provided by a single source. You answered [student's answer] with high confidence, indicating you thought that statement was false. In 1-2 sentences, explain your reasoning.",Borrowing & Credit,Credit Reports,diagnose,I should have put C. You can check your credit score from a couple of sources.,50.00,1,2026-02-09 00:24:16.349128+00
001ecfb2-a613-4263-aedc-3e86370b9f11,pre,Q35_Open_Confirm,"You were asked whether opportunities to make a lot of money also come with chances to lose a lot. You answered ""True,"" which is correct. In 1-2 sentences, explain why high reward opportunities typically involve high risk.",Investment & Risk,Risk-Return Relationship,confirm,"High rewards typically involve high risk because if it was low risk everyone would do it, so it would be worth less.",50.00,1,2026-02-09 00:25:27.667818+00
001ecfb2-a613-4263-aedc-3e86370b9f11,pre,Q36_Open_Confirm,"You were asked whether saving money in more than one place reduces the risk of losing everything. You answered ""True,"" which is correct. In 1-2 sentences, explain why spreading your savings across multiple places is safer.",Investment & Risk,Diversification Principle,confirm,"If you put all your money into one thing like a stock and it loses value, you lose all your money. I f you use a mutual fund you only lose some money.",50.00,1,2026-02-09 00:24:56.759261+00
002fdf2b-9540-4bec-a9c2-3b77e6f91c6c,pre,Q6_Open_Diagnose,"You were asked: A successful effort to lower inflation would likely be accompanied by which of the following? Options were A) A decrease in the general level of prices, B) A slower increase in prices, C) An increase in employment. You answered [student's answer] with high confidence. In 1-2 sentences, explain your reasoning for that answer.",Borrowing & Credit,Inflation (Lowering),diagnose,I chose a decrease in the general level of prices because lower inflation equals lower prices.,50.00,3,2026-02-07 23:47:56.242558+00
02a22b1f-2e74-4737-ae4a-98db698b32ff,pre,Q14_Open_Confirm,"You were asked what happens to risk when an investor spreads money among different assets. You answered ""decreases,"" which is correct. In 1-2 sentences, explain why spreading investments reduces risk.",Risk Management,Diversification Principle,confirm,It would be diversification would be the cause of reducing risk because different assets often react differently. 11 investment is performing poorly. Another may be performing well therefore can have you a good overall system.,50.00,2,2026-02-08 18:47:56.040186+00
02a22b1f-2e74-4737-ae4a-98db698b32ff,pre,Q4_Open_Diagnose,"You were asked: If you lend $25 to a friend and he gives you $25 back the next day, how much interest has he paid? The options were A) $25, B) $0. You answered ""$25"" with high confidence. In 1-2 sentences, explain your reasoning for that answer.",Borrowing & Credit,Borrowing/Interest,diagnose,"I would have to say B, because the amount of interest paid is the fee charge for borrowing the money therefore, your friend would be required to return that exact amount borrowed.",50.00,3,2026-02-08 18:46:38.49217+00
02a22b1f-2e74-4737-ae4a-98db698b32ff,pre,Q5_Open_Diagnose,"You were asked: How much should Lyle have set aside for emergency savings? The options were A) $200 or so, B) One month's rent, C) Three or more months of expenses. You answered [student's answer] with high confidence. In 1-2 sentences, explain your reasoning for that answer.",Borrowing & Credit,Emergency Fund,diagnose,I would say see just because of the guidelines for emergencies savings to have enough funds to cover 3 to 6 months this with insurance and financial safety net in case of job loss.,50.00,3,2026-02-08 18:45:54.732937+00
030ad865-6ab9-478a-baec-b6fe2da8d2ae,pre,Q11_Open_Diagnose,"You were asked: Is buying a single company's stock usually safer than a stock mutual fund? True or false? You answered ""True"" with high confidence. In 1-2 sentences, explain your reasoning for that answer.",Risk Management,Diversification (Stock vs Fund),diagnose,no clue,50.00,3,2026-02-08 23:08:51.576214+00
030ad865-6ab9-478a-baec-b6fe2da8d2ae,pre,Q2_Open_Diagnose,"You were asked: A 15-year mortgage typically requires higher monthly payments than a 30-year mortgage, but the total interest paid over the life of the loan will be less. True or false? You answered ""False"" with high confidence. In 1-2 sentences, explain your reasoning for that answer.",Borrowing & Credit,Borrowing/Mortgages,diagnose,No clue,50.00,3,2026-02-08 23:08:36.853502+00
030ad865-6ab9-478a-baec-b6fe2da8d2ae,pre,Q8_Open_Diagnose,"You were asked: What can Jayden likely negotiate with an auto loan lender? Options were A) Interest rate only, B) Down payment only, C) Both, D) Neither. You answered [student's answer] with high confidence. In 1-2 sentences, explain your reasoning for that answer.",Borrowing & Credit,Auto Loans,diagnose,no clue,50.00,3,2026-02-08 23:08:43.084903+00
06915e57-438e-4e87-aaa3-f410aa0a7139,pre,Q10_Open_Diagnose,"You were asked: Which statement about credit reports is FALSE? Options were A) Employers use them to screen applicants, B) They include a credit worthiness assessment, C) They are provided by a single source. You answered [student's answer] with high confidence, indicating you thought that statement was false. In 1-2 sentences, explain your reasoning.",Borrowing & Credit,Credit Reports,diagnose,"The page explains that credit reports come from multiple major bureaus, each maintaining its own file. In contrast, it notes that employers can use reports in screening and that reports are used to assess creditworthiness, so those two statements are true. This is why I chose \""They are provided by a single source\"".",50.00,2,2026-02-03 23:54:38.4226+00
06915e57-438e-4e87-aaa3-f410aa0a7139,pre,Q37_Open_Diagnose,"You were asked: Which insurance protects you if you cause an accident that injures someone? Options were A) Health insurance, B) Homeowner's insurance, C) Auto liability coverage. You answered [student's answer] with high confidence. In 1-2 sentences, explain your reasoning for that answer.",Investment & Risk,Insurance Types,diagnose,"Auto liability coverage is the insurance designed to pay for injuries you cause to others in an accident. Health and homeowner's insurance don't cover harm you cause while driving, so this wouldn't fit this scenario and is why this was my answer.",50.00,2,2026-02-03 23:54:38.4226+00
06ef65a2-723a-445e-ae3b-e6b49dca14b8,pre,Q29_Open_Diagnose,"You were asked: If interest rates rise, what typically happens to bond prices? Options were A) They rise, B) They fall, C) They stay the same, D) No relationship. You answered [student's answer] with high confidence. In 1-2 sentences, explain your reasoning for that answer.",Investment & Risk,Interest Rates & Bonds,diagnose,they also rise becuase the market all works as one,50.00,3,2026-02-03 00:59:03.994948+00
06ef65a2-723a-445e-ae3b-e6b49dca14b8,pre,Q32_Open_Diagnose,"You were asked: Over a long time period (10-20 years), which asset normally gives the highest return? Options were A) Savings accounts, B) Bonds, C) Stocks. You answered [student's answer] with high confidence. In 1-2 sentences, explain your reasoning for that answer.",Investment & Risk,Long-Term Asset Returns,diagnose,stocks cause the market all usually rises high,50.00,3,2026-02-03 00:59:41.30269+00
06ef65a2-723a-445e-ae3b-e6b49dca14b8,pre,Q38_Open_Confirm,"You were asked which investment best protects purchasing power during sudden high inflation. You answered ""a house financed with a fixed-rate mortgage,"" which is correct. In 1-2 sentences, explain why this protects against inflation.",Investment & Risk,Inflation Protection,confirm,Because houses are large assets that raise in value and can be sold at anytime.,50.00,3,2026-02-03 01:00:28.552103+00
07cd4570-8474-462d-ba38-c17f23fef827,pre,Q11_Open_Diagnose,"You were asked: Is buying a single company's stock usually safer than a stock mutual fund? True or false? You answered ""True"" with high confidence. In 1-2 sentences, explain your reasoning for that answer.",Risk Management,Diversification (Stock vs Fund),diagnose,"I actually changed my answer now, buying a single company's stock is riskier because it lacks any diversity of a mutual fund would have. Spreading money is safer for potential high risks. ",50.00,3,2026-02-02 20:00:40.888206+00
07cd4570-8474-462d-ba38-c17f23fef827,pre,Q7_Open_Diagnose,"You were asked: Which group would have the greatest problem during periods of high inflation? Options were A) Young working couples, B) Older working couples saving for retirement, C) Retirees on a fixed income. You answered [student's answer] with high confidence. In 1-2 sentences, explain your reasoning for that answer.",Borrowing & Credit,Inflation (Fixed Income),diagnose,"I answered retirees on fixed income because high inflation causes problems when purchasing items on just fixed income. Their money will buy less, making it harder to afford their daily costs of living. ",50.00,3,2026-02-02 19:58:59.41365+00
091492b7-3002-49ff-ad21-cc5a16468e42,pre,Q2_Open_Diagnose,"You were asked: A 15-year mortgage typically requires higher monthly payments than a 30-year mortgage, but the total interest paid over the life of the loan will be less. True or false? You answered ""False"" with high confidence. In 1-2 sentences, explain your reasoning for that answer.",Borrowing & Credit,Borrowing/Mortgages,diagnose,"The longer you have to pay a loan off, the longer the interest builds which leads to you paying more.",50.00,3,2026-02-09 03:29:44.665451+00
091492b7-3002-49ff-ad21-cc5a16468e42,pre,Q32_Open_Diagnose,"You were asked: Over a long time period (10-20 years), which asset normally gives the highest return? Options were A) Savings accounts, B) Bonds, C) Stocks. You answered [student's answer] with high confidence. In 1-2 sentences, explain your reasoning for that answer.",Investment & Risk,Long-Term Asset Returns,diagnose,"Bonds will return the greatest as they are safe and consistent sources of investment. Keeping money in savings leads to extremely little growth, stocks aren't safe, so bonds are the most safe option to yield the highest return.",50.00,3,2026-02-09 03:32:37.961584+00
091492b7-3002-49ff-ad21-cc5a16468e42,pre,Q40_Open_Diagnose,"You were asked: What was a key factor in the 2007-2008 financial crisis? Options were A) Strong regulation, B) Failure to manage risk, C) High savings rates, D) Low borrowing. You answered [student's answer] with high confidence. In 1-2 sentences, explain your reasoning for that answer.",Investment & Risk,2008 Financial Crisis,diagnose,There was too much allowance on borrowing which led to the crash of major financial institutions and the market,50.00,3,2026-02-09 03:31:08.858514+00
0a81d469-3183-4345-91ab-396accc4aa21,pre,Q11_Open_Diagnose,"You were asked: Is buying a single company's stock usually safer than a stock mutual fund? True or false? You answered ""True"" with high confidence. In 1-2 sentences, explain your reasoning for that answer.",Risk Management,Diversification (Stock vs Fund),diagnose,That is what they told me in high school.,50.00,2,2026-02-02 17:16:21.033489+00
0a81d469-3183-4345-91ab-396accc4aa21,pre,Q2_Open_Diagnose,"You were asked: A 15-year mortgage typically requires higher monthly payments than a 30-year mortgage, but the total interest paid over the life of the loan will be less. True or false? You answered ""False"" with high confidence. In 1-2 sentences, explain your reasoning for that answer.",Borrowing & Credit,Borrowing/Mortgages,diagnose,"I am not sure the reasoning, I just heard it somewhere.",50.00,3,2026-02-02 17:15:48.681072+00
0a81d469-3183-4345-91ab-396accc4aa21,pre,Q3_Open_Diagnose,"You were asked: High inflation means that the cost of living is increasing rapidly. True or false? You answered ""False"" with high confidence. In 1-2 sentences, explain your reasoning for that answer.",Borrowing & Credit,Inflation,diagnose,I meant to answer true because it would increase cost of living. ,50.00,2,2026-02-02 17:15:17.811891+00
0aa678d0-2bf4-42ed-992f-daf67332cb9f,pre,Q38_Open_Diagnose,"You were asked: Which investment best protects purchasing power during sudden high inflation? Options were A) 10-year fixed bond, B) Bank CD, C) 25-year fixed mortgage (debt), D) House with fixed mortgage. You answered [student's answer] with high confidence. In 1-2 sentences, explain your reasoning for that answer.",Investment & Risk,Inflation Protection,diagnose,I chose D because an increase in the price of your house is good for the owner. ,50.00,3,2026-02-06 02:38:10.429067+00
0aa678d0-2bf4-42ed-992f-daf67332cb9f,pre,Q3_Open_Diagnose,"You were asked: High inflation means that the cost of living is increasing rapidly. True or false? You answered ""False"" with high confidence. In 1-2 sentences, explain your reasoning for that answer.",Borrowing & Credit,Inflation,diagnose,I was wrong.,50.00,3,2026-02-06 02:35:21.508832+00
0ab34ef6-8eb9-4b26-a142-36ffa97e7738,pre,Q10_Open_Confirm,"You were asked which statement about credit reports is FALSE. You correctly identified that ""your credit report is provided by a single source"" is false. In 1-2 sentences, explain why this statement is false.",Borrowing & Credit,Credit Reports,confirm,There are multiple sources when it comes to credit sources.,50.00,3,2026-02-08 00:14:56.742401+00
0ab34ef6-8eb9-4b26-a142-36ffa97e7738,pre,Q1_Open_Confirm,"You were asked: If you put $100 in a savings account at 2% annual interest, how much would you have after 5 years? You answered ""More than $102,"" which is correct. In 1-2 sentences, explain why the amount is more than $102.",Borrowing & Credit,Compound Interest,confirm,"because the interest in compounded annually, so you will make more than 102 dollars.",50.00,3,2026-02-08 00:15:39.618461+00
0ab34ef6-8eb9-4b26-a142-36ffa97e7738,pre,Q36_Open_Diagnose,"You were asked: Is it less likely you'll lose all your money if you save it in more than one place? You answered ""False"" with high confidence. In 1-2 sentences, explain your reasoning for that answer.",Investment & Risk,Diversification Principle,diagnose,Diversifying your portfolio can help lower the risk of losing money. your money is allocated in different places giving you a better chance to lose and win.,50.00,2,2026-02-08 00:13:58.990288+00
0b304a66-f328-4307-9f0a-a0c87b85be97,pre,Q39_Open_Diagnose,"You were asked: Are stocks generally riskier than bonds? You answered ""False"" with high confidence. In 1-2 sentences, explain your reasoning for that answer.",Investment & Risk,Stocks vs Bonds Risk,diagnose,"I guessed, i’m not sure ",50.00,1,2026-02-07 20:27:46.211912+00
0b304a66-f328-4307-9f0a-a0c87b85be97,pre,Q7_Open_Confirm,"You were asked which group has the greatest problem during high inflation. You answered ""retirees living on a fixed income,"" which is correct. In 1-2 sentences, explain why fixed-income retirees struggle most during inflation.",Borrowing & Credit,Inflation (Fixed Income),confirm,They might not be able to afford items that would be priced higher than before ,50.00,1,2026-02-07 20:28:01.083639+00
0b304a66-f328-4307-9f0a-a0c87b85be97,pre,Q8_Open_Confirm,"You were asked what Jayden can negotiate when getting an auto loan. You answered ""both interest rate and down payment,"" which is correct. In 1-2 sentences, explain why it's possible to negotiate these terms.",Borrowing & Credit,Auto Loans,confirm,"I’m not sure, i guessed",50.00,1,2026-02-07 20:28:46.090009+00
0cc82311-eb36-4ab8-b25c-c1c91007cf03,pre,Q12_Open_Diagnose,"You were asked: What is the primary function of health insurance? Options were A) Protect against large unexpected bills, B) Cover routine health care, C) Pay for elective procedures. You answered [student's answer] with high confidence. In 1-2 sentences, explain your reasoning for that answer.",Risk Management,Health Insurance Purpose,diagnose,"a because, these large unexpected bills protect high-cost unexpected health issues. ",50.00,3,2026-02-03 19:57:31.83129+00
0cc82311-eb36-4ab8-b25c-c1c91007cf03,pre,Q36_Open_Diagnose,"You were asked: Is it less likely you'll lose all your money if you save it in more than one place? You answered ""False"" with high confidence. In 1-2 sentences, explain your reasoning for that answer.",Investment & Risk,Diversification Principle,diagnose,"false because diversification of assets reduces risk, therefore spreading money across different investments allows you not fail through just one investments. ",50.00,3,2026-02-03 19:57:31.83129+00
0cc82311-eb36-4ab8-b25c-c1c91007cf03,pre,Q9_Open_Diagnose,"You were asked: What is the primary advantage of making a household budget? Options were A) Ensures funds for bills and saving, B) Reduces your taxes, C) Increases investment returns. You answered [student's answer] with high confidence. In 1-2 sentences, explain your reasoning for that answer.",Borrowing & Credit,Budgeting,diagnose,"a because, it ensures funds for bills and saving. this systemanic approach helps manage money effectively and avoid financial shortages. ",50.00,3,2026-02-03 19:57:31.83129+00
0ccf2d1e-e680-4853-824a-932586744d59,pre,Q12_Open_Diagnose,"You were asked: What is the primary function of health insurance? Options were A) Protect against large unexpected bills, B) Cover routine health care, C) Pay for elective procedures. You answered [student's answer] with high confidence. In 1-2 sentences, explain your reasoning for that answer.",Risk Management,Health Insurance Purpose,diagnose,"The answer is A because health insurance gives you peace of mind that if something large were to happen, like having to go to the ER or being in a car crash, you would be taken care of. It is better to pay monthly for health insurance, even if nothing large ever happens, because without it, you'd face a very large bill.",50.00,3,2026-02-06 17:53:14.714167+00
0ccf2d1e-e680-4853-824a-932586744d59,pre,Q33_Open_Diagnose,"You were asked: If 1,000 people buy lottery tickets with a 1% chance of winning, how many winners would you expect? Options were A) 5, B) 8, C) 10, D) 12. You answered [student's answer] with high confidence. In 1-2 sentences, explain how you arrived at that answer.",Investment & Risk,Probability (% to Count),diagnose,There will be 10 winners because 1% of 1000 is 10,50.00,3,2026-02-06 17:56:35.071458+00
0ccf2d1e-e680-4853-824a-932586744d59,pre,Q35_Open_Diagnose,"You were asked: If someone offers you the chance to make a lot of money, is there also likely a chance you could lose a lot? You answered ""False"" with high confidence. In 1-2 sentences, explain your reasoning for that answer.",Investment & Risk,Risk-Return Relationship,diagnose,I answered false because a high potential gain does not automatically mean a high potential risk. Some opportunities have a limited risk with a large gain.,50.00,3,2026-02-06 17:54:39.706475+00
0d4491f5-5061-44d2-95fa-005238e774d9,pre,Q10_Open_Diagnose,"You were asked: Which statement about credit reports is FALSE? Options were A) Employers use them to screen applicants, B) They include a credit worthiness assessment, C) They are provided by a single source. You answered [student's answer] with high confidence, indicating you thought that statement was false. In 1-2 sentences, explain your reasoning.",Borrowing & Credit,Credit Reports,diagnose,"Both reasons A and B are true because credit score shows how reliable you are to the employer as well as how likely you would be to make the payment on time and to the full amount. C is false because credit reports are not provided by a single source, but take your credit history from all the times you have needed to pay an amount back. ",50.00,3,2026-02-02 17:05:29.063899+00
0d4491f5-5061-44d2-95fa-005238e774d9,pre,Q12_Open_Diagnose,"You were asked: What is the primary function of health insurance? Options were A) Protect against large unexpected bills, B) Cover routine health care, C) Pay for elective procedures. You answered [student's answer] with high confidence. In 1-2 sentences, explain your reasoning for that answer.",Risk Management,Health Insurance Purpose,diagnose,Health care does all the things listed but its most primary function is to cover routine health care because these can be costly and are done many times a year.,50.00,3,2026-02-02 17:10:44.523067+00
0d4491f5-5061-44d2-95fa-005238e774d9,pre,Q8_Open_Diagnose,"You were asked: What can Jayden likely negotiate with an auto loan lender? Options were A) Interest rate only, B) Down payment only, C) Both, D) Neither. You answered [student's answer] with high confidence. In 1-2 sentences, explain your reasoning for that answer.",Borrowing & Credit,Auto Loans,diagnose,I answered that the only thing Jayden can negotiate is the downpayment. This is because the interest rates are based on time and amount so they are fixed and cannot be negotiated. ,50.00,3,2026-02-02 17:08:29.224326+00
0d9d026b-9657-4a81-8abb-11af8721f27a,pre,Q29_Open_Confirm,"You were asked what happens to bond prices when interest rates rise. You answered ""they fall,"" which is correct. In 1-2 sentences, explain why bond prices fall when interest rates rise.",Investment & Risk,Interest Rates & Bonds,confirm,not sure,50.00,1,2026-02-06 23:51:28.158938+00
0d9d026b-9657-4a81-8abb-11af8721f27a,pre,Q31_Open_Diagnose,"You were asked: What does the stock market do? Options were A) Results in gains for investors, B) Guarantees investors a profit, C) Brings buyers and sellers together. You answered [student's answer] with high confidence. In 1-2 sentences, explain your reasoning for that answer.",Investment & Risk,Stock Market Function,diagnose,Investing can result in gains,50.00,2,2026-02-06 23:50:46.491433+00
0d9d026b-9657-4a81-8abb-11af8721f27a,pre,Q6_Open_Diagnose,"You were asked: A successful effort to lower inflation would likely be accompanied by which of the following? Options were A) A decrease in the general level of prices, B) A slower increase in prices, C) An increase in employment. You answered [student's answer] with high confidence. In 1-2 sentences, explain your reasoning for that answer.",Borrowing & Credit,Inflation (Lowering),diagnose,Prices would hopefully go down as inflation goes down,50.00,3,2026-02-06 23:50:26.839538+00
0e63762f-717f-43e1-9b2f-c7b65360e15c,pre,Q10_Open_Diagnose,"You were asked: Which statement about credit reports is FALSE? Options were A) Employers use them to screen applicants, B) They include a credit worthiness assessment, C) They are provided by a single source. You answered [student's answer] with high confidence, indicating you thought that statement was false. In 1-2 sentences, explain your reasoning.",Borrowing & Credit,Credit Reports,diagnose,I don’t know sorry 🫵🫵,50.00,3,2026-02-04 17:55:30.494961+00
0e63762f-717f-43e1-9b2f-c7b65360e15c,pre,Q11_Open_Diagnose,"You were asked: Is buying a single company's stock usually safer than a stock mutual fund? True or false? You answered ""True"" with high confidence. In 1-2 sentences, explain your reasoning for that answer.",Risk Management,Diversification (Stock vs Fund),diagnose,I don’t know,50.00,3,2026-02-04 17:55:43.362997+00
0e63762f-717f-43e1-9b2f-c7b65360e15c,pre,Q2_Open_Diagnose,"You were asked: A 15-year mortgage typically requires higher monthly payments than a 30-year mortgage, but the total interest paid over the life of the loan will be less. True or false? You answered ""False"" with high confidence. In 1-2 sentences, explain your reasoning for that answer.",Borrowing & Credit,Borrowing/Mortgages,diagnose,I don’t knoe,50.00,3,2026-02-04 17:55:17.749608+00
0e772312-37bf-4e02-ae51-b50abee7a7a0,pre,Q6_Open_Diagnose,"You were asked: A successful effort to lower inflation would likely be accompanied by which of the following? Options were A) A decrease in the general level of prices, B) A slower increase in prices, C) An increase in employment. You answered [student's answer] with high confidence. In 1-2 sentences, explain your reasoning for that answer.",Borrowing & Credit,Inflation (Lowering),diagnose,"I chose A because as inflation slows, there is less money in the economy/world, so things have to be cheaper to adjust to the amount of money avaliable. ",50.00,2,2026-02-03 20:59:28.331206+00
0edf2904-28ee-41cb-a865-2ebb4b8270dd,pre,Q11_Open_Diagnose,"You were asked: Is buying a single company's stock usually safer than a stock mutual fund? True or false? You answered ""True"" with high confidence. In 1-2 sentences, explain your reasoning for that answer.",Risk Management,Diversification (Stock vs Fund),diagnose,I believe it is safer to buy a single company's stock,50.00,2,2026-02-04 18:56:28.414188+00
0edf2904-28ee-41cb-a865-2ebb4b8270dd,pre,Q12_Open_Diagnose,"You were asked: What is the primary function of health insurance? Options were A) Protect against large unexpected bills, B) Cover routine health care, C) Pay for elective procedures. You answered [student's answer] with high confidence. In 1-2 sentences, explain your reasoning for that answer.",Risk Management,Health Insurance Purpose,diagnose,Most people have health insurance to cover everyday routines that would be otherwise expensive ,50.00,2,2026-02-04 18:57:30.331113+00
0edf2904-28ee-41cb-a865-2ebb4b8270dd,pre,Q6_Open_Diagnose,"You were asked: A successful effort to lower inflation would likely be accompanied by which of the following? Options were A) A decrease in the general level of prices, B) A slower increase in prices, C) An increase in employment. You answered [student's answer] with high confidence. In 1-2 sentences, explain your reasoning for that answer.",Borrowing & Credit,Inflation (Lowering),diagnose,I answered I do not know because I do not know. ,50.00,3,2026-02-04 18:55:54.15564+00
0f0f0b44-2802-462a-b7a3-bb3e127685cd,pre,Q8_Open_Diagnose,"You were asked: What can Jayden likely negotiate with an auto loan lender? Options were A) Interest rate only, B) Down payment only, C) Both, D) Neither. You answered [student's answer] with high confidence. In 1-2 sentences, explain your reasoning for that answer.",Borrowing & Credit,Auto Loans,diagnose,The interest rate is set.,50.00,2,2026-02-05 22:37:29.356083+00
0fa82589-13e1-40f1-bc4f-cd31d90bb32b,pre,Q11_Open_Confirm,"You were asked whether buying a single company's stock is safer than a stock mutual fund. You answered ""False,"" which is correct. In 1-2 sentences, explain why a mutual fund is generally safer than a single stock.",Risk Management,Diversification (Stock vs Fund),confirm,A mutual fund is generally safe than a single stock because of diversification,50.00,1,2026-02-06 19:20:50.699964+00
0fa82589-13e1-40f1-bc4f-cd31d90bb32b,pre,Q2_Open_Confirm,"You were asked whether a 15-year mortgage has higher monthly payments but lower total interest than a 30-year mortgage. You answered ""True,"" which is correct. In 1-2 sentences, explain why total interest is lower on the shorter mortgage.",Borrowing & Credit,Borrowing/Mortgages,confirm,the total interest is lower on the shorter mortgage because the principal balance is paid down faster.,50.00,1,2026-02-06 19:19:55.462451+00
0fa82589-13e1-40f1-bc4f-cd31d90bb32b,pre,Q3_Open_Confirm,"You were asked whether high inflation means the cost of living is increasing rapidly. You answered ""True,"" which is correct. In 1-2 sentences, explain what inflation means and how it affects everyday life.",Borrowing & Credit,Inflation,confirm,"inflation is the increase of goods and services in our economy. This affects everyday life because our money buys less, for example, we cannot pay what we usually do for our daily necessities.",50.00,1,2026-02-06 19:17:10.885058+00
104f41b3-cbba-4da9-a6ab-36e16c07c829,pre,Q29_Open_Confirm,"You were asked what happens to bond prices when interest rates rise. You answered ""they fall,"" which is correct. In 1-2 sentences, explain why bond prices fall when interest rates rise.",Investment & Risk,Interest Rates & Bonds,confirm,"They fall because higher interest rates fuels new bonds. To maintain relevancy, the bond prices must drop ",50.00,2,2026-02-09 05:23:23.19219+00
104f41b3-cbba-4da9-a6ab-36e16c07c829,pre,Q35_Open_Confirm,"You were asked whether opportunities to make a lot of money also come with chances to lose a lot. You answered ""True,"" which is correct. In 1-2 sentences, explain why high reward opportunities typically involve high risk.",Investment & Risk,Risk-Return Relationship,confirm,High reward opportunities usually come with high levels in entry. This may mean you need to spend a excess amount of money for the chance of multiplying that wealth.,50.00,3,2026-02-09 05:21:49.339848+00
107dd88d-99f8-4742-ba00-08aa1e6f9cde,pre,Q40_Open_Confirm,"You were asked about a key factor in the 2007-2008 financial crisis. You answered ""widespread failure to properly assess and manage financial risk,"" which is correct. In 1-2 sentences, explain how poor risk management contributed to the crisis.",Investment & Risk,2008 Financial Crisis,confirm,Poor risk managemenet contributed to this crisis because people took too much risk and never saved in case things were going to happen.,50.00,2,2026-02-03 21:24:27.612037+00
107dd88d-99f8-4742-ba00-08aa1e6f9cde,pre,Q5_Open_Diagnose,"You were asked: How much should Lyle have set aside for emergency savings? The options were A) $200 or so, B) One month's rent, C) Three or more months of expenses. You answered [student's answer] with high confidence. In 1-2 sentences, explain your reasoning for that answer.",Borrowing & Credit,Emergency Fund,diagnose,I said he should have at least three months of expenses because if he were to lose his job or something it may take more than a month to find a new job to get money to pay for rent.,50.00,3,2026-02-03 21:24:27.612037+00
1086e50b-ceab-4966-bc7f-0d3854cce547,pre,Q30_Open_Diagnose,"You were asked: An investment with a high return is likely to be high risk. True or false? You answered ""False"" with high confidence. In 1-2 sentences, explain your reasoning for that answer.",Investment & Risk,Risk-Return Tradeoff,diagnose,"I answered false because this may not always be the case. The higher the risk the higher return still holds to be true, but sometimes in a rare case I think a stock can experience high growth and stay high, or maybe mellow out but I dont think you loose money every time its high risk.",50.00,2,2026-02-05 22:33:52.585139+00
1086e50b-ceab-4966-bc7f-0d3854cce547,pre,Q8_Open_Diagnose,"You were asked: What can Jayden likely negotiate with an auto loan lender? Options were A) Interest rate only, B) Down payment only, C) Both, D) Neither. You answered [student's answer] with high confidence. In 1-2 sentences, explain your reasoning for that answer.",Borrowing & Credit,Auto Loans,diagnose,"I think I said Interest rate, honestly I just guessed I am unsure of what you can negotiate.",50.00,2,2026-02-05 22:33:12.200591+00
1234cacb-bcb2-44c2-be52-cbaf8b355857,pre,Q36_Open_Diagnose,"You were asked: Is it less likely you'll lose all your money if you save it in more than one place? You answered ""False"" with high confidence. In 1-2 sentences, explain your reasoning for that answer.",Investment & Risk,Diversification Principle,diagnose,because if you put all your money in one place theres more of a chance of loosing it all whereas if you have it ditributed around you have backups incase something happens to wherever youre keeping your money,50.00,3,2026-02-05 16:22:05.390525+00
1234cacb-bcb2-44c2-be52-cbaf8b355857,pre,Q5_Open_Diagnose,"You were asked: How much should Lyle have set aside for emergency savings? The options were A) $200 or so, B) One month's rent, C) Three or more months of expenses. You answered [student's answer] with high confidence. In 1-2 sentences, explain your reasoning for that answer.",Borrowing & Credit,Emergency Fund,diagnose,one months rent would allow him a place to live for a month in the event of an emergency which he would be in a home at least ,50.00,2,2026-02-05 16:19:51.874579+00
1234cacb-bcb2-44c2-be52-cbaf8b355857,pre,Q6_Open_Diagnose,"You were asked: A successful effort to lower inflation would likely be accompanied by which of the following? Options were A) A decrease in the general level of prices, B) A slower increase in prices, C) An increase in employment. You answered [student's answer] with high confidence. In 1-2 sentences, explain your reasoning for that answer.",Borrowing & Credit,Inflation (Lowering),diagnose,decrease in the general level of prices lowers inflation it made the most logical sense to me,50.00,2,2026-02-05 16:21:07.009921+00
1270f08f-9bf5-4f24-a9c7-28f43a62615f,pre,Q6_Open_Diagnose,"You were asked: A successful effort to lower inflation would likely be accompanied by which of the following? Options were A) A decrease in the general level of prices, B) A slower increase in prices, C) An increase in employment. You answered [student's answer] with high confidence. In 1-2 sentences, explain your reasoning for that answer.",Borrowing & Credit,Inflation (Lowering),diagnose,A decrease in the general level of prices because inflation causes prices to increase.,50.00,2,2026-02-09 00:30:04.204291+00
139b1fb2-046b-40ab-9180-907447fed82b,pre,Q11_Open_Confirm,"You were asked whether buying a single company's stock is safer than a stock mutual fund. You answered ""False,"" which is correct. In 1-2 sentences, explain why a mutual fund is generally safer than a single stock.",Risk Management,Diversification (Stock vs Fund),confirm,"I don’t know what a mutual fund is but I know that you shouldn’t buy just one single stock, you should diversify your portfolio.",50.00,3,2026-02-09 05:34:24.740244+00
139b1fb2-046b-40ab-9180-907447fed82b,pre,Q6_Open_Diagnose,"You were asked: A successful effort to lower inflation would likely be accompanied by which of the following? Options were A) A decrease in the general level of prices, B) A slower increase in prices, C) An increase in employment. You answered [student's answer] with high confidence. In 1-2 sentences, explain your reasoning for that answer.",Borrowing & Credit,Inflation (Lowering),diagnose,"I said A because inflation means higher prices, so in order to combat that, prices need to decrease.",50.00,2,2026-02-09 05:32:58.699521+00
139b1fb2-046b-40ab-9180-907447fed82b,pre,Q8_Open_Diagnose,"You were asked: What can Jayden likely negotiate with an auto loan lender? Options were A) Interest rate only, B) Down payment only, C) Both, D) Neither. You answered [student's answer] with high confidence. In 1-2 sentences, explain your reasoning for that answer.",Borrowing & Credit,Auto Loans,diagnose,I answered A because interest rates can be negotiated.,50.00,3,2026-02-09 05:32:09.149929+00
144d223e-97f0-4abe-9b89-40d399ed079b,pre,Q31_Open_Diagnose,"You were asked: What does the stock market do? Options were A) Results in gains for investors, B) Guarantees investors a profit, C) Brings buyers and sellers together. You answered [student's answer] with high confidence. In 1-2 sentences, explain your reasoning for that answer.",Investment & Risk,Stock Market Function,diagnose,"Bring buyers and sellers together since that is what pushes a stock price, demand, and the overall performance of the company. ",50.00,3,2026-02-06 01:23:58.775981+00
144d223e-97f0-4abe-9b89-40d399ed079b,pre,Q6_Open_Diagnose,"You were asked: A successful effort to lower inflation would likely be accompanied by which of the following? Options were A) A decrease in the general level of prices, B) A slower increase in prices, C) An increase in employment. You answered [student's answer] with high confidence. In 1-2 sentences, explain your reasoning for that answer.",Borrowing & Credit,Inflation (Lowering),diagnose,Lowering prices is combating inflation while also increasing employment means that inflation could go down because of it. ,50.00,3,2026-02-06 01:23:26.677023+00
144d223e-97f0-4abe-9b89-40d399ed079b,pre,Q7_Open_Diagnose,"You were asked: Which group would have the greatest problem during periods of high inflation? Options were A) Young working couples, B) Older working couples saving for retirement, C) Retirees on a fixed income. You answered [student's answer] with high confidence. In 1-2 sentences, explain your reasoning for that answer.",Borrowing & Credit,Inflation (Fixed Income),diagnose,"Since income is fixed, inflation would be more aggressive in regards to their income that does not change to reflect inflation. ",50.00,3,2026-02-06 01:23:16.060117+00
14dcb347-57fb-46ee-af11-b91db50cd07a,pre,Q10_Open_Diagnose,"You were asked: Which statement about credit reports is FALSE? Options were A) Employers use them to screen applicants, B) They include a credit worthiness assessment, C) They are provided by a single source. You answered [student's answer] with high confidence, indicating you thought that statement was false. In 1-2 sentences, explain your reasoning.",Borrowing & Credit,Credit Reports,diagnose,Single sources dont determine your credit report. ,50.00,2,2026-02-02 21:39:52.347403+00
14dcb347-57fb-46ee-af11-b91db50cd07a,pre,Q37_Open_Diagnose,"You were asked: Which insurance protects you if you cause an accident that injures someone? Options were A) Health insurance, B) Homeowner's insurance, C) Auto liability coverage. You answered [student's answer] with high confidence. In 1-2 sentences, explain your reasoning for that answer.",Investment & Risk,Insurance Types,diagnose,Health insurance covers any unexpected injuries in accidents.,50.00,3,2026-02-02 21:40:19.070496+00
14dcb347-57fb-46ee-af11-b91db50cd07a,pre,Q5_Open_Diagnose,"You were asked: How much should Lyle have set aside for emergency savings? The options were A) $200 or so, B) One month's rent, C) Three or more months of expenses. You answered [student's answer] with high confidence. In 1-2 sentences, explain your reasoning for that answer.",Borrowing & Credit,Emergency Fund,diagnose,I chose option B because i think thats a good amount to save in case of an emergency. Its a considerable amount.,50.00,3,2026-02-02 21:38:40.023493+00
15a9224e-f4cd-4605-9e1e-98a8a874aac5,pre,Q10_Open_Diagnose,"You were asked: Which statement about credit reports is FALSE? Options were A) Employers use them to screen applicants, B) They include a credit worthiness assessment, C) They are provided by a single source. You answered [student's answer] with high confidence, indicating you thought that statement was false. In 1-2 sentences, explain your reasoning.",Borrowing & Credit,Credit Reports,diagnose,credit reports do not have to be given by a single source. ,50.00,3,2026-02-09 05:00:53.158393+00
15a9224e-f4cd-4605-9e1e-98a8a874aac5,pre,Q13_Open_Diagnose,"You were asked: What does a home insurance deductible represent? Options were A) Amount you pay before insurance covers damages, B) Monthly premium for coverage, C) Maximum amount insurance will pay. You answered [student's answer] with high confidence. In 1-2 sentences, explain your reasoning for that answer.",Risk Management,Insurance Deductible,diagnose,insurance deductible is the amoount you pay out if pocket ,50.00,3,2026-02-09 05:02:29.842134+00
15a9224e-f4cd-4605-9e1e-98a8a874aac5,pre,Q5_Open_Diagnose,"You were asked: How much should Lyle have set aside for emergency savings? The options were A) $200 or so, B) One month's rent, C) Three or more months of expenses. You answered [student's answer] with high confidence. In 1-2 sentences, explain your reasoning for that answer.",Borrowing & Credit,Emergency Fund,diagnose,set aside three months of expenses in order to have a three month grace period to get yourself out of the emergency.,50.00,1,2026-02-09 04:56:10.336446+00
166077c3-9918-410a-99f9-b44840f3a6ad,pre,Q33_Open_Confirm,"You were asked: If 1,000 people each buy a lottery ticket with a 1% chance of winning, how many winners would you expect? You answered ""10,"" which is correct. In 1-2 sentences, explain how you calculated this.",Investment & Risk,Probability (% to Count),confirm,"I choose 10 because you would have to calculate what the odds are for 1,000 people going and winning.",50.00,2,2026-02-04 04:35:02.899757+00
166077c3-9918-410a-99f9-b44840f3a6ad,pre,Q6_Open_Diagnose,"You were asked: A successful effort to lower inflation would likely be accompanied by which of the following? Options were A) A decrease in the general level of prices, B) A slower increase in prices, C) An increase in employment. You answered [student's answer] with high confidence. In 1-2 sentences, explain your reasoning for that answer.",Borrowing & Credit,Inflation (Lowering),diagnose,"I believe that it is to increase employment because inflation and unemployment go hand in hand, so with increasing employment the inflation rate should be able to go down.",50.00,2,2026-02-04 04:35:02.899757+00
166077c3-9918-410a-99f9-b44840f3a6ad,pre,Q8_Open_Diagnose,"You were asked: What can Jayden likely negotiate with an auto loan lender? Options were A) Interest rate only, B) Down payment only, C) Both, D) Neither. You answered [student's answer] with high confidence. In 1-2 sentences, explain your reasoning for that answer.",Borrowing & Credit,Auto Loans,diagnose,I believe it is just the down payment because you are able to negotiate your down payments to be either lower or higher with what your other monthly payments would be. Interest rates on the other hand are pretty much fixed.,50.00,3,2026-02-04 04:35:02.899757+00
166bd2c9-605d-4a5e-aedb-0ef24c9a63fe,pre,Q12_Open_Diagnose,"You were asked: What is the primary function of health insurance? Options were A) Protect against large unexpected bills, B) Cover routine health care, C) Pay for elective procedures. You answered [student's answer] with high confidence. In 1-2 sentences, explain your reasoning for that answer.",Risk Management,Health Insurance Purpose,diagnose,I B chose this because my mom is a teacher and she covers a lot of our necessary health care check ups through her health insurance.,50.00,3,2026-02-02 19:06:10.98305+00
166bd2c9-605d-4a5e-aedb-0ef24c9a63fe,pre,Q2_Open_Confirm,"You were asked whether a 15-year mortgage has higher monthly payments but lower total interest than a 30-year mortgage. You answered ""True,"" which is correct. In 1-2 sentences, explain why total interest is lower on the shorter mortgage.",Borrowing & Credit,Borrowing/Mortgages,confirm,"Total interest is lower because the monthly payments are higher, with less time to pay it.",50.00,3,2026-02-02 19:08:06.41717+00
166bd2c9-605d-4a5e-aedb-0ef24c9a63fe,pre,Q37_Open_Diagnose,"You were asked: Which insurance protects you if you cause an accident that injures someone? Options were A) Health insurance, B) Homeowner's insurance, C) Auto liability coverage. You answered [student's answer] with high confidence. In 1-2 sentences, explain your reasoning for that answer.",Investment & Risk,Insurance Types,diagnose,I chose this because the liability will be covered.,50.00,3,2026-02-02 19:07:21.322521+00
16942379-3536-43fa-bd1a-1b29009ad310,pre,Q32_Open_Diagnose,"You were asked: Over a long time period (10-20 years), which asset normally gives the highest return? Options were A) Savings accounts, B) Bonds, C) Stocks. You answered [student's answer] with high confidence. In 1-2 sentences, explain your reasoning for that answer.",Investment & Risk,Long-Term Asset Returns,diagnose,I think bonds would give the highest return with lower risk because it’s guaranteed money after the 10 years. stocks have a higher risk but can make you more money but are not guaranteed to get you that high return.,50.00,3,2026-02-09 20:25:12.840854+00
17469998-1f18-407c-be82-4c360f630b06,pre,Q12_Open_Diagnose,"You were asked: What is the primary function of health insurance? Options were A) Protect against large unexpected bills, B) Cover routine health care, C) Pay for elective procedures. You answered [student's answer] with high confidence. In 1-2 sentences, explain your reasoning for that answer.",Risk Management,Health Insurance Purpose,diagnose,Routine health care is more often used for most people than the other options. The other two options are correct but not always necessary for everyone.,50.00,2,2026-02-08 17:56:46.330484+00
187ac183-aef8-4ae9-8dfc-970bdd928b1c,pre,Q6_Open_Diagnose,"You were asked: A successful effort to lower inflation would likely be accompanied by which of the following? Options were A) A decrease in the general level of prices, B) A slower increase in prices, C) An increase in employment. You answered [student's answer] with high confidence. In 1-2 sentences, explain your reasoning for that answer.",Borrowing & Credit,Inflation (Lowering),diagnose,I answered A because a decrease in inflation would mean that the prices would go back down. Neither of the other answers made as much sense with the context of the question.,50.00,3,2026-02-02 20:33:32.35271+00
1a3d0a9c-882d-4c71-ac85-37c01f57a1b3,pre,Q2_Open_Diagnose,"You were asked: A 15-year mortgage typically requires higher monthly payments than a 30-year mortgage, but the total interest paid over the life of the loan will be less. True or false? You answered ""False"" with high confidence. In 1-2 sentences, explain your reasoning for that answer.",Borrowing & Credit,Borrowing/Mortgages,diagnose,Even though it is more money it is a shorter period loan.,50.00,3,2026-02-09 02:50:58.341585+00
1a3d0a9c-882d-4c71-ac85-37c01f57a1b3,pre,Q36_Open_Diagnose,"You were asked: Is it less likely you'll lose all your money if you save it in more than one place? You answered ""False"" with high confidence. In 1-2 sentences, explain your reasoning for that answer.",Investment & Risk,Diversification Principle,diagnose,I read the question incorrectly because I think the more diversified your accounts and assets are the less risk you take on and the more likely your investments are to benefit you.,50.00,3,2026-02-09 02:52:13.209421+00
1a3d0a9c-882d-4c71-ac85-37c01f57a1b3,pre,Q7_Open_Diagnose,"You were asked: Which group would have the greatest problem during periods of high inflation? Options were A) Young working couples, B) Older working couples saving for retirement, C) Retirees on a fixed income. You answered [student's answer] with high confidence. In 1-2 sentences, explain your reasoning for that answer.",Borrowing & Credit,Inflation (Fixed Income),diagnose,Because they likely still have dependents they are financially responsible for on top of having not fixed income yet.,50.00,3,2026-02-09 02:51:39.110722+00
1b084e1f-902e-4422-92f8-2aa25ab9506b,pre,Q1_Open_Confirm,"You were asked: If you put $100 in a savings account at 2% annual interest, how much would you have after 5 years? You answered ""More than $102,"" which is correct. In 1-2 sentences, explain why the amount is more than $102.",Borrowing & Credit,Compound Interest,confirm,one hundreds times 0.02= 2 dollars so 2 times 5 is 10 so the total would be 110,50.00,3,2026-02-08 00:54:47.601506+00
1b084e1f-902e-4422-92f8-2aa25ab9506b,pre,Q36_Open_Diagnose,"You were asked: Is it less likely you'll lose all your money if you save it in more than one place? You answered ""False"" with high confidence. In 1-2 sentences, explain your reasoning for that answer.",Investment & Risk,Diversification Principle,diagnose,when you spread your money around you have higher chances to make money at one spot then the other,50.00,3,2026-02-08 00:54:25.226561+00
1b084e1f-902e-4422-92f8-2aa25ab9506b,pre,Q3_Open_Diagnose,"You were asked: High inflation means that the cost of living is increasing rapidly. True or false? You answered ""False"" with high confidence. In 1-2 sentences, explain your reasoning for that answer.",Borrowing & Credit,Inflation,diagnose,"high inflation means everything gets more expensive. So food prices goes up, housing market goes up. etc",50.00,3,2026-02-08 00:53:58.72765+00
1b7a866e-4643-434d-b276-266466966497,pre,Q39_Open_Diagnose,"You were asked: Are stocks generally riskier than bonds? You answered ""False"" with high confidence. In 1-2 sentences, explain your reasoning for that answer.",Investment & Risk,Stocks vs Bonds Risk,diagnose,missclicked I dont know ,50.00,3,2026-02-06 19:08:55.30386+00
1b7a866e-4643-434d-b276-266466966497,pre,Q5_Open_Diagnose,"You were asked: How much should Lyle have set aside for emergency savings? The options were A) $200 or so, B) One month's rent, C) Three or more months of expenses. You answered [student's answer] with high confidence. In 1-2 sentences, explain your reasoning for that answer.",Borrowing & Credit,Emergency Fund,diagnose,Since its hard to save that much. However its more relistic to save the amount I selected.,50.00,2,2026-02-06 19:07:39.997949+00
1b7a866e-4643-434d-b276-266466966497,pre,Q8_Open_Diagnose,"You were asked: What can Jayden likely negotiate with an auto loan lender? Options were A) Interest rate only, B) Down payment only, C) Both, D) Neither. You answered [student's answer] with high confidence. In 1-2 sentences, explain your reasoning for that answer.",Borrowing & Credit,Auto Loans,diagnose,Down payment is up to you the intrest rate is just what you qualitfy for.,50.00,2,2026-02-06 19:08:18.157689+00
1c2be51a-9c16-4b85-9835-2faebe5ab9d5,pre,Q7_Open_Diagnose,"You were asked: Which group would have the greatest problem during periods of high inflation? Options were A) Young working couples, B) Older working couples saving for retirement, C) Retirees on a fixed income. You answered [student's answer] with high confidence. In 1-2 sentences, explain your reasoning for that answer.",Borrowing & Credit,Inflation (Fixed Income),diagnose,"I choose option B because older couples tend to be paid less and they have to manage to pay for everyday necessities and a retirement account. With the little money they already make, it would be harder for them to manage those two priorities.",50.00,3,2026-02-04 15:28:12.769072+00
1c2be51a-9c16-4b85-9835-2faebe5ab9d5,pre,Q8_Open_Diagnose,"You were asked: What can Jayden likely negotiate with an auto loan lender? Options were A) Interest rate only, B) Down payment only, C) Both, D) Neither. You answered [student's answer] with high confidence. In 1-2 sentences, explain your reasoning for that answer.",Borrowing & Credit,Auto Loans,diagnose,"I chose down payment because you can, most of the time, choose how much to give down which takes away from you prinicipal amount due. Interest rates are permanent based on the lender, that is usually noon negotiable and it's your choice to accept it or not. Interest rates are based on credit score and how trust worthy you are. ",50.00,3,2026-02-04 15:29:39.857302+00
1caec4b2-5c56-43e9-a785-142497351e29,pre,Q11_Open_Confirm,"You were asked whether buying a single company's stock is safer than a stock mutual fund. You answered ""False,"" which is correct. In 1-2 sentences, explain why a mutual fund is generally safer than a single stock.",Risk Management,Diversification (Stock vs Fund),confirm,"Not sure what a mutual fund is, but using context clues, I believe spreading investments can lower the risk of losing it all. Almost like not putting all your eggs in one basket.",50.00,1,2026-02-02 18:40:11.010828+00
1caec4b2-5c56-43e9-a785-142497351e29,pre,Q14_Open_Confirm,"You were asked what happens to risk when an investor spreads money among different assets. You answered ""decreases,"" which is correct. In 1-2 sentences, explain why spreading investments reduces risk.",Risk Management,Diversification Principle,confirm,"The more outlets you have for making/maintaing money, result in a higher probability of seeing the money grow. Same idea as not putting all your eggs in one basket.",50.00,1,2026-02-02 18:41:42.295824+00
1caec4b2-5c56-43e9-a785-142497351e29,pre,Q8_Open_Confirm,"You were asked what Jayden can negotiate when getting an auto loan. You answered ""both interest rate and down payment,"" which is correct. In 1-2 sentences, explain why it's possible to negotiate these terms.",Borrowing & Credit,Auto Loans,confirm,I guessed and that seemed like the strongest answer because it's best not to accept the first offer. Negotiating a larger down payment results in less intrest. ,50.00,1,2026-02-02 18:36:03.04222+00
1cce21ac-30f9-4e36-bc74-0dca6e90e2e7,pre,Q31_Open_Diagnose,"You were asked: What does the stock market do? Options were A) Results in gains for investors, B) Guarantees investors a profit, C) Brings buyers and sellers together. You answered [student's answer] with high confidence. In 1-2 sentences, explain your reasoning for that answer.",Investment & Risk,Stock Market Function,diagnose,Brings buyers and sellers together because the stock market provide places for investors. They can buy and sell shared of companies.,50.00,2,2026-02-09 05:58:24.947193+00
1cce21ac-30f9-4e36-bc74-0dca6e90e2e7,pre,Q34_Open_Diagnose,"You were asked: When an investor spreads money among different assets, does risk increase, decrease, or stay the same? You answered [student's answer] with high confidence. In 1-2 sentences, explain your reasoning for that answer.",Investment & Risk,Diversification Effect,diagnose,"risk decreases because the money spreads across assets, It reduces risk because an investment can be an offset. ",50.00,2,2026-02-09 05:59:27.25571+00
1cce21ac-30f9-4e36-bc74-0dca6e90e2e7,pre,Q37_Open_Diagnose,"You were asked: Which insurance protects you if you cause an accident that injures someone? Options were A) Health insurance, B) Homeowner's insurance, C) Auto liability coverage. You answered [student's answer] with high confidence. In 1-2 sentences, explain your reasoning for that answer.",Investment & Risk,Insurance Types,diagnose,Auto Liability because it pays for damages and any possible injuries that could happen. Like health insurance it covers things in relation to property not driven property.,50.00,2,2026-02-09 05:56:54.41838+00
1e63cb4a-aeb8-45e1-9f68-9c9734458b11,pre,Q13_Open_Confirm,"You were asked what a home insurance deductible represents. You answered ""the amount you pay before insurance covers damages,"" which is correct. In 1-2 sentences, explain how a deductible works when you file a claim.",Risk Management,Insurance Deductible,confirm,I am not sure,50.00,1,2026-02-03 21:52:59.681234+00
1e63cb4a-aeb8-45e1-9f68-9c9734458b11,pre,Q29_Open_Confirm,"You were asked what happens to bond prices when interest rates rise. You answered ""they fall,"" which is correct. In 1-2 sentences, explain why bond prices fall when interest rates rise.",Investment & Risk,Interest Rates & Bonds,confirm,I am not sure,50.00,1,2026-02-03 21:52:59.681234+00
1e63cb4a-aeb8-45e1-9f68-9c9734458b11,pre,Q37_Open_Confirm,"You were asked which insurance protects you if you cause an accident that injures someone. You answered ""auto insurance liability coverage,"" which is correct. In 1-2 sentences, explain what liability coverage does.",Investment & Risk,Insurance Types,confirm,I am not sure,50.00,1,2026-02-03 21:52:59.681234+00
1eb734f2-037a-4f90-a5b5-49088fe142bc,pre,Q10_Open_Confirm,"You were asked which statement about credit reports is FALSE. You correctly identified that ""your credit report is provided by a single source"" is false. In 1-2 sentences, explain why this statement is false.",Borrowing & Credit,Credit Reports,confirm,You have credit from several sources,50.00,2,2026-02-08 06:23:53.783407+00
1eb734f2-037a-4f90-a5b5-49088fe142bc,pre,Q37_Open_Confirm,"You were asked which insurance protects you if you cause an accident that injures someone. You answered ""auto insurance liability coverage,"" which is correct. In 1-2 sentences, explain what liability coverage does.",Investment & Risk,Insurance Types,confirm,It covers accidents that you are liable for,50.00,3,2026-02-08 06:25:00.75961+00
1eb734f2-037a-4f90-a5b5-49088fe142bc,pre,Q40_Open_Confirm,"You were asked about a key factor in the 2007-2008 financial crisis. You answered ""widespread failure to properly assess and manage financial risk,"" which is correct. In 1-2 sentences, explain how poor risk management contributed to the crisis.",Investment & Risk,2008 Financial Crisis,confirm,"If many people take big risks without thinking of the consequences, it's likely that many people will suffer big consequences",50.00,2,2026-02-08 06:25:37.452187+00
1f9c510c-f913-45ef-b6a2-69962ea99a08,pre,Q36_Open_Diagnose,"You were asked: Is it less likely you'll lose all your money if you save it in more than one place? You answered ""False"" with high confidence. In 1-2 sentences, explain your reasoning for that answer.",Investment & Risk,Diversification Principle,diagnose,The more diverse a portfolio is the less risk the investor is facing.,50.00,3,2026-02-08 04:27:34.030781+00
1f9c510c-f913-45ef-b6a2-69962ea99a08,pre,Q6_Open_Diagnose,"You were asked: A successful effort to lower inflation would likely be accompanied by which of the following? Options were A) A decrease in the general level of prices, B) A slower increase in prices, C) An increase in employment. You answered [student's answer] with high confidence. In 1-2 sentences, explain your reasoning for that answer.",Borrowing & Credit,Inflation (Lowering),diagnose,I do t know ,50.00,3,2026-02-08 04:27:18.146371+00
1f9c510c-f913-45ef-b6a2-69962ea99a08,pre,Q7_Open_Diagnose,"You were asked: Which group would have the greatest problem during periods of high inflation? Options were A) Young working couples, B) Older working couples saving for retirement, C) Retirees on a fixed income. You answered [student's answer] with high confidence. In 1-2 sentences, explain your reasoning for that answer.",Borrowing & Credit,Inflation (Fixed Income),diagnose,I said the retirees because the added cost due to inflation would have a greater effect on the old people because the Donny increase their income.  ,50.00,3,2026-02-08 04:25:28.511081+00
1fce6aa0-c757-48b9-85de-d1a07d7a179b,pre,Q37_Open_Diagnose,"You were asked: Which insurance protects you if you cause an accident that injures someone? Options were A) Health insurance, B) Homeowner's insurance, C) Auto liability coverage. You answered [student's answer] with high confidence. In 1-2 sentences, explain your reasoning for that answer.",Investment & Risk,Insurance Types,diagnose,I don't know because you're not telling me what type of accident so I went with liability coverage.,50.00,3,2026-02-09 03:23:30.972883+00
1fce6aa0-c757-48b9-85de-d1a07d7a179b,pre,Q6_Open_Diagnose,"You were asked: A successful effort to lower inflation would likely be accompanied by which of the following? Options were A) A decrease in the general level of prices, B) A slower increase in prices, C) An increase in employment. You answered [student's answer] with high confidence. In 1-2 sentences, explain your reasoning for that answer.",Borrowing & Credit,Inflation (Lowering),diagnose,Switched my mind to A because lower inflation means lower prices.,50.00,3,2026-02-09 03:23:06.965649+00
1fce6aa0-c757-48b9-85de-d1a07d7a179b,pre,Q7_Open_Diagnose,"You were asked: Which group would have the greatest problem during periods of high inflation? Options were A) Young working couples, B) Older working couples saving for retirement, C) Retirees on a fixed income. You answered [student's answer] with high confidence. In 1-2 sentences, explain your reasoning for that answer.",Borrowing & Credit,Inflation (Fixed Income),diagnose,"I answered young working couples, because they are working to build a home and sustain a home. Comes with a lot of new expenses. ",50.00,2,2026-02-09 03:22:20.84727+00
20eeca1a-5e92-4ef7-b2e6-c1cda6210a46,pre,Q12_Open_Diagnose,"You were asked: What is the primary function of health insurance? Options were A) Protect against large unexpected bills, B) Cover routine health care, C) Pay for elective procedures. You answered [student's answer] with high confidence. In 1-2 sentences, explain your reasoning for that answer.",Risk Management,Health Insurance Purpose,diagnose,"I said B because that is the main reason people use health insurance for. Yes, option A is a benefit to having health insurance but, it rarely happens and everyone who has health insurance goes to the doctor or dentist at least once a year making option B the primary reason for health insurance. ",50.00,3,2026-02-10 00:07:26.640172+00
20eeca1a-5e92-4ef7-b2e6-c1cda6210a46,pre,Q7_Open_Diagnose,"You were asked: Which group would have the greatest problem during periods of high inflation? Options were A) Young working couples, B) Older working couples saving for retirement, C) Retirees on a fixed income. You answered [student's answer] with high confidence. In 1-2 sentences, explain your reasoning for that answer.",Borrowing & Credit,Inflation (Fixed Income),diagnose,"I answered B because the old couple plans on saving money, while the young couple does not. The young couple has the means to spend more, while the older couple will have to choose if they can spend more and save less. ",50.00,2,2026-02-10 00:03:39.936083+00
20eeca1a-5e92-4ef7-b2e6-c1cda6210a46,pre,Q8_Open_Diagnose,"You were asked: What can Jayden likely negotiate with an auto loan lender? Options were A) Interest rate only, B) Down payment only, C) Both, D) Neither. You answered [student's answer] with high confidence. In 1-2 sentences, explain your reasoning for that answer.",Borrowing & Credit,Auto Loans,diagnose,"I chose A because the required down payment is a minimum amount you must pay but you can always put down more, never less, so you cannot negotiate that. However, you can try to negotiate the interest rate if you are going to loan from the auto loan lender. ",50.00,2,2026-02-10 00:05:36.003333+00
219ae9c0-70dd-4848-aa73-47902ba81e90,pre,Q2_Open_Confirm,"You were asked whether a 15-year mortgage has higher monthly payments but lower total interest than a 30-year mortgage. You answered ""True,"" which is correct. In 1-2 sentences, explain why total interest is lower on the shorter mortgage.",Borrowing & Credit,Borrowing/Mortgages,confirm,A 15 year old mortage has higher montly payments but shorter months to pay back. Which means it's paid off faster and it has less interest compared to a 30 year mortgage. ,50.00,3,2026-02-07 22:11:24.55619+00
219ae9c0-70dd-4848-aa73-47902ba81e90,pre,Q37_Open_Diagnose,"You were asked: Which insurance protects you if you cause an accident that injures someone? Options were A) Health insurance, B) Homeowner's insurance, C) Auto liability coverage. You answered [student's answer] with high confidence. In 1-2 sentences, explain your reasoning for that answer.",Investment & Risk,Insurance Types,diagnose,"I have come to realize that Auto liability is in charge of covering any injuries or damage that have been caused to the victim. If you get into a car crash, your insurance should cover the damages from their car and their human body!",50.00,3,2026-02-07 22:09:01.854165+00
219ae9c0-70dd-4848-aa73-47902ba81e90,pre,Q7_Open_Diagnose,"You were asked: Which group would have the greatest problem during periods of high inflation? Options were A) Young working couples, B) Older working couples saving for retirement, C) Retirees on a fixed income. You answered [student's answer] with high confidence. In 1-2 sentences, explain your reasoning for that answer.",Borrowing & Credit,Inflation (Fixed Income),diagnose,"Although, young working couples do not have children and are able to purchase more wants for themselves, they get more money taken off of their paychecks due to the \""no kids\"" nor \""Not married/single\"". The government takes a certain percentage of their paycheck in order to continue with a strong economy. ",50.00,2,2026-02-07 22:04:51.706881+00
21a03988-d4dc-4ef2-b429-5e19cdfd66a5,pre,Q12_Open_Diagnose,"You were asked: What is the primary function of health insurance? Options were A) Protect against large unexpected bills, B) Cover routine health care, C) Pay for elective procedures. You answered [student's answer] with high confidence. In 1-2 sentences, explain your reasoning for that answer.",Risk Management,Health Insurance Purpose,diagnose,"Answered B because most insurances don't conver expensive surgeries, they cover more towards checkups.",50.00,2,2026-02-06 17:27:46.845465+00
21a03988-d4dc-4ef2-b429-5e19cdfd66a5,pre,Q2_Open_Confirm,"You were asked whether a 15-year mortgage has higher monthly payments but lower total interest than a 30-year mortgage. You answered ""True,"" which is correct. In 1-2 sentences, explain why total interest is lower on the shorter mortgage.",Borrowing & Credit,Borrowing/Mortgages,confirm,"Because you are paying the debt in shorter periods of time meaning because of that, the interests won't be as high.",50.00,3,2026-02-06 17:28:15.206488+00
21a03988-d4dc-4ef2-b429-5e19cdfd66a5,pre,Q7_Open_Diagnose,"You were asked: Which group would have the greatest problem during periods of high inflation? Options were A) Young working couples, B) Older working couples saving for retirement, C) Retirees on a fixed income. You answered [student's answer] with high confidence. In 1-2 sentences, explain your reasoning for that answer.",Borrowing & Credit,Inflation (Fixed Income),diagnose,"Answered B because those are the ones that are working, having a stable job with decent paychecks, and those will be afected towards saving for retirement, due to interest rates and the effects of inflation",50.00,3,2026-02-06 17:25:27.112245+00
22fd806b-0688-476f-8335-aad031d8dbe4,pre,Q10_Open_Diagnose,"You were asked: Which statement about credit reports is FALSE? Options were A) Employers use them to screen applicants, B) They include a credit worthiness assessment, C) They are provided by a single source. You answered [student's answer] with high confidence, indicating you thought that statement was false. In 1-2 sentences, explain your reasoning.",Borrowing & Credit,Credit Reports,diagnose,"I said a because employers at a job have nothing to do with credit because they are the ones paying you, not offering you a loan or a lease or anything to do with your credit, I would assume. My next option would be C because i'm pretty sure there are three companies that can credit check you, something like Experian and other credit companies, is what I get from memory without cheating on this.",50.00,3,2026-02-06 23:10:30.520748+00
22fd806b-0688-476f-8335-aad031d8dbe4,pre,Q35_Open_Diagnose,"You were asked: If someone offers you the chance to make a lot of money, is there also likely a chance you could lose a lot? You answered ""False"" with high confidence. In 1-2 sentences, explain your reasoning for that answer.",Investment & Risk,Risk-Return Relationship,diagnose,"If someone offers the chance to make money there is a chance you don't get the money promised, but unless you put money down somewhere or investing, if you just show up to a chanced high paying job... you wouldn't lose any money because you didn't give any money... know what I mean??",50.00,3,2026-02-06 23:15:14.688195+00
22fd806b-0688-476f-8335-aad031d8dbe4,pre,Q6_Open_Diagnose,"You were asked: A successful effort to lower inflation would likely be accompanied by which of the following? Options were A) A decrease in the general level of prices, B) A slower increase in prices, C) An increase in employment. You answered [student's answer] with high confidence. In 1-2 sentences, explain your reasoning for that answer.",Borrowing & Credit,Inflation (Lowering),diagnose,"Well obviously if you lower inflation (which is the increase of general prices) there would be a decrease in  the general level of prices.... There could later be a slower increase in prices but that doesn't go hand in hand with lowering inflation, as well as if prices drop there wouldn't be a caused increase employment because it is easier to survive.",50.00,3,2026-02-06 23:13:52.026989+00
231c67b5-1b29-405b-960a-61742f418e6b,pre,Q38_Open_Diagnose,"You were asked: Which investment best protects purchasing power during sudden high inflation? Options were A) 10-year fixed bond, B) Bank CD, C) 25-year fixed mortgage (debt), D) House with fixed mortgage. You answered [student's answer] with high confidence. In 1-2 sentences, explain your reasoning for that answer.",Investment & Risk,Inflation Protection,diagnose,I do not know,50.00,1,2026-02-08 01:10:28.168213+00
231c67b5-1b29-405b-960a-61742f418e6b,pre,Q6_Open_Diagnose,"You were asked: A successful effort to lower inflation would likely be accompanied by which of the following? Options were A) A decrease in the general level of prices, B) A slower increase in prices, C) An increase in employment. You answered [student's answer] with high confidence. In 1-2 sentences, explain your reasoning for that answer.",Borrowing & Credit,Inflation (Lowering),diagnose,I picked A because when inflation lowers so do prices.,50.00,2,2026-02-08 01:09:15.123075+00
231c67b5-1b29-405b-960a-61742f418e6b,pre,Q8_Open_Diagnose,"You were asked: What can Jayden likely negotiate with an auto loan lender? Options were A) Interest rate only, B) Down payment only, C) Both, D) Neither. You answered [student's answer] with high confidence. In 1-2 sentences, explain your reasoning for that answer.",Borrowing & Credit,Auto Loans,diagnose,I picked B because I think that you can't negotiate interest rates but you can negotiate how much your down payment is.,50.00,2,2026-02-08 01:08:06.854143+00
236d81c6-1c4c-4629-b733-531b69227228,pre,Q10_Open_Confirm,"You were asked which statement about credit reports is FALSE. You correctly identified that ""your credit report is provided by a single source"" is false. In 1-2 sentences, explain why this statement is false.",Borrowing & Credit,Credit Reports,confirm,I would assume for a report that there would be more information given than a single source. This would also account for a numerous amount of different data that one source wouldn't be able to properly indicate unless multiple sources were able to provide.,50.00,2,2026-02-09 04:48:03.930569+00
236d81c6-1c4c-4629-b733-531b69227228,pre,Q29_Open_Diagnose,"You were asked: If interest rates rise, what typically happens to bond prices? Options were A) They rise, B) They fall, C) They stay the same, D) No relationship. You answered [student's answer] with high confidence. In 1-2 sentences, explain your reasoning for that answer.",Investment & Risk,Interest Rates & Bonds,diagnose,"The question doesn't include my answer, but I'd like to assume I answered \""no relationship\"" because I did not know the exact answer (or whether it was right). If I had to guess, I would assume that bonds would fall if interest rates rise? Only because as the interest rates rise, older bonds would not have this new interest rate and will slowly be flushed out as the new higher interest bonds will overtake in which more people would not buy.",50.00,2,2026-02-09 04:38:52.083072+00
23bcea84-3521-4d95-88b9-770196233998,pre,Q29_Open_Diagnose,"You were asked: If interest rates rise, what typically happens to bond prices? Options were A) They rise, B) They fall, C) They stay the same, D) No relationship. You answered [student's answer] with high confidence. In 1-2 sentences, explain your reasoning for that answer.",Investment & Risk,Interest Rates & Bonds,diagnose,I actually do not known in this situation. I do not know the definition of a bond. ,50.00,1,2026-02-05 21:01:39.896365+00
23bcea84-3521-4d95-88b9-770196233998,pre,Q35_Open_Diagnose,"You were asked: If someone offers you the chance to make a lot of money, is there also likely a chance you could lose a lot? You answered ""False"" with high confidence. In 1-2 sentences, explain your reasoning for that answer.",Investment & Risk,Risk-Return Relationship,diagnose,"If I am house and pet-sitting for a family for a long period of time, there is a good chance I will be making a lot of money, especially depending on the income of the family. In this scenario I do not think there is a likely chance I will lose a lot. ",50.00,3,2026-02-05 20:59:02.169333+00
23bcea84-3521-4d95-88b9-770196233998,pre,Q40_Open_Confirm,"You were asked about a key factor in the 2007-2008 financial crisis. You answered ""widespread failure to properly assess and manage financial risk,"" which is correct. In 1-2 sentences, explain how poor risk management contributed to the crisis.",Investment & Risk,2008 Financial Crisis,confirm,"When there is a widespread failure to properly assess and manage financial risk, and them something major happens that negatively affects many people, the consequences of their bad planning causes a bigger problem within the financial world.",50.00,1,2026-02-05 21:03:03.297099+00
23df83d9-ed62-4044-9c08-3e56e44d44f4,pre,Q10_Open_Diagnose,"You were asked: Which statement about credit reports is FALSE? Options were A) Employers use them to screen applicants, B) They include a credit worthiness assessment, C) They are provided by a single source. You answered [student's answer] with high confidence, indicating you thought that statement was false. In 1-2 sentences, explain your reasoning.",Borrowing & Credit,Credit Reports,diagnose,C it is more than one source,50.00,2,2026-02-08 06:59:17.384231+00
23df83d9-ed62-4044-9c08-3e56e44d44f4,pre,Q12_Open_Diagnose,"You were asked: What is the primary function of health insurance? Options were A) Protect against large unexpected bills, B) Cover routine health care, C) Pay for elective procedures. You answered [student's answer] with high confidence. In 1-2 sentences, explain your reasoning for that answer.",Risk Management,Health Insurance Purpose,diagnose,B for small health needs,50.00,2,2026-02-08 07:00:04.806445+00
23df83d9-ed62-4044-9c08-3e56e44d44f4,pre,Q9_Open_Diagnose,"You were asked: What is the primary advantage of making a household budget? Options were A) Ensures funds for bills and saving, B) Reduces your taxes, C) Increases investment returns. You answered [student's answer] with high confidence. In 1-2 sentences, explain your reasoning for that answer.",Borrowing & Credit,Budgeting,diagnose,A to help pay for any immediate needs,50.00,2,2026-02-08 06:59:45.333914+00
23fc8dfc-6282-457e-a7fc-e537ff340a33,pre,Q12_Open_Confirm,"You were asked about the primary function of health insurance. You answered ""protect against large unexpected medical bills,"" which is correct. In 1-2 sentences, explain why this is the main purpose of health insurance.",Risk Management,Health Insurance Purpose,confirm,don't know,50.00,1,2026-02-09 02:35:31.418776+00
2459c215-573e-49b6-84fb-ab051b1ee440,pre,Q8_Open_Diagnose,"You were asked: What can Jayden likely negotiate with an auto loan lender? Options were A) Interest rate only, B) Down payment only, C) Both, D) Neither. You answered [student's answer] with high confidence. In 1-2 sentences, explain your reasoning for that answer.",Borrowing & Credit,Auto Loans,diagnose,It should have been BOTH ,50.00,3,2026-02-04 21:27:17.076764+00
2470295b-5526-428b-8a27-6dfe545dfd41,pre,Q2_Open_Diagnose,"You were asked: A 15-year mortgage typically requires higher monthly payments than a 30-year mortgage, but the total interest paid over the life of the loan will be less. True or false? You answered ""False"" with high confidence. In 1-2 sentences, explain your reasoning for that answer.",Borrowing & Credit,Borrowing/Mortgages,diagnose,It really depends on the loan price,50.00,2,2026-02-02 20:20:54.730345+00
2470295b-5526-428b-8a27-6dfe545dfd41,pre,Q36_Open_Diagnose,"You were asked: Is it less likely you'll lose all your money if you save it in more than one place? You answered ""False"" with high confidence. In 1-2 sentences, explain your reasoning for that answer.",Investment & Risk,Diversification Principle,diagnose,Diversifying minimizes risk of investment,50.00,3,2026-02-02 20:21:14.61129+00
2470295b-5526-428b-8a27-6dfe545dfd41,pre,Q37_Open_Diagnose,"You were asked: Which insurance protects you if you cause an accident that injures someone? Options were A) Health insurance, B) Homeowner's insurance, C) Auto liability coverage. You answered [student's answer] with high confidence. In 1-2 sentences, explain your reasoning for that answer.",Investment & Risk,Insurance Types,diagnose,Health insurance helps pay for physical or mental damages to the person,50.00,3,2026-02-02 20:21:34.454455+00
249543f5-e2ae-48a0-bd9a-dfc4a22c333f,pre,Q13_Open_Confirm,"You were asked what a home insurance deductible represents. You answered ""the amount you pay before insurance covers damages,"" which is correct. In 1-2 sentences, explain how a deductible works when you file a claim.",Risk Management,Insurance Deductible,confirm,"Don't know, guessed",50.00,1,2026-02-09 05:42:47.725777+00
249543f5-e2ae-48a0-bd9a-dfc4a22c333f,pre,Q30_Open_Confirm,"You were asked whether high-return investments are likely to be high risk. You answered ""True,"" which is correct. In 1-2 sentences, explain why high returns are usually associated with high risk.",Investment & Risk,Risk-Return Tradeoff,confirm,High returns are usually associated with high risk because...,50.00,1,2026-02-09 05:43:13.732199+00
249543f5-e2ae-48a0-bd9a-dfc4a22c333f,pre,Q4_Open_Confirm,"You were asked: If you lend $25 to a friend and he gives you $25 back the next day, how much interest has he paid? You answered ""$0,"" which is correct. In 1-2 sentences, explain why the interest is $0.",Borrowing & Credit,Borrowing/Interest,confirm,"Interest would increase the amount owed, which in this case, did not happen at all.",50.00,2,2026-02-09 05:42:03.123371+00
25b43e32-3c4a-436a-947f-dc2b34989040,pre,Q40_Open_Confirm,"You were asked about a key factor in the 2007-2008 financial crisis. You answered ""widespread failure to properly assess and manage financial risk,"" which is correct. In 1-2 sentences, explain how poor risk management contributed to the crisis.",Investment & Risk,2008 Financial Crisis,confirm," If you don't correctly understand what you're purchasing & what can come of it, you won't be ready when something goes wrong & it will catch you unexpectedly. Don't buy blindly because the reward is high, also see why that reward is high & usually its becuase the risk is high as well.",50.00,2,2026-02-07 19:17:32.364031+00
25f285c0-e837-409b-b6b2-f90b5dfe8d10,pre,Q10_Open_Diagnose,"You were asked: Which statement about credit reports is FALSE? Options were A) Employers use them to screen applicants, B) They include a credit worthiness assessment, C) They are provided by a single source. You answered [student's answer] with high confidence, indicating you thought that statement was false. In 1-2 sentences, explain your reasoning.",Borrowing & Credit,Credit Reports,diagnose,"The single source is incorrect, they are provided by ,multiple sources because of different lenders and creditors. ",50.00,3,2026-02-07 18:48:00.122381+00
25f285c0-e837-409b-b6b2-f90b5dfe8d10,pre,Q29_Open_Confirm,"You were asked what happens to bond prices when interest rates rise. You answered ""they fall,"" which is correct. In 1-2 sentences, explain why bond prices fall when interest rates rise.",Investment & Risk,Interest Rates & Bonds,confirm,Because the existing bonds with lower rates became less worthy then the new bonds with higher rates because of the current market. ,50.00,3,2026-02-07 18:50:34.844748+00
25f285c0-e837-409b-b6b2-f90b5dfe8d10,pre,Q7_Open_Diagnose,"You were asked: Which group would have the greatest problem during periods of high inflation? Options were A) Young working couples, B) Older working couples saving for retirement, C) Retirees on a fixed income. You answered [student's answer] with high confidence. In 1-2 sentences, explain your reasoning for that answer.",Borrowing & Credit,Inflation (Fixed Income),diagnose,"Older couples because they are working towards retirement and actively working less, slowing down and now the prices keep rising forcing them to have to wait longer invest more and keep with the current times. ",50.00,2,2026-02-07 18:46:01.607055+00
263254e7-6fa1-42c9-91b7-f7d1870ecdc0,pre,Q13_Open_Diagnose,"You were asked: What does a home insurance deductible represent? Options were A) Amount you pay before insurance covers damages, B) Monthly premium for coverage, C) Maximum amount insurance will pay. You answered [student's answer] with high confidence. In 1-2 sentences, explain your reasoning for that answer.",Risk Management,Insurance Deductible,diagnose,I am unsure of the answer to this question,50.00,1,2026-02-07 22:39:32.30859+00
263254e7-6fa1-42c9-91b7-f7d1870ecdc0,pre,Q6_Open_Diagnose,"You were asked: A successful effort to lower inflation would likely be accompanied by which of the following? Options were A) A decrease in the general level of prices, B) A slower increase in prices, C) An increase in employment. You answered [student's answer] with high confidence. In 1-2 sentences, explain your reasoning for that answer.",Borrowing & Credit,Inflation (Lowering),diagnose,i think it is actually B as there is a target inflation of 2% per year ,50.00,2,2026-02-07 22:39:02.308031+00
26348749-e0fb-493e-977d-c4ad5a39b7c1,pre,Q31_Open_Diagnose,"You were asked: What does the stock market do? Options were A) Results in gains for investors, B) Guarantees investors a profit, C) Brings buyers and sellers together. You answered [student's answer] with high confidence. In 1-2 sentences, explain your reasoning for that answer.",Investment & Risk,Stock Market Function,diagnose,I put guarantees investors a profit because the stock market is an attempt to help you grow money,50.00,2,2026-02-09 05:12:34.110347+00
26348749-e0fb-493e-977d-c4ad5a39b7c1,pre,Q5_Open_Diagnose,"You were asked: How much should Lyle have set aside for emergency savings? The options were A) $200 or so, B) One month's rent, C) Three or more months of expenses. You answered [student's answer] with high confidence. In 1-2 sentences, explain your reasoning for that answer.",Borrowing & Credit,Emergency Fund,diagnose,I chose one month's rent because it seemed like the safest answer as having at least one month of rent will for sure be able to cover at least your living cost. ,50.00,3,2026-02-09 05:11:24.311882+00
26348749-e0fb-493e-977d-c4ad5a39b7c1,pre,Q8_Open_Diagnose,"You were asked: What can Jayden likely negotiate with an auto loan lender? Options were A) Interest rate only, B) Down payment only, C) Both, D) Neither. You answered [student's answer] with high confidence. In 1-2 sentences, explain your reasoning for that answer.",Borrowing & Credit,Auto Loans,diagnose,I put i didn't know,50.00,3,2026-02-09 05:12:23.399403+00
26820e5e-c910-4159-ab82-b6dc30c20c7a,pre,Q30_Open_Diagnose,"You were asked: An investment with a high return is likely to be high risk. True or false? You answered ""False"" with high confidence. In 1-2 sentences, explain your reasoning for that answer.",Investment & Risk,Risk-Return Tradeoff,diagnose,"I believe that even though it's common to see high returns come with high risk, this isn't always the case. There are low risk strategies that can accompany high rewards. ",50.00,3,2026-02-05 22:28:40.162552+00
26820e5e-c910-4159-ab82-b6dc30c20c7a,pre,Q6_Open_Diagnose,"You were asked: A successful effort to lower inflation would likely be accompanied by which of the following? Options were A) A decrease in the general level of prices, B) A slower increase in prices, C) An increase in employment. You answered [student's answer] with high confidence. In 1-2 sentences, explain your reasoning for that answer.",Borrowing & Credit,Inflation (Lowering),diagnose,"A slower increase in prices would make it so products aren't cheaper, but instead slowing down the rate they increase.",50.00,2,2026-02-05 22:26:25.521909+00
26820e5e-c910-4159-ab82-b6dc30c20c7a,pre,Q7_Open_Diagnose,"You were asked: Which group would have the greatest problem during periods of high inflation? Options were A) Young working couples, B) Older working couples saving for retirement, C) Retirees on a fixed income. You answered [student's answer] with high confidence. In 1-2 sentences, explain your reasoning for that answer.",Borrowing & Credit,Inflation (Fixed Income),diagnose,I think retirees on a fixed income would struggle the most since they will have to budget even more. ,50.00,2,2026-02-05 22:27:59.463391+00
28ccb01f-51f2-48c3-9860-c6a8760b16cc,pre,Q11_Open_Diagnose,"You were asked: Is buying a single company's stock usually safer than a stock mutual fund? True or false? You answered ""True"" with high confidence. In 1-2 sentences, explain your reasoning for that answer.",Risk Management,Diversification (Stock vs Fund),diagnose,"Yes, because it is just one mutual fund sounds more committed and more risk of loss.",50.00,1,2026-02-03 21:57:46.455104+00
28ccb01f-51f2-48c3-9860-c6a8760b16cc,pre,Q7_Open_Diagnose,"You were asked: Which group would have the greatest problem during periods of high inflation? Options were A) Young working couples, B) Older working couples saving for retirement, C) Retirees on a fixed income. You answered [student's answer] with high confidence. In 1-2 sentences, explain your reasoning for that answer.",Borrowing & Credit,Inflation (Fixed Income),diagnose,"Option C, because as a couple on a fixed income, your income will remain no matter how high prices rise. This is bad because they are retired and cannot go back into the workforce.",50.00,1,2026-02-03 21:57:46.455104+00
28ccb01f-51f2-48c3-9860-c6a8760b16cc,pre,Q8_Open_Diagnose,"You were asked: What can Jayden likely negotiate with an auto loan lender? Options were A) Interest rate only, B) Down payment only, C) Both, D) Neither. You answered [student's answer] with high confidence. In 1-2 sentences, explain your reasoning for that answer.",Borrowing & Credit,Auto Loans,diagnose,"I believe C, you can negotiate both because people negotiate all the time.",50.00,1,2026-02-03 21:57:46.455104+00
29d04bab-5c86-49cc-a3db-0bf11f128901,pre,Q30_Open_Diagnose,"You were asked: An investment with a high return is likely to be high risk. True or false? You answered ""False"" with high confidence. In 1-2 sentences, explain your reasoning for that answer.",Investment & Risk,Risk-Return Tradeoff,diagnose,Sometimes there could be good investments that arent risky.,50.00,3,2026-02-09 05:00:38.819667+00
29d04bab-5c86-49cc-a3db-0bf11f128901,pre,Q7_Open_Diagnose,"You were asked: Which group would have the greatest problem during periods of high inflation? Options were A) Young working couples, B) Older working couples saving for retirement, C) Retirees on a fixed income. You answered [student's answer] with high confidence. In 1-2 sentences, explain your reasoning for that answer.",Borrowing & Credit,Inflation (Fixed Income),diagnose,Young working couples most expenses,50.00,3,2026-02-09 05:00:05.823176+00
29d04bab-5c86-49cc-a3db-0bf11f128901,pre,Q8_Open_Diagnose,"You were asked: What can Jayden likely negotiate with an auto loan lender? Options were A) Interest rate only, B) Down payment only, C) Both, D) Neither. You answered [student's answer] with high confidence. In 1-2 sentences, explain your reasoning for that answer.",Borrowing & Credit,Auto Loans,diagnose,I think the down payment,50.00,3,2026-02-09 05:00:33.940745+00
29e8e8e5-7116-4430-b813-0e42153e123e,pre,Q12_Open_Confirm,"You were asked about the primary function of health insurance. You answered ""protect against large unexpected medical bills,"" which is correct. In 1-2 sentences, explain why this is the main purpose of health insurance.",Risk Management,Health Insurance Purpose,confirm,"Anything could happen at any time to someone, and you never know if you need immediate medical attention and with health insurance it's a lot less of a problem then having without. ",50.00,3,2026-02-04 18:38:26.222419+00
29e8e8e5-7116-4430-b813-0e42153e123e,pre,Q3_Open_Confirm,"You were asked whether high inflation means the cost of living is increasing rapidly. You answered ""True,"" which is correct. In 1-2 sentences, explain what inflation means and how it affects everyday life.",Borrowing & Credit,Inflation,confirm,Inflation is how much money is actually worth and affects people in the lower class mostly because it makes stuff cost more,50.00,1,2026-02-04 18:38:26.222419+00
29e8e8e5-7116-4430-b813-0e42153e123e,pre,Q8_Open_Diagnose,"You were asked: What can Jayden likely negotiate with an auto loan lender? Options were A) Interest rate only, B) Down payment only, C) Both, D) Neither. You answered [student's answer] with high confidence. In 1-2 sentences, explain your reasoning for that answer.",Borrowing & Credit,Auto Loans,diagnose,My reasoning for down payment is the loan lender has an amount of down payment and the person could put as much down as they really want,50.00,2,2026-02-04 18:38:26.222419+00
29e95558-8ec8-4875-a2d6-8dcddb313f31,pre,Q34_Open_Confirm,"You were asked whether spreading money among different assets increases, decreases, or maintains risk. You answered ""decreases,"" which is correct. In 1-2 sentences, explain why diversification reduces risk.",Investment & Risk,Diversification Effect,confirm,"I said “decreases” because if you spread money among different assets, you have less of a chance of losing all of your money at once. It’s in different places, so if one asset gets tanked, you only lose some money, not all of it.",50.00,3,2026-02-09 05:35:36.732318+00
29e95558-8ec8-4875-a2d6-8dcddb313f31,pre,Q6_Open_Diagnose,"You were asked: A successful effort to lower inflation would likely be accompanied by which of the following? Options were A) A decrease in the general level of prices, B) A slower increase in prices, C) An increase in employment. You answered [student's answer] with high confidence. In 1-2 sentences, explain your reasoning for that answer.",Borrowing & Credit,Inflation (Lowering),diagnose,"I chose a general decrease in prices because typically when inflation goes up, so do prices. So if there’s a decrease in inflation, there will likely be a decrease in prices.",50.00,3,2026-02-09 05:34:43.302944+00
2a248e97-6ef7-44e1-99b1-2ee56d0fa15e,pre,Q2_Open_Confirm,"You were asked whether a 15-year mortgage has higher monthly payments but lower total interest than a 30-year mortgage. You answered ""True,"" which is correct. In 1-2 sentences, explain why total interest is lower on the shorter mortgage.",Borrowing & Credit,Borrowing/Mortgages,confirm,"I answer true because interest adds up overtime/increases. Depending on the Fed, interest rates would typically be higher with the longer time agreement",50.00,1,2026-02-02 20:56:53.061293+00
2a248e97-6ef7-44e1-99b1-2ee56d0fa15e,pre,Q35_Open_Confirm,"You were asked whether opportunities to make a lot of money also come with chances to lose a lot. You answered ""True,"" which is correct. In 1-2 sentences, explain why high reward opportunities typically involve high risk.",Investment & Risk,Risk-Return Relationship,confirm,"I think because there is more money involved, it either hits and you make a lot or it misses and a lot of money gets down",50.00,1,2026-02-02 20:59:47.748294+00
2a248e97-6ef7-44e1-99b1-2ee56d0fa15e,pre,Q5_Open_Confirm,"You were asked how much Lyle should have in emergency savings. You answered ""three or more months of living expenses,"" which is correct. In 1-2 sentences, explain why financial experts recommend this amount.",Borrowing & Credit,Emergency Fund,confirm,"In case you lose your job, or God Forbid you need a new place to live, you need to give yourself a buffer/ safety net",50.00,2,2026-02-02 20:58:27.379925+00
2a4ac49b-2fe1-40a9-8662-5ab9a587f8b4,pre,Q13_Open_Diagnose,"You were asked: What does a home insurance deductible represent? Options were A) Amount you pay before insurance covers damages, B) Monthly premium for coverage, C) Maximum amount insurance will pay. You answered [student's answer] with high confidence. In 1-2 sentences, explain your reasoning for that answer.",Risk Management,Insurance Deductible,diagnose,option B because monthly premium is you paying for insurance for their best coverage. this can be taken as a deductible.,50.00,2,2026-02-02 22:29:17.167529+00
2a4ac49b-2fe1-40a9-8662-5ab9a587f8b4,pre,Q32_Open_Diagnose,"You were asked: Over a long time period (10-20 years), which asset normally gives the highest return? Options were A) Savings accounts, B) Bonds, C) Stocks. You answered [student's answer] with high confidence. In 1-2 sentences, explain your reasoning for that answer.",Investment & Risk,Long-Term Asset Returns,diagnose,savings accounts because you will not pay any taxes and it will continue to grow with no down side. stocks can crash and bonds are very unstable.,50.00,2,2026-02-02 21:03:16.506077+00
2a4ac49b-2fe1-40a9-8662-5ab9a587f8b4,pre,Q37_Open_Diagnose,"You were asked: Which insurance protects you if you cause an accident that injures someone? Options were A) Health insurance, B) Homeowner's insurance, C) Auto liability coverage. You answered [student's answer] with high confidence. In 1-2 sentences, explain your reasoning for that answer.",Investment & Risk,Insurance Types,diagnose,Health insurance because it covers your health and anyone who was associated with you during the injures.,50.00,3,2026-02-02 17:25:12.367944+00
2adde352-aa35-4be9-bb11-9d51b9286426,pre,Q13_Open_Confirm,"You were asked what a home insurance deductible represents. You answered ""the amount you pay before insurance covers damages,"" which is correct. In 1-2 sentences, explain how a deductible works when you file a claim.",Risk Management,Insurance Deductible,confirm,I genuinely have zero idea. ,50.00,1,2026-02-08 21:51:33.767368+00
2adde352-aa35-4be9-bb11-9d51b9286426,pre,Q1_Open_Confirm,"You were asked: If you put $100 in a savings account at 2% annual interest, how much would you have after 5 years? You answered ""More than $102,"" which is correct. In 1-2 sentences, explain why the amount is more than $102.",Borrowing & Credit,Compound Interest,confirm,The amount is more than 102 because it would be 102 after just one year. ,50.00,3,2026-02-08 21:51:03.703406+00
2adde352-aa35-4be9-bb11-9d51b9286426,pre,Q5_Open_Diagnose,"You were asked: How much should Lyle have set aside for emergency savings? The options were A) $200 or so, B) One month's rent, C) Three or more months of expenses. You answered [student's answer] with high confidence. In 1-2 sentences, explain your reasoning for that answer.",Borrowing & Credit,Emergency Fund,diagnose,"I put B because depending on lyle;s income, it might not be suitable or manageable for him to forego three or more months of expenses at a time. ",50.00,1,2026-02-08 21:50:12.030763+00
2ae693e9-632d-42e9-8c66-8e455a4845fb,pre,Q30_Open_Diagnose,"You were asked: An investment with a high return is likely to be high risk. True or false? You answered ""False"" with high confidence. In 1-2 sentences, explain your reasoning for that answer.",Investment & Risk,Risk-Return Tradeoff,diagnose,Not all high return investments can be a very high risk. There are some investments that can bring high returns depending on the asset.,50.00,3,2026-02-07 01:18:22.73731+00
2ae693e9-632d-42e9-8c66-8e455a4845fb,pre,Q3_Open_Diagnose,"You were asked: High inflation means that the cost of living is increasing rapidly. True or false? You answered ""False"" with high confidence. In 1-2 sentences, explain your reasoning for that answer.",Borrowing & Credit,Inflation,diagnose,During high inflation not all prices rapidly increase. Rent and any fixed monthly payments stay the same.,50.00,3,2026-02-07 01:15:54.636291+00
2ae693e9-632d-42e9-8c66-8e455a4845fb,pre,Q7_Open_Diagnose,"You were asked: Which group would have the greatest problem during periods of high inflation? Options were A) Young working couples, B) Older working couples saving for retirement, C) Retirees on a fixed income. You answered [student's answer] with high confidence. In 1-2 sentences, explain your reasoning for that answer.",Borrowing & Credit,Inflation (Fixed Income),diagnose,Older couple who are trying to save for retirement struggle more. As they have to navigate the higher prices with trying to save at the same time.,50.00,3,2026-02-07 01:16:41.282285+00
2b4fd071-99ef-41b7-82ef-997a3dfde6e2,pre,Q30_Open_Confirm,"You were asked whether high-return investments are likely to be high risk. You answered ""True,"" which is correct. In 1-2 sentences, explain why high returns are usually associated with high risk.",Investment & Risk,Risk-Return Tradeoff,confirm,"In general, within investments, the risk you are willing to take also determines how much money you are able to make. Such as a savings account gives you a small percentage of money back, but you also know you have no risk of losing the money that is in it. Same goes to higher return investments are higher risk.",50.00,3,2026-02-04 20:10:57.236141+00
2b4fd071-99ef-41b7-82ef-997a3dfde6e2,pre,Q38_Open_Confirm,"You were asked which investment best protects purchasing power during sudden high inflation. You answered ""a house financed with a fixed-rate mortgage,"" which is correct. In 1-2 sentences, explain why this protects against inflation.",Investment & Risk,Inflation Protection,confirm,"Having a fixed rate of mortgage means that even when everything becomes more expensive, your mortgage will stay the same. Fixed in this case means that it can't go up or down.",50.00,3,2026-02-04 20:13:40.235231+00
2b4fd071-99ef-41b7-82ef-997a3dfde6e2,pre,Q8_Open_Confirm,"You were asked what Jayden can negotiate when getting an auto loan. You answered ""both interest rate and down payment,"" which is correct. In 1-2 sentences, explain why it's possible to negotiate these terms.",Borrowing & Credit,Auto Loans,confirm,"Auto loans, after an incident such as a car accident, will cover payments from the accident depending on your plan. So if you negotiate the prices down, then if something were to go wrong, then you most likely have to pay out of pocket, and vice versa.",50.00,3,2026-02-04 20:08:56.466209+00
2bc0e32f-a94f-45e6-a54b-f54714c6b3d8,pre,Q35_Open_Diagnose,"You were asked: If someone offers you the chance to make a lot of money, is there also likely a chance you could lose a lot? You answered ""False"" with high confidence. In 1-2 sentences, explain your reasoning for that answer.",Investment & Risk,Risk-Return Relationship,diagnose,"Not every situation is high risk. If a company offers you a better position that pays a lot more, it doesn't mean that you are going to lose that money",50.00,2,2026-02-09 04:16:40.688125+00
2bc0e32f-a94f-45e6-a54b-f54714c6b3d8,pre,Q7_Open_Diagnose,"You were asked: Which group would have the greatest problem during periods of high inflation? Options were A) Young working couples, B) Older working couples saving for retirement, C) Retirees on a fixed income. You answered [student's answer] with high confidence. In 1-2 sentences, explain your reasoning for that answer.",Borrowing & Credit,Inflation (Fixed Income),diagnose,"income doesn't increase with inflation, therefore they won't be making more money. ",50.00,2,2026-02-09 04:15:16.958071+00
2be076c9-1b2f-4861-af34-17fdcfda83e1,pre,Q13_Open_Confirm,"You were asked what a home insurance deductible represents. You answered ""the amount you pay before insurance covers damages,"" which is correct. In 1-2 sentences, explain how a deductible works when you file a claim.",Risk Management,Insurance Deductible,confirm,"When you file a claim for a deductible, you pay the full amount, and afterwards, the insurance reimburses you for its part of the damages. ",50.00,2,2026-02-09 03:39:39.53032+00
2c7f25a2-d11d-4a06-8e5c-7e8918d53335,pre,Q35_Open_Confirm,"You were asked whether opportunities to make a lot of money also come with chances to lose a lot. You answered ""True,"" which is correct. In 1-2 sentences, explain why high reward opportunities typically involve high risk.",Investment & Risk,Risk-Return Relationship,confirm,"Usually things are too good to be true, I applied this idea to the scenario. ",50.00,3,2026-02-04 20:46:36.137687+00
2e6c1743-2729-425e-9819-eb409e825fec,pre,Q13_Open_Confirm,"You were asked what a home insurance deductible represents. You answered ""the amount you pay before insurance covers damages,"" which is correct. In 1-2 sentences, explain how a deductible works when you file a claim.",Risk Management,Insurance Deductible,confirm,The deductible is paid towards the repair. Your insurer will attempt to cover the rest.,50.00,1,2026-02-02 22:03:47.001573+00
2e6c1743-2729-425e-9819-eb409e825fec,pre,Q35_Open_Confirm,"You were asked whether opportunities to make a lot of money also come with chances to lose a lot. You answered ""True,"" which is correct. In 1-2 sentences, explain why high reward opportunities typically involve high risk.",Investment & Risk,Risk-Return Relationship,confirm,"If high reward opportunities were low risk, then everyone would be all in. The more you're willing to risk, the bigger the reward you could earn.",50.00,2,2026-02-02 22:06:34.810395+00
2e6c1743-2729-425e-9819-eb409e825fec,pre,Q39_Open_Confirm,"You were asked whether stocks are generally riskier than bonds. You answered ""True,"" which is correct. In 1-2 sentences, explain why stocks are considered riskier than bonds.",Investment & Risk,Stocks vs Bonds Risk,confirm,"Stocks are more difficult to predict, therefore riskier. Stocks are also sensitive to economic changes as well.",50.00,1,2026-02-02 22:08:34.815749+00
2fb5afad-5268-4afe-be30-ce1b2141a365,pre,Q10_Open_Confirm,"You were asked which statement about credit reports is FALSE. You correctly identified that ""your credit report is provided by a single source"" is false. In 1-2 sentences, explain why this statement is false.",Borrowing & Credit,Credit Reports,confirm,It is false because credit reports are created by many different bureaus. Each one collects and analyzes data in a different way. ,50.00,2,2026-02-08 20:37:58.843295+00
2fb5afad-5268-4afe-be30-ce1b2141a365,pre,Q37_Open_Confirm,"You were asked which insurance protects you if you cause an accident that injures someone. You answered ""auto insurance liability coverage,"" which is correct. In 1-2 sentences, explain what liability coverage does.",Investment & Risk,Insurance Types,confirm,"Auto liability pays for the bills of the other person in case of a medical emergency, also covers property damage. It protects one financially by covering those damages you could owe to others. ",50.00,2,2026-02-08 20:39:07.757945+00
2fb5afad-5268-4afe-be30-ce1b2141a365,pre,Q3_Open_Confirm,"You were asked whether high inflation means the cost of living is increasing rapidly. You answered ""True,"" which is correct. In 1-2 sentences, explain what inflation means and how it affects everyday life.",Borrowing & Credit,Inflation,confirm,"Inflation is when the value of money decreases in comparison to goods, so you can buy less things with more money. Basically inflation increases means your purchasing power decreases. ",50.00,3,2026-02-08 20:36:22.702335+00
314b9ca0-e1be-4c15-b7eb-fb57a0535ba6,pre,Q13_Open_Confirm,"You were asked what a home insurance deductible represents. You answered ""the amount you pay before insurance covers damages,"" which is correct. In 1-2 sentences, explain how a deductible works when you file a claim.",Risk Management,Insurance Deductible,confirm,I got lucky on that one I don't know how a deductible works,50.00,1,2026-02-08 01:30:58.620591+00
314b9ca0-e1be-4c15-b7eb-fb57a0535ba6,pre,Q3_Open_Confirm,"You were asked whether high inflation means the cost of living is increasing rapidly. You answered ""True,"" which is correct. In 1-2 sentences, explain what inflation means and how it affects everyday life.",Borrowing & Credit,Inflation,confirm,"Inflation means the increased price of goods, whether it be groceries, gas, or even a car. It obviously affects life because we need goods to survive. ",50.00,3,2026-02-08 01:27:53.686278+00
314b9ca0-e1be-4c15-b7eb-fb57a0535ba6,pre,Q8_Open_Confirm,"You were asked what Jayden can negotiate when getting an auto loan. You answered ""both interest rate and down payment,"" which is correct. In 1-2 sentences, explain why it's possible to negotiate these terms.",Borrowing & Credit,Auto Loans,confirm,"Loans aren't fixed prices they're what the bank is willing to do risk wise. If your credit is bad you have a bad reputation meaning these rates will be higher than someone with good credit, you can negotiate that you can be reliable. ",50.00,2,2026-02-08 01:29:53.649025+00
320f947d-ba03-4884-a220-2636b8b2be84,pre,Q11_Open_Confirm,"You were asked whether buying a single company's stock is safer than a stock mutual fund. You answered ""False,"" which is correct. In 1-2 sentences, explain why a mutual fund is generally safer than a single stock.",Risk Management,Diversification (Stock vs Fund),confirm,NA,50.00,1,2026-02-08 20:10:24.053383+00
320f947d-ba03-4884-a220-2636b8b2be84,pre,Q3_Open_Diagnose,"You were asked: High inflation means that the cost of living is increasing rapidly. True or false? You answered ""False"" with high confidence. In 1-2 sentences, explain your reasoning for that answer.",Borrowing & Credit,Inflation,diagnose,NA,50.00,1,2026-02-08 20:10:06.643099+00
320f947d-ba03-4884-a220-2636b8b2be84,pre,Q7_Open_Diagnose,"You were asked: Which group would have the greatest problem during periods of high inflation? Options were A) Young working couples, B) Older working couples saving for retirement, C) Retirees on a fixed income. You answered [student's answer] with high confidence. In 1-2 sentences, explain your reasoning for that answer.",Borrowing & Credit,Inflation (Fixed Income),diagnose,NA,50.00,1,2026-02-08 20:10:15.263113+00
32246dee-d029-4262-bc36-2098cc35da6c,pre,Q10_Open_Confirm,"You were asked which statement about credit reports is FALSE. You correctly identified that ""your credit report is provided by a single source"" is false. In 1-2 sentences, explain why this statement is false.",Borrowing & Credit,Credit Reports,confirm,This is false because credit reports are compiled from information provided by multiple sources like credit card companies. ,50.00,2,2026-02-02 19:25:09.275201+00
32246dee-d029-4262-bc36-2098cc35da6c,pre,Q11_Open_Confirm,"You were asked whether buying a single company's stock is safer than a stock mutual fund. You answered ""False,"" which is correct. In 1-2 sentences, explain why a mutual fund is generally safer than a single stock.",Risk Management,Diversification (Stock vs Fund),confirm,A mutual fund is typically safer than a single stock because it spreads your money out between investments across multiple companies. Which reduces risk.  ,50.00,2,2026-02-02 19:26:33.921776+00
32246dee-d029-4262-bc36-2098cc35da6c,pre,Q14_Open_Confirm,"You were asked what happens to risk when an investor spreads money among different assets. You answered ""decreases,"" which is correct. In 1-2 sentences, explain why spreading investments reduces risk.",Risk Management,Diversification Principle,confirm,"Spreading investments across different assets reduces risk because it diversifies it. Meaning that if one investment performs poorly, the losses can be offset by gains in other investments. ",50.00,1,2026-02-02 19:28:51.134129+00
331cd925-ad94-4745-96d5-25c6e99b943b,pre,Q13_Open_Diagnose,"You were asked: What does a home insurance deductible represent? Options were A) Amount you pay before insurance covers damages, B) Monthly premium for coverage, C) Maximum amount insurance will pay. You answered [student's answer] with high confidence. In 1-2 sentences, explain your reasoning for that answer.",Risk Management,Insurance Deductible,diagnose,"Decutibeles means if your home gets damaged, the insurance company will pay X amount, then the rest the owner will have to cover themselves.",50.00,2,2026-02-04 19:58:19.158736+00
331cd925-ad94-4745-96d5-25c6e99b943b,pre,Q5_Open_Diagnose,"You were asked: How much should Lyle have set aside for emergency savings? The options were A) $200 or so, B) One month's rent, C) Three or more months of expenses. You answered [student's answer] with high confidence. In 1-2 sentences, explain your reasoning for that answer.",Borrowing & Credit,Emergency Fund,diagnose,"I said B because I think if you have enough savings as much as rent, you are in a good spot because you are investing as much as you are paying, and eventually it will grow more than that.",50.00,3,2026-02-04 19:57:07.995297+00
331cd925-ad94-4745-96d5-25c6e99b943b,pre,Q7_Open_Diagnose,"You were asked: Which group would have the greatest problem during periods of high inflation? Options were A) Young working couples, B) Older working couples saving for retirement, C) Retirees on a fixed income. You answered [student's answer] with high confidence. In 1-2 sentences, explain your reasoning for that answer.",Borrowing & Credit,Inflation (Fixed Income),diagnose,"I chose A because when there is high inflation, prices are rising. The couple will have to work even more to pay for what they get by then, if they have a child, daycare will be more, etc.",50.00,3,2026-02-04 19:54:06.785307+00
341d4ea1-8432-4152-bb78-3599e2621c5d,pre,Q10_Open_Diagnose,"You were asked: Which statement about credit reports is FALSE? Options were A) Employers use them to screen applicants, B) They include a credit worthiness assessment, C) They are provided by a single source. You answered [student's answer] with high confidence, indicating you thought that statement was false. In 1-2 sentences, explain your reasoning.",Borrowing & Credit,Credit Reports,diagnose,That is just one part of them?,50.00,1,2026-02-08 00:01:08.364861+00
341d4ea1-8432-4152-bb78-3599e2621c5d,pre,Q11_Open_Confirm,"You were asked whether buying a single company's stock is safer than a stock mutual fund. You answered ""False,"" which is correct. In 1-2 sentences, explain why a mutual fund is generally safer than a single stock.",Risk Management,Diversification (Stock vs Fund),confirm,The money is more spreadout,50.00,3,2026-02-08 00:01:35.543451+00
341d4ea1-8432-4152-bb78-3599e2621c5d,pre,Q2_Open_Diagnose,"You were asked: A 15-year mortgage typically requires higher monthly payments than a 30-year mortgage, but the total interest paid over the life of the loan will be less. True or false? You answered ""False"" with high confidence. In 1-2 sentences, explain your reasoning for that answer.",Borrowing & Credit,Borrowing/Mortgages,diagnose,"true, the initial payment is higher, but its a shorter duration",50.00,3,2026-02-08 00:00:18.563118+00
347fbbbd-eaf5-41c4-8bfc-b35ef7da3446,pre,Q10_Open_Diagnose,"You were asked: Which statement about credit reports is FALSE? Options were A) Employers use them to screen applicants, B) They include a credit worthiness assessment, C) They are provided by a single source. You answered [student's answer] with high confidence, indicating you thought that statement was false. In 1-2 sentences, explain your reasoning.",Borrowing & Credit,Credit Reports,diagnose,"If I put B, i read the question wrong. ",50.00,3,2026-02-02 23:11:35.624056+00
347fbbbd-eaf5-41c4-8bfc-b35ef7da3446,pre,Q11_Open_Diagnose,"You were asked: Is buying a single company's stock usually safer than a stock mutual fund? True or false? You answered ""True"" with high confidence. In 1-2 sentences, explain your reasoning for that answer.",Risk Management,Diversification (Stock vs Fund),diagnose,probably read it wrong,50.00,3,2026-02-02 23:12:23.786611+00
347fbbbd-eaf5-41c4-8bfc-b35ef7da3446,pre,Q32_Open_Confirm,"You were asked which asset normally gives the highest return over a long time period like 10-20 years. You answered ""stocks,"" which is correct. In 1-2 sentences, explain why stocks tend to outperform savings accounts and bonds over long periods.",Investment & Risk,Long-Term Asset Returns,confirm,savings and bonds have low returns and are relatively safer. stocks have higher returns ,50.00,2,2026-02-02 23:12:59.405058+00
36051178-606f-4b47-9471-d6c1a48a149d,pre,Q11_Open_Confirm,"You were asked whether buying a single company's stock is safer than a stock mutual fund. You answered ""False,"" which is correct. In 1-2 sentences, explain why a mutual fund is generally safer than a single stock.",Risk Management,Diversification (Stock vs Fund),confirm,Stock prices changes every second and are hard to predict. A mutual find doesn't have high risk and gains more men over time ,50.00,2,2026-02-08 15:35:10.004232+00
36051178-606f-4b47-9471-d6c1a48a149d,pre,Q6_Open_Confirm,"You were asked what happens when inflation is successfully lowered. You answered ""a slower increase in prices,"" which is correct. In 1-2 sentences, explain why lower inflation doesn't mean prices actually fall.",Borrowing & Credit,Inflation (Lowering),confirm,Prices are set and inflation doesn't affect the demand of needs we need to buy so it won't lower the prices. It will still be around the same price.,50.00,1,2026-02-08 15:34:46.534094+00
36051178-606f-4b47-9471-d6c1a48a149d,pre,Q8_Open_Diagnose,"You were asked: What can Jayden likely negotiate with an auto loan lender? Options were A) Interest rate only, B) Down payment only, C) Both, D) Neither. You answered [student's answer] with high confidence. In 1-2 sentences, explain your reasoning for that answer.",Borrowing & Credit,Auto Loans,diagnose,My dad talks a lot abut buy-in cars and we went to buy my car and you can put any down payment you want its up to you and depends on the car. And you can negotiate the price which also depends on the interest rate.,50.00,2,2026-02-08 15:32:00.714235+00
36cd7db0-6e68-4be4-8276-e89821078e1f,pre,Q36_Open_Diagnose,"You were asked: Is it less likely you'll lose all your money if you save it in more than one place? You answered ""False"" with high confidence. In 1-2 sentences, explain your reasoning for that answer.",Investment & Risk,Diversification Principle,diagnose,"People talk about diversifying your assets so that you do not have all your money in one place. Therefore, I should have picked true, but I think I read it the opposite way the first time.",50.00,3,2026-02-02 15:08:28.569225+00
3718554d-0d03-484a-984e-3aa9cc48d894,pre,Q1_Open_Diagnose,"You were asked: If you put $100 in a savings account at 2% annual interest, how much would you have after 5 years? The options were: A) More than $102, B) Exactly $102, C) Less than $102. You answered [student's answer] with high confidence. In 1-2 sentences, explain your reasoning for that answer.",Borrowing & Credit,Compound Interest,diagnose,Because 100 times 1.02 equals 102,50.00,3,2026-02-02 17:16:51.394248+00
3718554d-0d03-484a-984e-3aa9cc48d894,pre,Q30_Open_Diagnose,"You were asked: An investment with a high return is likely to be high risk. True or false? You answered ""False"" with high confidence. In 1-2 sentences, explain your reasoning for that answer.",Investment & Risk,Risk-Return Tradeoff,diagnose,Because if it can go up it can go down.,50.00,2,2026-02-02 17:17:24.094635+00
3718554d-0d03-484a-984e-3aa9cc48d894,pre,Q8_Open_Diagnose,"You were asked: What can Jayden likely negotiate with an auto loan lender? Options were A) Interest rate only, B) Down payment only, C) Both, D) Neither. You answered [student's answer] with high confidence. In 1-2 sentences, explain your reasoning for that answer.",Borrowing & Credit,Auto Loans,diagnose,Because the interest rate can't be changed but the down payment can be,50.00,3,2026-02-02 17:17:05.939999+00
3896189a-b721-48fc-aa4e-cc8c0a648cbb,pre,Q12_Open_Diagnose,"You were asked: What is the primary function of health insurance? Options were A) Protect against large unexpected bills, B) Cover routine health care, C) Pay for elective procedures. You answered [student's answer] with high confidence. In 1-2 sentences, explain your reasoning for that answer.",Risk Management,Health Insurance Purpose,diagnose,My reasoning behind my answer was that health insurance is meant to cover any sort of medical bills and take away from any prices that people cannot pay and should not pay. Some procedures are also covered under health insurance but it varies.,50.00,1,2026-02-06 18:25:35.870189+00
3896189a-b721-48fc-aa4e-cc8c0a648cbb,pre,Q37_Open_Diagnose,"You were asked: Which insurance protects you if you cause an accident that injures someone? Options were A) Health insurance, B) Homeowner's insurance, C) Auto liability coverage. You answered [student's answer] with high confidence. In 1-2 sentences, explain your reasoning for that answer.",Investment & Risk,Insurance Types,diagnose,"I misread the question and chose A, but now I realize it is C. I chose this answer because when you are involved in an accident, the term mentions you are liable for any sort of damage or injury.",50.00,2,2026-02-06 18:27:12.89616+00
3896189a-b721-48fc-aa4e-cc8c0a648cbb,pre,Q40_Open_Confirm,"You were asked about a key factor in the 2007-2008 financial crisis. You answered ""widespread failure to properly assess and manage financial risk,"" which is correct. In 1-2 sentences, explain how poor risk management contributed to the crisis.",Investment & Risk,2008 Financial Crisis,confirm,"I figured that during the high times of inflation, people were struggling to manage their finances, making personal situations worse.",50.00,1,2026-02-06 18:28:39.950553+00
38b31f3f-d04f-4f0c-8f97-88c72386809d,pre,Q30_Open_Confirm,"You were asked whether high-return investments are likely to be high risk. You answered ""True,"" which is correct. In 1-2 sentences, explain why high returns are usually associated with high risk.",Investment & Risk,Risk-Return Tradeoff,confirm,High returns are associated with high risk because the higher you are willing ti spend the more you will lose.,50.00,2,2026-02-06 19:08:04.520692+00
38bf21ee-656f-43d3-bfda-f6fc53ed5563,pre,Q14_Open_Confirm,"You were asked what happens to risk when an investor spreads money among different assets. You answered ""decreases,"" which is correct. In 1-2 sentences, explain why spreading investments reduces risk.",Risk Management,Diversification Principle,confirm,The money is spread and diversified so it is unlikely all assets will fall and there is less in each account if there are many accounts.,50.00,3,2026-02-09 00:02:31.625678+00
38bf21ee-656f-43d3-bfda-f6fc53ed5563,pre,Q6_Open_Diagnose,"You were asked: A successful effort to lower inflation would likely be accompanied by which of the following? Options were A) A decrease in the general level of prices, B) A slower increase in prices, C) An increase in employment. You answered [student's answer] with high confidence. In 1-2 sentences, explain your reasoning for that answer.",Borrowing & Credit,Inflation (Lowering),diagnose,"An increase in employment. Inflation is accompanied by high unemployment rates, so if inflation is lowered more people are employed.",50.00,2,2026-02-09 00:00:14.903832+00
38bf21ee-656f-43d3-bfda-f6fc53ed5563,pre,Q9_Open_Diagnose,"You were asked: What is the primary advantage of making a household budget? Options were A) Ensures funds for bills and saving, B) Reduces your taxes, C) Increases investment returns. You answered [student's answer] with high confidence. In 1-2 sentences, explain your reasoning for that answer.",Borrowing & Credit,Budgeting,diagnose,Ensuring bills are paid is the primary purpose of budgeting.,50.00,2,2026-02-09 00:01:48.714879+00
39263a34-575b-4875-82ca-cff1353ad2e1,pre,Q31_Open_Diagnose,"You were asked: What does the stock market do? Options were A) Results in gains for investors, B) Guarantees investors a profit, C) Brings buyers and sellers together. You answered [student's answer] with high confidence. In 1-2 sentences, explain your reasoning for that answer.",Investment & Risk,Stock Market Function,diagnose,Gives regular people the oppurtounity to own stock in a company,50.00,3,2026-02-07 21:01:33.897343+00
39263a34-575b-4875-82ca-cff1353ad2e1,pre,Q38_Open_Diagnose,"You were asked: Which investment best protects purchasing power during sudden high inflation? Options were A) 10-year fixed bond, B) Bank CD, C) 25-year fixed mortgage (debt), D) House with fixed mortgage. You answered [student's answer] with high confidence. In 1-2 sentences, explain your reasoning for that answer.",Investment & Risk,Inflation Protection,diagnose,Fixed bond does not adjust the rate for the inflation each year,50.00,2,2026-02-07 21:01:55.661064+00
39263a34-575b-4875-82ca-cff1353ad2e1,pre,Q6_Open_Diagnose,"You were asked: A successful effort to lower inflation would likely be accompanied by which of the following? Options were A) A decrease in the general level of prices, B) A slower increase in prices, C) An increase in employment. You answered [student's answer] with high confidence. In 1-2 sentences, explain your reasoning for that answer.",Borrowing & Credit,Inflation (Lowering),diagnose,"Increasing employment would generate more work and more cash flow, a slower increase in prices won't help if the value of the dollar is decreasing. ",50.00,3,2026-02-07 21:00:54.498637+00
393f1bb3-0606-4282-a97b-6ed3a25867a7,pre,Q12_Open_Diagnose,"You were asked: What is the primary function of health insurance? Options were A) Protect against large unexpected bills, B) Cover routine health care, C) Pay for elective procedures. You answered [student's answer] with high confidence. In 1-2 sentences, explain your reasoning for that answer.",Risk Management,Health Insurance Purpose,diagnose,I answered with high confidence with the choice B. My reasoning is because health insurance is to cover what you don’t have to pay out of pocket which can be routinely health care when you see a doctor.,50.00,3,2026-02-03 20:22:30.390354+00
393f1bb3-0606-4282-a97b-6ed3a25867a7,pre,Q2_Open_Diagnose,"You were asked: A 15-year mortgage typically requires higher monthly payments than a 30-year mortgage, but the total interest paid over the life of the loan will be less. True or false? You answered ""False"" with high confidence. In 1-2 sentences, explain your reasoning for that answer.",Borrowing & Credit,Borrowing/Mortgages,diagnose,Paying less in payment for longer years will accumulate higher interest rates to make it seem you are not paying a lot off.,50.00,3,2026-02-03 20:22:30.390354+00
393f1bb3-0606-4282-a97b-6ed3a25867a7,pre,Q7_Open_Confirm,"You were asked which group has the greatest problem during high inflation. You answered ""retirees living on a fixed income,"" which is correct. In 1-2 sentences, explain why fixed-income retirees struggle most during inflation.",Borrowing & Credit,Inflation (Fixed Income),confirm,Retirees struggled the most during high inflation rate because while prices are rising for daily needs they are on fixed income of SS (social security). It harder for them to budget on a fixed income when prices are not keeping up with their income.,50.00,3,2026-02-03 20:22:30.390354+00
3b0e70ab-192e-4503-b5f6-15f34e5731bd,pre,Q10_Open_Diagnose,"You were asked: Which statement about credit reports is FALSE? Options were A) Employers use them to screen applicants, B) They include a credit worthiness assessment, C) They are provided by a single source. You answered [student's answer] with high confidence, indicating you thought that statement was false. In 1-2 sentences, explain your reasoning.",Borrowing & Credit,Credit Reports,diagnose,"C, credit scores come from multiple sources not just one. I might be wrong but I believe there is 3 main credit agencies and they all report. ",50.00,3,2026-02-02 14:57:37.820973+00
3b0e70ab-192e-4503-b5f6-15f34e5731bd,pre,Q13_Open_Diagnose,"You were asked: What does a home insurance deductible represent? Options were A) Amount you pay before insurance covers damages, B) Monthly premium for coverage, C) Maximum amount insurance will pay. You answered [student's answer] with high confidence. In 1-2 sentences, explain your reasoning for that answer.",Risk Management,Insurance Deductible,diagnose,"I think the deductible is like $500 after you crash or cause an accident, you pay that and the insurance pays the rest. that's about all I know.",50.00,3,2026-02-02 14:58:30.8631+00
3b0e70ab-192e-4503-b5f6-15f34e5731bd,pre,Q36_Open_Diagnose,"You were asked: Is it less likely you'll lose all your money if you save it in more than one place? You answered ""False"" with high confidence. In 1-2 sentences, explain your reasoning for that answer.",Investment & Risk,Diversification Principle,diagnose,"no its more likely you lose all your money if its one place, you have to diversify so if something happens to one of your investments your other ones can keep you afloat.",50.00,2,2026-02-02 14:59:52.615624+00
3bc12e13-88b4-476d-9f3e-7fe618045c17,pre,Q36_Open_Diagnose,"You were asked: Is it less likely you'll lose all your money if you save it in more than one place? You answered ""False"" with high confidence. In 1-2 sentences, explain your reasoning for that answer.",Investment & Risk,Diversification Principle,diagnose,"I actually meant to put the other option because I was confused, I believe this is true. The more you spread your money out into different assets, the less likely you lose ALL your money because it's spread out, so if something happens to one asset then you have the rest. ",50.00,3,2026-02-03 23:37:59.721917+00
3bc12e13-88b4-476d-9f3e-7fe618045c17,pre,Q37_Open_Diagnose,"You were asked: Which insurance protects you if you cause an accident that injures someone? Options were A) Health insurance, B) Homeowner's insurance, C) Auto liability coverage. You answered [student's answer] with high confidence. In 1-2 sentences, explain your reasoning for that answer.",Investment & Risk,Insurance Types,diagnose,I think it's auto liability coverage because you got into a car accident and that insurance is supposed to cover those damages and you. ,50.00,3,2026-02-03 23:37:59.721917+00
3bc12e13-88b4-476d-9f3e-7fe618045c17,pre,Q6_Open_Diagnose,"You were asked: A successful effort to lower inflation would likely be accompanied by which of the following? Options were A) A decrease in the general level of prices, B) A slower increase in prices, C) An increase in employment. You answered [student's answer] with high confidence. In 1-2 sentences, explain your reasoning for that answer.",Borrowing & Credit,Inflation (Lowering),diagnose,"I believe if we increasing employment that always betters the economy is every way. With more people working and making money there is more spending, helping the overall economy and gives the government a chance to make moves to lower inflation. ",50.00,3,2026-02-03 23:37:59.721917+00
3c13b4c4-7ea2-4dbe-9f8c-2aeafbf3747e,pre,Q2_Open_Diagnose,"You were asked: A 15-year mortgage typically requires higher monthly payments than a 30-year mortgage, but the total interest paid over the life of the loan will be less. True or false? You answered ""False"" with high confidence. In 1-2 sentences, explain your reasoning for that answer.",Borrowing & Credit,Borrowing/Mortgages,diagnose,"I think that because the payments on a 15‑year mortgage are higher, the cost would also be higher. I did not think that paying the loan off faster reduces how long interest accumulate.",50.00,3,2026-02-02 17:31:11.405229+00
3c13b4c4-7ea2-4dbe-9f8c-2aeafbf3747e,pre,Q3_Open_Diagnose,"You were asked: High inflation means that the cost of living is increasing rapidly. True or false? You answered ""False"" with high confidence. In 1-2 sentences, explain your reasoning for that answer.",Borrowing & Credit,Inflation,diagnose,"I had thought that high inflation meant changes ins tuff like interest or the value of money in the markets, not directly related to expenses. ",50.00,2,2026-02-02 17:29:19.680956+00
3c13b4c4-7ea2-4dbe-9f8c-2aeafbf3747e,pre,Q40_Open_Diagnose,"You were asked: What was a key factor in the 2007-2008 financial crisis? Options were A) Strong regulation, B) Failure to manage risk, C) High savings rates, D) Low borrowing. You answered [student's answer] with high confidence. In 1-2 sentences, explain your reasoning for that answer.",Investment & Risk,2008 Financial Crisis,diagnose,The fail to manage risk was a factor of the financial crisis because banks and investors underestimated the dangers of mortgages and complex financial products. This led to widespread defaults and a collapse in confidence across global markets.,50.00,2,2026-02-02 17:34:43.933508+00
3cd80298-5b27-43a3-aba8-5f7dc151161e,pre,Q10_Open_Diagnose,"You were asked: Which statement about credit reports is FALSE? Options were A) Employers use them to screen applicants, B) They include a credit worthiness assessment, C) They are provided by a single source. You answered [student's answer] with high confidence, indicating you thought that statement was false. In 1-2 sentences, explain your reasoning.",Borrowing & Credit,Credit Reports,diagnose,"c ) They are provided by a single source as false because credit reports are compiled by multiple credit bureaus, not just one. Each bureau may have slightly different information depending on what lenders report to them.",50.00,3,2026-02-02 18:55:52.645903+00
3cd80298-5b27-43a3-aba8-5f7dc151161e,pre,Q36_Open_Confirm,"You were asked whether saving money in more than one place reduces the risk of losing everything. You answered ""True,"" which is correct. In 1-2 sentences, explain why spreading your savings across multiple places is safer.",Investment & Risk,Diversification Principle,confirm,"Spreading your savings across multiple places reduces risk because if one bank or account has a problem, you won’t lose all your money at once. Diversification helps protect your funds and ensures you still have access to some savings in an emergency.",50.00,2,2026-02-02 18:56:37.418486+00
3cf21f9c-5b32-446b-adae-2f240d3bfb22,pre,Q1_Open_Confirm,"You were asked: If you put $100 in a savings account at 2% annual interest, how much would you have after 5 years? You answered ""More than $102,"" which is correct. In 1-2 sentences, explain why the amount is more than $102.",Borrowing & Credit,Compound Interest,confirm,"The amount would be 110. 2% of $100 is $2, so after five years, the original amount would increase by $10.",50.00,2,2026-02-02 18:53:15.740955+00
3cf21f9c-5b32-446b-adae-2f240d3bfb22,pre,Q30_Open_Confirm,"You were asked whether high-return investments are likely to be high risk. You answered ""True,"" which is correct. In 1-2 sentences, explain why high returns are usually associated with high risk.",Investment & Risk,Risk-Return Tradeoff,confirm,"To get a high-return from an investment, you likely have to invest a high amount that could be lost.",50.00,1,2026-02-02 18:56:44.039411+00
3cf21f9c-5b32-446b-adae-2f240d3bfb22,pre,Q8_Open_Confirm,"You were asked what Jayden can negotiate when getting an auto loan. You answered ""both interest rate and down payment,"" which is correct. In 1-2 sentences, explain why it's possible to negotiate these terms.",Borrowing & Credit,Auto Loans,confirm,Both interest rate and down payment are based on the amount of risk the dealership is willing to take.,50.00,1,2026-02-02 18:55:36.218416+00
3d17e478-32fb-4a5c-8f21-b23d391c4fc6,pre,Q10_Open_Confirm,"You were asked which statement about credit reports is FALSE. You correctly identified that ""your credit report is provided by a single source"" is false. In 1-2 sentences, explain why this statement is false.",Borrowing & Credit,Credit Reports,confirm,"All of your purchases fall into your credit report and if you have purchases on different credit cards, it's not just one source.",50.00,3,2026-02-09 17:57:55.285864+00
3d17e478-32fb-4a5c-8f21-b23d391c4fc6,pre,Q11_Open_Confirm,"You were asked whether buying a single company's stock is safer than a stock mutual fund. You answered ""False,"" which is correct. In 1-2 sentences, explain why a mutual fund is generally safer than a single stock.",Risk Management,Diversification (Stock vs Fund),confirm,"I guessed, I dont know",50.00,3,2026-02-09 17:59:36.506541+00
3d17e478-32fb-4a5c-8f21-b23d391c4fc6,pre,Q36_Open_Diagnose,"You were asked: Is it less likely you'll lose all your money if you save it in more than one place? You answered ""False"" with high confidence. In 1-2 sentences, explain your reasoning for that answer.",Investment & Risk,Diversification Principle,diagnose,"If you save your money in more than one place, it's less likely that every place you put your money will be compromised. If you put all your money in one place, it's more at risk because if that one place is compromised, all of your money is more at risk.",50.00,3,2026-02-09 17:55:58.429355+00
3d6d1323-6ffa-46f3-b0a2-c8935a5028be,pre,Q12_Open_Confirm,"You were asked about the primary function of health insurance. You answered ""protect against large unexpected medical bills,"" which is correct. In 1-2 sentences, explain why this is the main purpose of health insurance.",Risk Management,Health Insurance Purpose,confirm,Aims to help those from financial burden of the large medical expenses. By pooling risks and sharing the cost it makes sure people can get healthcare when needed without having to face a large amount of debt.,50.00,2,2026-02-06 20:03:42.755742+00
3d6d1323-6ffa-46f3-b0a2-c8935a5028be,pre,Q14_Open_Confirm,"You were asked what happens to risk when an investor spreads money among different assets. You answered ""decreases,"" which is correct. In 1-2 sentences, explain why spreading investments reduces risk.",Risk Management,Diversification Principle,confirm,Because it adds more diversity to the portfolio. If one investment does badly the others can offset the loss. Which leads to a more stable comeback,50.00,2,2026-02-06 20:02:27.463693+00
42698dd9-671e-4819-bb95-514d6a25ca8c,pre,Q10_Open_Diagnose,"You were asked: Which statement about credit reports is FALSE? Options were A) Employers use them to screen applicants, B) They include a credit worthiness assessment, C) They are provided by a single source. You answered [student's answer] with high confidence, indicating you thought that statement was false. In 1-2 sentences, explain your reasoning.",Borrowing & Credit,Credit Reports,diagnose,C.,50.00,3,2026-02-04 15:58:18.186293+00
42698dd9-671e-4819-bb95-514d6a25ca8c,pre,Q37_Open_Diagnose,"You were asked: Which insurance protects you if you cause an accident that injures someone? Options were A) Health insurance, B) Homeowner's insurance, C) Auto liability coverage. You answered [student's answer] with high confidence. In 1-2 sentences, explain your reasoning for that answer.",Investment & Risk,Insurance Types,diagnose,A,50.00,2,2026-02-04 15:59:00.64884+00
4422d92d-3740-421a-aff6-ecf124e17901,pre,Q35_Open_Confirm,"You were asked whether opportunities to make a lot of money also come with chances to lose a lot. You answered ""True,"" which is correct. In 1-2 sentences, explain why high reward opportunities typically involve high risk.",Investment & Risk,Risk-Return Relationship,confirm,High reward opportunities Typically involve high risk because you have to put more money and faith into the opportunity rather than knowing you’re getting your money back and maybe more with low risk opportunities,50.00,2,2026-02-09 05:50:27.558108+00
446f144b-a9a1-4e69-ab98-4cf3c7cd23ac,pre,Q13_Open_Confirm,"You were asked what a home insurance deductible represents. You answered ""the amount you pay before insurance covers damages,"" which is correct. In 1-2 sentences, explain how a deductible works when you file a claim.",Risk Management,Insurance Deductible,confirm,When you file a claim you have to pay a certain amount until the company covers the rest if the claim gets approved.,50.00,2,2026-02-03 00:32:04.243973+00
446f144b-a9a1-4e69-ab98-4cf3c7cd23ac,pre,Q7_Open_Confirm,"You were asked which group has the greatest problem during high inflation. You answered ""retirees living on a fixed income,"" which is correct. In 1-2 sentences, explain why fixed-income retirees struggle most during inflation.",Borrowing & Credit,Inflation (Fixed Income),confirm,The retirees do not have a source of income so if prices rise they will struggle.,50.00,2,2026-02-03 00:29:33.36129+00
446f144b-a9a1-4e69-ab98-4cf3c7cd23ac,pre,Q8_Open_Confirm,"You were asked what Jayden can negotiate when getting an auto loan. You answered ""both interest rate and down payment,"" which is correct. In 1-2 sentences, explain why it's possible to negotiate these terms.",Borrowing & Credit,Auto Loans,confirm,It is possible because if someone does not get the deal they want they can go to another dealership so it gives customer ability to negotiate.,50.00,2,2026-02-03 00:30:44.991283+00
459e76e9-cf1f-414b-97c6-ae3edbaffa56,pre,Q12_Open_Diagnose,"You were asked: What is the primary function of health insurance? Options were A) Protect against large unexpected bills, B) Cover routine health care, C) Pay for elective procedures. You answered [student's answer] with high confidence. In 1-2 sentences, explain your reasoning for that answer.",Risk Management,Health Insurance Purpose,diagnose,B- the health insurance is to help cover the routine health care issues.,50.00,2,2026-02-09 04:41:49.434422+00
459e76e9-cf1f-414b-97c6-ae3edbaffa56,pre,Q5_Open_Confirm,"You were asked how much Lyle should have in emergency savings. You answered ""three or more months of living expenses,"" which is correct. In 1-2 sentences, explain why financial experts recommend this amount.",Borrowing & Credit,Emergency Fund,confirm,So if you lose your income you have have a few months to get back on track ,50.00,3,2026-02-09 04:42:51.166534+00
45d6bc88-47a3-4f76-b4c5-092c2b397141,pre,Q36_Open_Diagnose,"You were asked: Is it less likely you'll lose all your money if you save it in more than one place? You answered ""False"" with high confidence. In 1-2 sentences, explain your reasoning for that answer.",Investment & Risk,Diversification Principle,diagnose,"You are more likely to lose money keeping it all in one place because lets say it is an investment account, if your stocks are down and all your money is in that account, then you lose on all your money. ",50.00,2,2026-02-03 22:51:12.693612+00
45d6bc88-47a3-4f76-b4c5-092c2b397141,pre,Q5_Open_Diagnose,"You were asked: How much should Lyle have set aside for emergency savings? The options were A) $200 or so, B) One month's rent, C) Three or more months of expenses. You answered [student's answer] with high confidence. In 1-2 sentences, explain your reasoning for that answer.",Borrowing & Credit,Emergency Fund,diagnose,Three or more months expenses would be ideal as you do not know how long you could be living off savings for. ,50.00,2,2026-02-03 22:51:12.693612+00
45d6bc88-47a3-4f76-b4c5-092c2b397141,pre,Q7_Open_Diagnose,"You were asked: Which group would have the greatest problem during periods of high inflation? Options were A) Young working couples, B) Older working couples saving for retirement, C) Retirees on a fixed income. You answered [student's answer] with high confidence. In 1-2 sentences, explain your reasoning for that answer.",Borrowing & Credit,Inflation (Fixed Income),diagnose,I believe retirees on a fixed income may have the most difficult time as they cannot change their income. Working couples jobs may adjust to that. ,50.00,1,2026-02-03 22:51:12.693612+00
4751138d-3ff3-4089-af12-fc14abe867ca,pre,Q36_Open_Confirm,"You were asked whether saving money in more than one place reduces the risk of losing everything. You answered ""True,"" which is correct. In 1-2 sentences, explain why spreading your savings across multiple places is safer.",Investment & Risk,Diversification Principle,confirm,"It reduces risk because if one bank or investment fails, you won't lose all your money. This is a basic principle of diversification, protecting against a single point of failure.",50.00,1,2026-02-08 18:10:34.649657+00
4751138d-3ff3-4089-af12-fc14abe867ca,pre,Q4_Open_Diagnose,"You were asked: If you lend $25 to a friend and he gives you $25 back the next day, how much interest has he paid? The options were A) $25, B) $0. You answered ""$25"" with high confidence. In 1-2 sentences, explain your reasoning for that answer.",Borrowing & Credit,Borrowing/Interest,diagnose,"Interest is the extra money for borrowing , since he only returned exatly $25 , no extra money was paid and the interest is $0",50.00,2,2026-02-08 18:08:45.322432+00
4751138d-3ff3-4089-af12-fc14abe867ca,pre,Q6_Open_Confirm,"You were asked what happens when inflation is successfully lowered. You answered ""a slower increase in prices,"" which is correct. In 1-2 sentences, explain why lower inflation doesn't mean prices actually fall.",Borrowing & Credit,Inflation (Lowering),confirm,"Lower inflation means prices are still rising, just at a slower rate. For prices to actually fall, there would need to be deflation, which is different from lower inflation.\n\n",50.00,1,2026-02-08 18:10:03.693164+00
48b1075a-2e50-4a49-abac-805c65df4c42,pre,Q11_Open_Confirm,"You were asked whether buying a single company's stock is safer than a stock mutual fund. You answered ""False,"" which is correct. In 1-2 sentences, explain why a mutual fund is generally safer than a single stock.",Risk Management,Diversification (Stock vs Fund),confirm,Mutual fund is safer because a company's stock is very risky and we do not know how well that company will perform. ,50.00,2,2026-02-02 14:57:17.43911+00
48b1075a-2e50-4a49-abac-805c65df4c42,pre,Q5_Open_Diagnose,"You were asked: How much should Lyle have set aside for emergency savings? The options were A) $200 or so, B) One month's rent, C) Three or more months of expenses. You answered [student's answer] with high confidence. In 1-2 sentences, explain your reasoning for that answer.",Borrowing & Credit,Emergency Fund,diagnose,I think that having a little extra cash is safe enough in case of an emergency was to occur. ,50.00,1,2026-02-02 14:56:03.899033+00
48b1075a-2e50-4a49-abac-805c65df4c42,pre,Q7_Open_Diagnose,"You were asked: Which group would have the greatest problem during periods of high inflation? Options were A) Young working couples, B) Older working couples saving for retirement, C) Retirees on a fixed income. You answered [student's answer] with high confidence. In 1-2 sentences, explain your reasoning for that answer.",Borrowing & Credit,Inflation (Fixed Income),diagnose,I just feel confident that those fighting for money and are closer to retiring are the ones who are in more trouble.,50.00,2,2026-02-02 14:55:48.097536+00
49ce03e4-d33b-4363-8ee9-96176e3af057,pre,Q29_Open_Diagnose,"You were asked: If interest rates rise, what typically happens to bond prices? Options were A) They rise, B) They fall, C) They stay the same, D) No relationship. You answered [student's answer] with high confidence. In 1-2 sentences, explain your reasoning for that answer.",Investment & Risk,Interest Rates & Bonds,diagnose,Bond prices have a positive correltion with interest rates.,50.00,1,2026-02-06 17:05:33.128276+00
49ce03e4-d33b-4363-8ee9-96176e3af057,pre,Q3_Open_Diagnose,"You were asked: High inflation means that the cost of living is increasing rapidly. True or false? You answered ""False"" with high confidence. In 1-2 sentences, explain your reasoning for that answer.",Borrowing & Credit,Inflation,diagnose,High inflation causes an increase in prices. That means that average products would be more expensive meaning that the cos tof living would increase as well.,50.00,2,2026-02-06 17:05:02.721279+00
49ce03e4-d33b-4363-8ee9-96176e3af057,pre,Q8_Open_Confirm,"You were asked what Jayden can negotiate when getting an auto loan. You answered ""both interest rate and down payment,"" which is correct. In 1-2 sentences, explain why it's possible to negotiate these terms.",Borrowing & Credit,Auto Loans,confirm,"Becasue one determines the other, he can negotiate on ow much he wants to put down in cash, and therefore change the interest rate.",50.00,2,2026-02-06 17:06:04.231946+00
4aa78a28-a2e9-44f9-814f-60db75d0a26e,pre,Q10_Open_Diagnose,"You were asked: Which statement about credit reports is FALSE? Options were A) Employers use them to screen applicants, B) They include a credit worthiness assessment, C) They are provided by a single source. You answered [student's answer] with high confidence, indicating you thought that statement was false. In 1-2 sentences, explain your reasoning.",Borrowing & Credit,Credit Reports,diagnose,I made a guess. I do not know much about credit reports. ,50.00,2,2026-02-03 00:03:53.373981+00
4aa78a28-a2e9-44f9-814f-60db75d0a26e,pre,Q13_Open_Diagnose,"You were asked: What does a home insurance deductible represent? Options were A) Amount you pay before insurance covers damages, B) Monthly premium for coverage, C) Maximum amount insurance will pay. You answered [student's answer] with high confidence. In 1-2 sentences, explain your reasoning for that answer.",Risk Management,Insurance Deductible,diagnose,I am not sure. ,50.00,2,2026-02-03 00:04:52.318223+00
4aa78a28-a2e9-44f9-814f-60db75d0a26e,pre,Q39_Open_Diagnose,"You were asked: Are stocks generally riskier than bonds? You answered ""False"" with high confidence. In 1-2 sentences, explain your reasoning for that answer.",Investment & Risk,Stocks vs Bonds Risk,diagnose,"Bonds is more like a loan, while stocks are determined by whether a company is making enough revenue. ",50.00,2,2026-02-03 00:05:04.780763+00
4d1f1d3b-c028-4954-b14f-8b54d2c5d1f5,pre,Q29_Open_Diagnose,"You were asked: If interest rates rise, what typically happens to bond prices? Options were A) They rise, B) They fall, C) They stay the same, D) No relationship. You answered [student's answer] with high confidence. In 1-2 sentences, explain your reasoning for that answer.",Investment & Risk,Interest Rates & Bonds,diagnose,"You typically pay an interest rate on a bond. A bond has a relationship with interest rates, so if one goes up, so does the other.",50.00,3,2026-02-09 04:53:26.009841+00
4d1f1d3b-c028-4954-b14f-8b54d2c5d1f5,pre,Q40_Open_Diagnose,"You were asked: What was a key factor in the 2007-2008 financial crisis? Options were A) Strong regulation, B) Failure to manage risk, C) High savings rates, D) Low borrowing. You answered [student's answer] with high confidence. In 1-2 sentences, explain your reasoning for that answer.",Investment & Risk,2008 Financial Crisis,diagnose,"More and more people were being loaned money, knowing they couldnt pay it back. leading to a crash because there was no more money or jobs.",50.00,3,2026-02-09 04:54:21.326032+00
4d1f1d3b-c028-4954-b14f-8b54d2c5d1f5,pre,Q6_Open_Diagnose,"You were asked: A successful effort to lower inflation would likely be accompanied by which of the following? Options were A) A decrease in the general level of prices, B) A slower increase in prices, C) An increase in employment. You answered [student's answer] with high confidence. In 1-2 sentences, explain your reasoning for that answer.",Borrowing & Credit,Inflation (Lowering),diagnose,"inflation means the increase in the cost of living. One of those factors is, the general level of prices, if that decreases then inflation decreases as well",50.00,3,2026-02-09 04:52:53.483004+00
4d2ea53a-12e2-40b2-8e6a-4dff409decbb,pre,Q12_Open_Diagnose,"You were asked: What is the primary function of health insurance? Options were A) Protect against large unexpected bills, B) Cover routine health care, C) Pay for elective procedures. You answered [student's answer] with high confidence. In 1-2 sentences, explain your reasoning for that answer.",Risk Management,Health Insurance Purpose,diagnose,"I chose B because the question asked what the primary function of health insurance is, which is to cover routine health care. When you go to the hospital for a routine check-up, they ask about insurance. However, if there is an emergency, health insurance also covers huge medical bills. ",50.00,3,2026-02-06 00:15:17.81195+00
4d2ea53a-12e2-40b2-8e6a-4dff409decbb,pre,Q2_Open_Diagnose,"You were asked: A 15-year mortgage typically requires higher monthly payments than a 30-year mortgage, but the total interest paid over the life of the loan will be less. True or false? You answered ""False"" with high confidence. In 1-2 sentences, explain your reasoning for that answer.",Borrowing & Credit,Borrowing/Mortgages,diagnose,"I chose false because I figure that when someone chooses a 30-year mortgage there will be smaller payment amounts since it is spread over a longer amount of time. I think that when you pay higher amounts of money, you have the chance to slowly increase the interest.  ",50.00,3,2026-02-05 21:18:11.835806+00
4d2ea53a-12e2-40b2-8e6a-4dff409decbb,pre,Q5_Open_Diagnose,"You were asked: How much should Lyle have set aside for emergency savings? The options were A) $200 or so, B) One month's rent, C) Three or more months of expenses. You answered [student's answer] with high confidence. In 1-2 sentences, explain your reasoning for that answer.",Borrowing & Credit,Emergency Fund,diagnose,"I choose A because if you set aside more in your emergency savings, while you have more money, there's a chance that you could also be taking away from what you need in the present. By choosing $200 or so, you are pacing yourself to build a higher amount in case you have a habit to overspend. ",50.00,3,2026-02-05 21:21:06.761655+00
4ee899d5-6717-434d-a4e7-88e58da59aa5,pre,Q2_Open_Confirm,"You were asked whether a 15-year mortgage has higher monthly payments but lower total interest than a 30-year mortgage. You answered ""True,"" which is correct. In 1-2 sentences, explain why total interest is lower on the shorter mortgage.",Borrowing & Credit,Borrowing/Mortgages,confirm,It is lower because you are paying bavk your money in a shorter amount of time.,50.00,2,2026-02-07 21:30:22.963962+00
4ee899d5-6717-434d-a4e7-88e58da59aa5,pre,Q37_Open_Diagnose,"You were asked: Which insurance protects you if you cause an accident that injures someone? Options were A) Health insurance, B) Homeowner's insurance, C) Auto liability coverage. You answered [student's answer] with high confidence. In 1-2 sentences, explain your reasoning for that answer.",Investment & Risk,Insurance Types,diagnose,It would be auto liability insurance because options a and be cover when you are injured or when something is wrong with your home.,50.00,3,2026-02-07 21:28:04.301088+00
4ee899d5-6717-434d-a4e7-88e58da59aa5,pre,Q6_Open_Diagnose,"You were asked: A successful effort to lower inflation would likely be accompanied by which of the following? Options were A) A decrease in the general level of prices, B) A slower increase in prices, C) An increase in employment. You answered [student's answer] with high confidence. In 1-2 sentences, explain your reasoning for that answer.",Borrowing & Credit,Inflation (Lowering),diagnose,A slower increase in prices would be accpained by it because it causes stability.,50.00,2,2026-02-07 21:25:18.939309+00
5005c5c7-3527-4ce5-886f-8284c846de27,pre,Q30_Open_Diagnose,"You were asked: An investment with a high return is likely to be high risk. True or false? You answered ""False"" with high confidence. In 1-2 sentences, explain your reasoning for that answer.",Investment & Risk,Risk-Return Tradeoff,diagnose,"High return = reward high risk = high reward. For this to be efficient, it depends on the sector you invest in and how diversified you are. You are only at risk depending on how much research you do.",50.00,2,2026-02-02 22:14:32.495489+00
5005c5c7-3527-4ce5-886f-8284c846de27,pre,Q7_Open_Diagnose,"You were asked: Which group would have the greatest problem during periods of high inflation? Options were A) Young working couples, B) Older working couples saving for retirement, C) Retirees on a fixed income. You answered [student's answer] with high confidence. In 1-2 sentences, explain your reasoning for that answer.",Borrowing & Credit,Inflation (Fixed Income),diagnose,"Because the newer generation have a hard time saving, so the fact that their income is now going down in this market, it’s harder for them to grow their funds together, but if they have saving responsibility, they might make it",50.00,3,2026-02-02 22:13:25.241787+00
5005c5c7-3527-4ce5-886f-8284c846de27,pre,Q8_Open_Diagnose,"You were asked: What can Jayden likely negotiate with an auto loan lender? Options were A) Interest rate only, B) Down payment only, C) Both, D) Neither. You answered [student's answer] with high confidence. In 1-2 sentences, explain your reasoning for that answer.",Borrowing & Credit,Auto Loans,diagnose,"Both, because the whole point of a pitch is to get the best price for the best rate. But if I had to choose one, it would be interest rate. Never pay sticker",50.00,3,2026-02-02 22:14:09.522945+00
5069c5d0-7e37-4555-9d36-894bb245ba56,pre,Q12_Open_Diagnose,"You were asked: What is the primary function of health insurance? Options were A) Protect against large unexpected bills, B) Cover routine health care, C) Pay for elective procedures. You answered [student's answer] with high confidence. In 1-2 sentences, explain your reasoning for that answer.",Risk Management,Health Insurance Purpose,diagnose,A because the goal of it is to protect people from these unexpected bills,50.00,3,2026-02-08 04:54:02.139939+00
5069c5d0-7e37-4555-9d36-894bb245ba56,pre,Q36_Open_Diagnose,"You were asked: Is it less likely you'll lose all your money if you save it in more than one place? You answered ""False"" with high confidence. In 1-2 sentences, explain your reasoning for that answer.",Investment & Risk,Diversification Principle,diagnose,You have less risk when you diversify your money and where you keep your money.,50.00,3,2026-02-08 04:54:53.163655+00
5069c5d0-7e37-4555-9d36-894bb245ba56,pre,Q6_Open_Diagnose,"You were asked: A successful effort to lower inflation would likely be accompanied by which of the following? Options were A) A decrease in the general level of prices, B) A slower increase in prices, C) An increase in employment. You answered [student's answer] with high confidence. In 1-2 sentences, explain your reasoning for that answer.",Borrowing & Credit,Inflation (Lowering),diagnose,B because prices would likely increase slowly ,50.00,3,2026-02-08 04:50:26.780778+00
5111f967-baf9-4e62-8fd5-281977e8ba85,pre,Q29_Open_Diagnose,"You were asked: If interest rates rise, what typically happens to bond prices? Options were A) They rise, B) They fall, C) They stay the same, D) No relationship. You answered [student's answer] with high confidence. In 1-2 sentences, explain your reasoning for that answer.",Investment & Risk,Interest Rates & Bonds,diagnose,"My answer was probably no relationship  ... I don't remember why I answered with high confidence because I'm actually unsure about this question. I don't know the relationship between interest rates and bonds, but I have a feeling that the two are not connected.",50.00,2,2026-02-07 05:30:21.932666+00
51d276fd-9e24-4124-8c22-c45ccc10a1e0,pre,Q33_Open_Confirm,"You were asked: If 1,000 people each buy a lottery ticket with a 1% chance of winning, how many winners would you expect? You answered ""10,"" which is correct. In 1-2 sentences, explain how you calculated this.",Investment & Risk,Probability (% to Count),confirm,I did 1% multiplied by 1000 or .01 x 1000.,50.00,3,2026-02-09 00:33:30.365845+00
51d276fd-9e24-4124-8c22-c45ccc10a1e0,pre,Q40_Open_Confirm,"You were asked about a key factor in the 2007-2008 financial crisis. You answered ""widespread failure to properly assess and manage financial risk,"" which is correct. In 1-2 sentences, explain how poor risk management contributed to the crisis.",Investment & Risk,2008 Financial Crisis,confirm,Poor risk management contributed to the crisis because if you don't manage your financial risk you can lose a lot.,50.00,1,2026-02-09 00:32:31.023601+00
51d276fd-9e24-4124-8c22-c45ccc10a1e0,pre,Q8_Open_Confirm,"You were asked what Jayden can negotiate when getting an auto loan. You answered ""both interest rate and down payment,"" which is correct. In 1-2 sentences, explain why it's possible to negotiate these terms.",Borrowing & Credit,Auto Loans,confirm,It is possible to negotiate both these terms because the better credit score you have can lower interest rates and lower down payments.,50.00,1,2026-02-09 00:30:18.2466+00
521ec9e7-318b-4fa2-971e-07d09b0de9f6,pre,Q12_Open_Confirm,"You were asked about the primary function of health insurance. You answered ""protect against large unexpected medical bills,"" which is correct. In 1-2 sentences, explain why this is the main purpose of health insurance.",Risk Management,Health Insurance Purpose,confirm,"I am not fully confident in this answer, but because large medical bills can set someone back in so many ways, and medical bills are normally unable to be paid in full as they are in the normal americans salary, so if you get an unexpected expense this keeps you from having to refinance or take out loans or sell your things.",50.00,2,2026-02-09 03:51:16.394068+00
521ec9e7-318b-4fa2-971e-07d09b0de9f6,pre,Q36_Open_Diagnose,"You were asked: Is it less likely you'll lose all your money if you save it in more than one place? You answered ""False"" with high confidence. In 1-2 sentences, explain your reasoning for that answer.",Investment & Risk,Diversification Principle,diagnose,"I said this because if you have it in more then one place, if one of the invsetments, or places you put your money goes bad and you loose the money, you still have the other money that you invested. it is less of a risk for arguably somewhat less return, but worth it, so you dont loose all of your money if you invested it in the one place that fails",50.00,3,2026-02-09 03:49:06.129062+00
521ec9e7-318b-4fa2-971e-07d09b0de9f6,pre,Q3_Open_Confirm,"You were asked whether high inflation means the cost of living is increasing rapidly. You answered ""True,"" which is correct. In 1-2 sentences, explain what inflation means and how it affects everyday life.",Borrowing & Credit,Inflation,confirm,"Inflation means that the value of a dollar is going down, which can often means that prices are rising. It means that the money someone makes is less influential, or doesnt hold as much power becuase it isnt worth as much",50.00,3,2026-02-09 03:50:15.062853+00
545b4008-effe-4119-8288-543c76dab804,pre,Q39_Open_Diagnose,"You were asked: Are stocks generally riskier than bonds? You answered ""False"" with high confidence. In 1-2 sentences, explain your reasoning for that answer.",Investment & Risk,Stocks vs Bonds Risk,diagnose,I never learned about stocks and bonds ai I don’t know which one is riskier ,50.00,3,2026-02-07 19:37:29.444726+00
545b4008-effe-4119-8288-543c76dab804,pre,Q4_Open_Diagnose,"You were asked: If you lend $25 to a friend and he gives you $25 back the next day, how much interest has he paid? The options were A) $25, B) $0. You answered ""$25"" with high confidence. In 1-2 sentences, explain your reasoning for that answer.",Borrowing & Credit,Borrowing/Interest,diagnose,Apologized I believe that answer is not right. The answer is 0 because he does not have to pay anything anymore as he paid back the amount owed ,50.00,3,2026-02-07 19:36:55.840477+00
545b4008-effe-4119-8288-543c76dab804,pre,Q8_Open_Diagnose,"You were asked: What can Jayden likely negotiate with an auto loan lender? Options were A) Interest rate only, B) Down payment only, C) Both, D) Neither. You answered [student's answer] with high confidence. In 1-2 sentences, explain your reasoning for that answer.",Borrowing & Credit,Auto Loans,diagnose,My answer was I don’t know because I have not learned about I treat rates and down payments. ,50.00,3,2026-02-07 19:35:54.828542+00
558f7f83-2766-4939-97d0-bad69f77e368,pre,Q10_Open_Confirm,"You were asked which statement about credit reports is FALSE. You correctly identified that ""your credit report is provided by a single source"" is false. In 1-2 sentences, explain why this statement is false.",Borrowing & Credit,Credit Reports,confirm,This is false because your credit report is a summary of multiple sources ,50.00,2,2026-02-04 13:36:44.304154+00
558f7f83-2766-4939-97d0-bad69f77e368,pre,Q11_Open_Confirm,"You were asked whether buying a single company's stock is safer than a stock mutual fund. You answered ""False,"" which is correct. In 1-2 sentences, explain why a mutual fund is generally safer than a single stock.",Risk Management,Diversification (Stock vs Fund),confirm,A mutual fund is safer than a single stock because money is being spread out to different companies and you are not just relying on one company ,50.00,2,2026-02-04 13:37:24.438326+00
558f7f83-2766-4939-97d0-bad69f77e368,pre,Q13_Open_Confirm,"You were asked what a home insurance deductible represents. You answered ""the amount you pay before insurance covers damages,"" which is correct. In 1-2 sentences, explain how a deductible works when you file a claim.",Risk Management,Insurance Deductible,confirm,a deductible is an out-of-pocket amount you pay for a covered loss before the insurance company pays the rest of the claim,50.00,2,2026-02-04 13:39:31.591825+00
5668f3b9-ed61-48e3-88c5-24decc0fd241,pre,Q29_Open_Diagnose,"You were asked: If interest rates rise, what typically happens to bond prices? Options were A) They rise, B) They fall, C) They stay the same, D) No relationship. You answered [student's answer] with high confidence. In 1-2 sentences, explain your reasoning for that answer.",Investment & Risk,Interest Rates & Bonds,diagnose,They may likely rise or fall due to changing prices. ,50.00,1,2026-02-03 19:42:27.727913+00
5668f3b9-ed61-48e3-88c5-24decc0fd241,pre,Q5_Open_Diagnose,"You were asked: How much should Lyle have set aside for emergency savings? The options were A) $200 or so, B) One month's rent, C) Three or more months of expenses. You answered [student's answer] with high confidence. In 1-2 sentences, explain your reasoning for that answer.",Borrowing & Credit,Emergency Fund,diagnose,I said one months rent because it should be enough to get him by in an emergency. ,50.00,3,2026-02-03 19:42:27.727913+00
5668f3b9-ed61-48e3-88c5-24decc0fd241,pre,Q7_Open_Diagnose,"You were asked: Which group would have the greatest problem during periods of high inflation? Options were A) Young working couples, B) Older working couples saving for retirement, C) Retirees on a fixed income. You answered [student's answer] with high confidence. In 1-2 sentences, explain your reasoning for that answer.",Borrowing & Credit,Inflation (Fixed Income),diagnose,It could be any buy young couples likely have the most debt to pay off. It could also be Retirees with a fixed income because now they can't buy as much. ,50.00,2,2026-02-03 19:42:27.727913+00
5677dba4-fb8f-4117-a3a2-ea89f3215149,pre,Q10_Open_Diagnose,"You were asked: Which statement about credit reports is FALSE? Options were A) Employers use them to screen applicants, B) They include a credit worthiness assessment, C) They are provided by a single source. You answered [student's answer] with high confidence, indicating you thought that statement was false. In 1-2 sentences, explain your reasoning.",Borrowing & Credit,Credit Reports,diagnose,It's not showing me what I answered but I think statement A is false because an employer asking for a credit report is unnecessary. ,50.00,3,2026-02-08 02:05:25.660894+00
5677dba4-fb8f-4117-a3a2-ea89f3215149,pre,Q14_Open_Diagnose,"You were asked: When an investor spreads money among different assets, does the risk of losing money increase, decrease, or stay the same? You answered [student's answer] with high confidence. In 1-2 sentences, explain your reasoning for that answer.",Risk Management,Diversification Principle,diagnose,"If you spread your money across different assets, the likelihood of losing all of it is almost impossible but if it's in one spot, it's very much possible.",50.00,3,2026-02-08 02:07:03.260253+00
5677dba4-fb8f-4117-a3a2-ea89f3215149,pre,Q3_Open_Diagnose,"You were asked: High inflation means that the cost of living is increasing rapidly. True or false? You answered ""False"" with high confidence. In 1-2 sentences, explain your reasoning for that answer.",Borrowing & Credit,Inflation,diagnose,"Looking back, I would like to change my answer to true because high inflation = prices of goods increase which means higher price of living.",50.00,3,2026-02-08 02:03:27.809619+00
569112df-2f34-41f0-bd70-4f7f3dafb7a3,pre,Q1_Open_Confirm,"You were asked: If you put $100 in a savings account at 2% annual interest, how much would you have after 5 years? You answered ""More than $102,"" which is correct. In 1-2 sentences, explain why the amount is more than $102.",Borrowing & Credit,Compound Interest,confirm,It is more than $102 because as each year goes by your applying the 2%,50.00,2,2026-02-02 22:19:46.745352+00
569112df-2f34-41f0-bd70-4f7f3dafb7a3,pre,Q30_Open_Confirm,"You were asked whether high-return investments are likely to be high risk. You answered ""True,"" which is correct. In 1-2 sentences, explain why high returns are usually associated with high risk.",Investment & Risk,Risk-Return Tradeoff,confirm,They are associated because it Is also possible that you lose money on that investment. ,50.00,2,2026-02-02 22:22:57.214347+00
569112df-2f34-41f0-bd70-4f7f3dafb7a3,pre,Q7_Open_Confirm,"You were asked which group has the greatest problem during high inflation. You answered ""retirees living on a fixed income,"" which is correct. In 1-2 sentences, explain why fixed-income retirees struggle most during inflation.",Borrowing & Credit,Inflation (Fixed Income),confirm,"The amount of money they put away into retirement was based on the economy at that time. Meaning the fixed income was made based on the economy then without the idea that inflation could occur. As prices rise, the money they have will be used up faster, making them not live as comfortable as they thought they would. ",50.00,2,2026-02-02 22:13:41.314716+00
5797b094-be23-48fd-8d70-01c597fa12c6,pre,Q10_Open_Diagnose,"You were asked: Which statement about credit reports is FALSE? Options were A) Employers use them to screen applicants, B) They include a credit worthiness assessment, C) They are provided by a single source. You answered [student's answer] with high confidence, indicating you thought that statement was false. In 1-2 sentences, explain your reasoning.",Borrowing & Credit,Credit Reports,diagnose,what? I am confused...,50.00,3,2026-02-03 00:06:18.078717+00
5797b094-be23-48fd-8d70-01c597fa12c6,pre,Q29_Open_Diagnose,"You were asked: If interest rates rise, what typically happens to bond prices? Options were A) They rise, B) They fall, C) They stay the same, D) No relationship. You answered [student's answer] with high confidence. In 1-2 sentences, explain your reasoning for that answer.",Investment & Risk,Interest Rates & Bonds,diagnose,I am not seeing my answer to this question and therefore cannot answer. ,50.00,3,2026-02-03 00:06:47.631535+00
5797b094-be23-48fd-8d70-01c597fa12c6,pre,Q2_Open_Diagnose,"You were asked: A 15-year mortgage typically requires higher monthly payments than a 30-year mortgage, but the total interest paid over the life of the loan will be less. True or false? You answered ""False"" with high confidence. In 1-2 sentences, explain your reasoning for that answer.",Borrowing & Credit,Borrowing/Mortgages,diagnose,"Because you're still paying a lot of money for the mortgage, just in a shorter period of time. If anything, I would think that the interest would be higher. ",50.00,2,2026-02-03 00:04:48.413681+00
58036164-3106-4aa5-8473-ecbbe2a528da,pre,Q10_Open_Diagnose,"You were asked: Which statement about credit reports is FALSE? Options were A) Employers use them to screen applicants, B) They include a credit worthiness assessment, C) They are provided by a single source. You answered [student's answer] with high confidence, indicating you thought that statement was false. In 1-2 sentences, explain your reasoning.",Borrowing & Credit,Credit Reports,diagnose,"C is false because they are provided by a single source. Credit reports come from multiple credit bureaus, not just one.\n",50.00,3,2026-02-02 17:43:08.950754+00
58036164-3106-4aa5-8473-ecbbe2a528da,pre,Q29_Open_Diagnose,"You were asked: If interest rates rise, what typically happens to bond prices? Options were A) They rise, B) They fall, C) They stay the same, D) No relationship. You answered [student's answer] with high confidence. In 1-2 sentences, explain your reasoning for that answer.",Investment & Risk,Interest Rates & Bonds,diagnose,"The correct answer is B because when interest rates rise, newly issues bonds offer higher yields. Existing bonds with lower yields become less attractive, causing their prices to decrease to align with the markets new interest rate levels.",50.00,3,2026-02-02 17:44:22.900035+00
584793da-a389-4d66-9a01-a21dc79ef96a,pre,Q13_Open_Diagnose,"You were asked: What does a home insurance deductible represent? Options were A) Amount you pay before insurance covers damages, B) Monthly premium for coverage, C) Maximum amount insurance will pay. You answered [student's answer] with high confidence. In 1-2 sentences, explain your reasoning for that answer.",Risk Management,Insurance Deductible,diagnose,"Just using the vocabulary in \""home insurance deductible\"" makes me think that the deductible is what the insurance is able to cover, essentially what you can deduce or reduce from the original bill.",50.00,3,2026-02-08 21:52:57.354095+00
584793da-a389-4d66-9a01-a21dc79ef96a,pre,Q5_Open_Diagnose,"You were asked: How much should Lyle have set aside for emergency savings? The options were A) $200 or so, B) One month's rent, C) Three or more months of expenses. You answered [student's answer] with high confidence. In 1-2 sentences, explain your reasoning for that answer.",Borrowing & Credit,Emergency Fund,diagnose,"I should have put C. If Lyle has no problem paying bills, having at least three months of expenses ready to go is necessary in case of an emergency.",50.00,3,2026-02-08 21:49:56.966974+00
584793da-a389-4d66-9a01-a21dc79ef96a,pre,Q6_Open_Diagnose,"You were asked: A successful effort to lower inflation would likely be accompanied by which of the following? Options were A) A decrease in the general level of prices, B) A slower increase in prices, C) An increase in employment. You answered [student's answer] with high confidence. In 1-2 sentences, explain your reasoning for that answer.",Borrowing & Credit,Inflation (Lowering),diagnose,"An increase in employment decreases inflation because when there are more employees, the market is stimulated more which inflation down. ",50.00,3,2026-02-08 21:50:47.561445+00
585250a1-dfa5-488f-ab67-39d9a71e64d8,pre,Q36_Open_Diagnose,"You were asked: Is it less likely you'll lose all your money if you save it in more than one place? You answered ""False"" with high confidence. In 1-2 sentences, explain your reasoning for that answer.",Investment & Risk,Diversification Principle,diagnose,"if you have your money in more than one place, if one investment falls through, you are still held up by the others.",50.00,2,2026-02-02 17:12:41.648368+00
585250a1-dfa5-488f-ab67-39d9a71e64d8,pre,Q40_Open_Confirm,"You were asked about a key factor in the 2007-2008 financial crisis. You answered ""widespread failure to properly assess and manage financial risk,"" which is correct. In 1-2 sentences, explain how poor risk management contributed to the crisis.",Investment & Risk,2008 Financial Crisis,confirm,"People weren't aware, educated, or notified of the risks to the money they were giving or setting aside? I'm not sure",50.00,1,2026-02-02 17:13:26.544947+00
58b8cfb9-6c76-4bfd-a8cd-241f87fc1d4e,pre,Q12_Open_Confirm,"You were asked about the primary function of health insurance. You answered ""protect against large unexpected medical bills,"" which is correct. In 1-2 sentences, explain why this is the main purpose of health insurance.",Risk Management,Health Insurance Purpose,confirm,"Health insurance is here to cover us when we are in situations we never thought would happen. Depending on the situation or coverage, anything from a portion to the entire bill can be paid off.",50.00,3,2026-02-09 02:41:42.508479+00
58b8cfb9-6c76-4bfd-a8cd-241f87fc1d4e,pre,Q5_Open_Diagnose,"You were asked: How much should Lyle have set aside for emergency savings? The options were A) $200 or so, B) One month's rent, C) Three or more months of expenses. You answered [student's answer] with high confidence. In 1-2 sentences, explain your reasoning for that answer.",Borrowing & Credit,Emergency Fund,diagnose,"1 month's worth of money is a good emergency stash size. Incase anything sudden were to happen, I believe that 1 month is enough to get back on your feet.",50.00,2,2026-02-09 02:37:03.022218+00
58b8cfb9-6c76-4bfd-a8cd-241f87fc1d4e,pre,Q8_Open_Confirm,"You were asked what Jayden can negotiate when getting an auto loan. You answered ""both interest rate and down payment,"" which is correct. In 1-2 sentences, explain why it's possible to negotiate these terms.",Borrowing & Credit,Auto Loans,confirm,"Ultimately, it would depend on your credit. If credit is no issue, I see no issue being able to argue for a lower interest rate. With higher credit consumers, dealerships also urge for less money down so there is a potential to capture extra capital with installments.",50.00,3,2026-02-09 02:38:42.923058+00
59f360d6-f87b-4582-a997-8ab59a6b09ca,pre,Q2_Open_Diagnose,"You were asked: A 15-year mortgage typically requires higher monthly payments than a 30-year mortgage, but the total interest paid over the life of the loan will be less. True or false? You answered ""False"" with high confidence. In 1-2 sentences, explain your reasoning for that answer.",Borrowing & Credit,Borrowing/Mortgages,diagnose,Because less mortgage time means you a re paying higer intrest rate so you can pay off earlier. ,50.00,2,2026-02-09 05:26:39.817817+00
59f360d6-f87b-4582-a997-8ab59a6b09ca,pre,Q36_Open_Diagnose,"You were asked: Is it less likely you'll lose all your money if you save it in more than one place? You answered ""False"" with high confidence. In 1-2 sentences, explain your reasoning for that answer.",Investment & Risk,Diversification Principle,diagnose,I remember my finance teacher said its better to invest in multiple instead of one place becasue you have more chance ins succeeding in multile cracks of windowns than just one big window. ,50.00,3,2026-02-09 05:34:10.131115+00
59f360d6-f87b-4582-a997-8ab59a6b09ca,pre,Q5_Open_Diagnose,"You were asked: How much should Lyle have set aside for emergency savings? The options were A) $200 or so, B) One month's rent, C) Three or more months of expenses. You answered [student's answer] with high confidence. In 1-2 sentences, explain your reasoning for that answer.",Borrowing & Credit,Emergency Fund,diagnose,"I said i did not know, but most likely C, but i feel like it should be more . ",50.00,3,2026-02-09 05:33:13.99956+00
5ab0eb85-e7fd-47f9-af5f-b5394c0823c9,pre,Q31_Open_Confirm,"You were asked what the stock market does. You answered ""brings together buyers and sellers of stocks,"" which is correct. In 1-2 sentences, explain why this function is important.",Investment & Risk,Stock Market Function,confirm,"It allows a way for people to invest, sell, and potentially make money. It also allows companies to make money while selling. ",50.00,3,2026-02-08 03:02:39.088426+00
5ab0eb85-e7fd-47f9-af5f-b5394c0823c9,pre,Q40_Open_Confirm,"You were asked about a key factor in the 2007-2008 financial crisis. You answered ""widespread failure to properly assess and manage financial risk,"" which is correct. In 1-2 sentences, explain how poor risk management contributed to the crisis.",Investment & Risk,2008 Financial Crisis,confirm,Many people did not pay back loans and there were many high-risk mortgages. ,50.00,3,2026-02-08 03:04:09.920456+00
5ab0eb85-e7fd-47f9-af5f-b5394c0823c9,pre,Q9_Open_Confirm,"You were asked about the primary advantage of making a household budget. You answered ""ensures funds are available for bill paying and saving,"" which is correct. In 1-2 sentences, explain how a budget helps achieve this.",Borrowing & Credit,Budgeting,confirm,It makes sure that the household is not spending money on things that are not necessities. It provides an outline on what the household should be spending and on what.,50.00,3,2026-02-08 02:58:21.842894+00
5b8b3d98-7bad-482a-86cc-dc79cefba489,pre,Q10_Open_Confirm,"You were asked which statement about credit reports is FALSE. You correctly identified that ""your credit report is provided by a single source"" is false. In 1-2 sentences, explain why this statement is false.",Borrowing & Credit,Credit Reports,confirm,Your credit report is provided through different outlets to demonstrate your credit score and transactions for that specific period of time. ,50.00,1,2026-02-04 03:52:21.456774+00
5b8b3d98-7bad-482a-86cc-dc79cefba489,pre,Q14_Open_Confirm,"You were asked what happens to risk when an investor spreads money among different assets. You answered ""decreases,"" which is correct. In 1-2 sentences, explain why spreading investments reduces risk.",Risk Management,Diversification Principle,confirm,"Spreading investments reduces risk due to having different amounts of money stored in different accounts. If an account were to lose that money, one would still have money stored in other accounts to use at his/her leisure. ",50.00,2,2026-02-04 03:52:21.456774+00
5b8b3d98-7bad-482a-86cc-dc79cefba489,pre,Q1_Open_Confirm,"You were asked: If you put $100 in a savings account at 2% annual interest, how much would you have after 5 years? You answered ""More than $102,"" which is correct. In 1-2 sentences, explain why the amount is more than $102.",Borrowing & Credit,Compound Interest,confirm,"The annual interest adds onto the starting amount to grow it exponentially. This causes the starting amount to increase, making it more than $102.",50.00,2,2026-02-04 03:52:21.456774+00
5bc735fc-59eb-415d-a220-b296f64636b1,pre,Q10_Open_Diagnose,"You were asked: Which statement about credit reports is FALSE? Options were A) Employers use them to screen applicants, B) They include a credit worthiness assessment, C) They are provided by a single source. You answered [student's answer] with high confidence, indicating you thought that statement was false. In 1-2 sentences, explain your reasoning.",Borrowing & Credit,Credit Reports,diagnose,Employers do not use credit reports to screen applicants. Credit reports are a credit worthiness assessment.,50.00,3,2026-02-07 22:19:00.724587+00
5bc735fc-59eb-415d-a220-b296f64636b1,pre,Q36_Open_Diagnose,"You were asked: Is it less likely you'll lose all your money if you save it in more than one place? You answered ""False"" with high confidence. In 1-2 sentences, explain your reasoning for that answer.",Investment & Risk,Diversification Principle,diagnose,You are more likely to lose money because your investments are more volatile and not diversified.,50.00,3,2026-02-07 22:21:04.882412+00
5bc735fc-59eb-415d-a220-b296f64636b1,pre,Q6_Open_Diagnose,"You were asked: A successful effort to lower inflation would likely be accompanied by which of the following? Options were A) A decrease in the general level of prices, B) A slower increase in prices, C) An increase in employment. You answered [student's answer] with high confidence. In 1-2 sentences, explain your reasoning for that answer.",Borrowing & Credit,Inflation (Lowering),diagnose,Inflation and unemployment have an opposing relationship.,50.00,3,2026-02-07 22:19:43.519553+00
5ce638f7-533e-4388-97c9-8cfe07f8add6,pre,Q2_Open_Confirm,"You were asked whether a 15-year mortgage has higher monthly payments but lower total interest than a 30-year mortgage. You answered ""True,"" which is correct. In 1-2 sentences, explain why total interest is lower on the shorter mortgage.",Borrowing & Credit,Borrowing/Mortgages,confirm,i don't know ,50.00,1,2026-02-09 05:12:50.374307+00
5ce638f7-533e-4388-97c9-8cfe07f8add6,pre,Q30_Open_Confirm,"You were asked whether high-return investments are likely to be high risk. You answered ""True,"" which is correct. In 1-2 sentences, explain why high returns are usually associated with high risk.",Investment & Risk,Risk-Return Tradeoff,confirm,i don't know,50.00,1,2026-02-09 05:13:13.345888+00
5ce638f7-533e-4388-97c9-8cfe07f8add6,pre,Q7_Open_Confirm,"You were asked which group has the greatest problem during high inflation. You answered ""retirees living on a fixed income,"" which is correct. In 1-2 sentences, explain why fixed-income retirees struggle most during inflation.",Borrowing & Credit,Inflation (Fixed Income),confirm,i don't know,50.00,1,2026-02-09 05:13:01.622126+00
5d3b5641-3983-42f2-9369-4803b7ddd259,pre,Q2_Open_Diagnose,"You were asked: A 15-year mortgage typically requires higher monthly payments than a 30-year mortgage, but the total interest paid over the life of the loan will be less. True or false? You answered ""False"" with high confidence. In 1-2 sentences, explain your reasoning for that answer.",Borrowing & Credit,Borrowing/Mortgages,diagnose,"It all depends when the house was bought, what interest rates were at the time of purchase, the location, etc. ",50.00,3,2026-02-02 21:21:01.391158+00
5d3b5641-3983-42f2-9369-4803b7ddd259,pre,Q35_Open_Diagnose,"You were asked: If someone offers you the chance to make a lot of money, is there also likely a chance you could lose a lot? You answered ""False"" with high confidence. In 1-2 sentences, explain your reasoning for that answer.",Investment & Risk,Risk-Return Relationship,diagnose,Everything depends on the situation. If someone offers me a high paying job I am not going to lose money. ,50.00,3,2026-02-02 21:22:15.216107+00
5d3b5641-3983-42f2-9369-4803b7ddd259,pre,Q37_Open_Diagnose,"You were asked: Which insurance protects you if you cause an accident that injures someone? Options were A) Health insurance, B) Homeowner's insurance, C) Auto liability coverage. You answered [student's answer] with high confidence. In 1-2 sentences, explain your reasoning for that answer.",Investment & Risk,Insurance Types,diagnose,health insurance because it doesn't say anything about a car accident or anything about your home. ,50.00,3,2026-02-02 21:23:07.725352+00
5f1a2544-61cc-4b11-9ce9-d065582c66e7,pre,Q10_Open_Confirm,"You were asked which statement about credit reports is FALSE. You correctly identified that ""your credit report is provided by a single source"" is false. In 1-2 sentences, explain why this statement is false.",Borrowing & Credit,Credit Reports,confirm,"I am not completely sure, but I think that this statement is false because credit reports are not provided by a single source but by multiple credit bureaus.",50.00,1,2026-02-04 02:38:40.048109+00
5f1a2544-61cc-4b11-9ce9-d065582c66e7,pre,Q14_Open_Confirm,"You were asked what happens to risk when an investor spreads money among different assets. You answered ""decreases,"" which is correct. In 1-2 sentences, explain why spreading investments reduces risk.",Risk Management,Diversification Principle,confirm,"When a person spreads their money across different investments, they are less likely to lose everything if one investment does poorly. Other investments can help balance out the loss, making their overall risk lower.",50.00,2,2026-02-04 02:38:40.048109+00
5f1a2544-61cc-4b11-9ce9-d065582c66e7,pre,Q5_Open_Confirm,"You were asked how much Lyle should have in emergency savings. You answered ""three or more months of living expenses,"" which is correct. In 1-2 sentences, explain why financial experts recommend this amount.",Borrowing & Credit,Emergency Fund,confirm,Having three or more months of living expenses saved so individuals can cover essential bills if they lose their job or face an unexpected expense. This provides a financial safety net and reduces the need to rely on high debt during emergencies.,50.00,2,2026-02-04 02:38:40.048109+00
5f491013-b40c-4c75-beae-aee4583cf15d,pre,Q11_Open_Confirm,"You were asked whether buying a single company's stock is safer than a stock mutual fund. You answered ""False,"" which is correct. In 1-2 sentences, explain why a mutual fund is generally safer than a single stock.",Risk Management,Diversification (Stock vs Fund),confirm,"If you only buy a single company's stock, if that company goes bankrupt or if their stocks fall then there goes all your money. ",50.00,2,2026-02-07 23:12:55.253863+00
5f491013-b40c-4c75-beae-aee4583cf15d,pre,Q13_Open_Confirm,"You were asked what a home insurance deductible represents. You answered ""the amount you pay before insurance covers damages,"" which is correct. In 1-2 sentences, explain how a deductible works when you file a claim.",Risk Management,Insurance Deductible,confirm,When you file a claim a deductable is how much you pay before insurance covers a certain amount.,50.00,1,2026-02-07 23:13:37.402852+00
5f491013-b40c-4c75-beae-aee4583cf15d,pre,Q9_Open_Confirm,"You were asked about the primary advantage of making a household budget. You answered ""ensures funds are available for bill paying and saving,"" which is correct. In 1-2 sentences, explain how a budget helps achieve this.",Borrowing & Credit,Budgeting,confirm,A budget helps you make sure you have the funds needed to pay for bills and necessities.,50.00,2,2026-02-07 23:12:06.371092+00
603d17d9-7f2c-4b68-9119-7681c057f669,pre,Q37_Open_Confirm,"You were asked which insurance protects you if you cause an accident that injures someone. You answered ""auto insurance liability coverage,"" which is correct. In 1-2 sentences, explain what liability coverage does.",Investment & Risk,Insurance Types,confirm,Liability coverage prevents you from paying more than necessary if you injure someone.,50.00,1,2026-02-05 22:44:03.187819+00
603d17d9-7f2c-4b68-9119-7681c057f669,pre,Q5_Open_Confirm,"You were asked how much Lyle should have in emergency savings. You answered ""three or more months of living expenses,"" which is correct. In 1-2 sentences, explain why financial experts recommend this amount.",Borrowing & Credit,Emergency Fund,confirm,"I do not know for sure why, but I think that three or more months of living expenses should help prevent someone going into financial distress should those emergency savings need to be used.",50.00,2,2026-02-05 22:42:17.084208+00
6105131c-d35b-4af5-be58-6629689d8b09,pre,Q32_Open_Confirm,"You were asked which asset normally gives the highest return over a long time period like 10-20 years. You answered ""stocks,"" which is correct. In 1-2 sentences, explain why stocks tend to outperform savings accounts and bonds over long periods.",Investment & Risk,Long-Term Asset Returns,confirm,Because stocks are more volatile therefore are more risky so you can earn a lot more money but lose just as much. Also usually big companies always tend to have an upward trend in the long run no matter the circumstance at the given moment.,50.00,2,2026-02-04 01:34:02.425513+00
620914d6-026e-4184-a485-44186591f490,pre,Q13_Open_Confirm,"You were asked what a home insurance deductible represents. You answered ""the amount you pay before insurance covers damages,"" which is correct. In 1-2 sentences, explain how a deductible works when you file a claim.",Risk Management,Insurance Deductible,confirm,It depends on whether or not the claim is accepted. ,50.00,1,2026-02-08 08:19:46.440651+00
620914d6-026e-4184-a485-44186591f490,pre,Q29_Open_Confirm,"You were asked what happens to bond prices when interest rates rise. You answered ""they fall,"" which is correct. In 1-2 sentences, explain why bond prices fall when interest rates rise.",Investment & Risk,Interest Rates & Bonds,confirm,"When interest rates rise, the value and worth of the bond prices decrease. ",50.00,2,2026-02-08 08:20:32.278367+00
620914d6-026e-4184-a485-44186591f490,pre,Q31_Open_Confirm,"You were asked what the stock market does. You answered ""brings together buyers and sellers of stocks,"" which is correct. In 1-2 sentences, explain why this function is important.",Investment & Risk,Stock Market Function,confirm,It helps sellers see how much buyers are willing to buy and buyers can see how much sellers are willing to pay. It helps with supply and demand. ,50.00,2,2026-02-08 08:21:42.688397+00
628838e3-8c48-49e5-837b-96e5844081c4,pre,Q10_Open_Diagnose,"You were asked: Which statement about credit reports is FALSE? Options were A) Employers use them to screen applicants, B) They include a credit worthiness assessment, C) They are provided by a single source. You answered [student's answer] with high confidence, indicating you thought that statement was false. In 1-2 sentences, explain your reasoning.",Borrowing & Credit,Credit Reports,diagnose,"Option A is false because you don't need good credit to get a job, you need good credit for a loan, or being approved for an apartment. ",50.00,3,2026-02-08 01:06:41.583452+00
628838e3-8c48-49e5-837b-96e5844081c4,pre,Q13_Open_Confirm,"You were asked what a home insurance deductible represents. You answered ""the amount you pay before insurance covers damages,"" which is correct. In 1-2 sentences, explain how a deductible works when you file a claim.",Risk Management,Insurance Deductible,confirm,"Im not sure, I guessed for the answer.",50.00,1,2026-02-08 01:08:37.202484+00
628838e3-8c48-49e5-837b-96e5844081c4,pre,Q5_Open_Confirm,"You were asked how much Lyle should have in emergency savings. You answered ""three or more months of living expenses,"" which is correct. In 1-2 sentences, explain why financial experts recommend this amount.",Borrowing & Credit,Emergency Fund,confirm,"In the even Lyle cannot continue to get the steady income he is, the three or more months of living expenses can give him some time to figure out what to do.",50.00,3,2026-02-08 01:07:41.392853+00
62a63719-ca23-438a-8eb6-b2c738eabb5b,pre,Q14_Open_Confirm,"You were asked what happens to risk when an investor spreads money among different assets. You answered ""decreases,"" which is correct. In 1-2 sentences, explain why spreading investments reduces risk.",Risk Management,Diversification Principle,confirm,"more places means more opportunity to gain, fewer places mean less opportunity to gain and higher loss",50.00,1,2026-02-02 23:02:38.96968+00
62a63719-ca23-438a-8eb6-b2c738eabb5b,pre,Q2_Open_Confirm,"You were asked whether a 15-year mortgage has higher monthly payments but lower total interest than a 30-year mortgage. You answered ""True,"" which is correct. In 1-2 sentences, explain why total interest is lower on the shorter mortgage.",Borrowing & Credit,Borrowing/Mortgages,confirm,Interest is larger when it is over a longer period of time becuase that is more of a risk for a bank when it is a longer period of time.,50.00,2,2026-02-02 23:01:24.027871+00
62a63719-ca23-438a-8eb6-b2c738eabb5b,pre,Q7_Open_Confirm,"You were asked which group has the greatest problem during high inflation. You answered ""retirees living on a fixed income,"" which is correct. In 1-2 sentences, explain why fixed-income retirees struggle most during inflation.",Borrowing & Credit,Inflation (Fixed Income),confirm,"fixed income makes it harder to spend more on certain things, the fixed income is managed so it will last a period of time",50.00,1,2026-02-02 23:02:07.236204+00
63429226-206a-46b8-bb68-7590d46a7fa1,pre,Q2_Open_Diagnose,"You were asked: A 15-year mortgage typically requires higher monthly payments than a 30-year mortgage, but the total interest paid over the life of the loan will be less. True or false? You answered ""False"" with high confidence. In 1-2 sentences, explain your reasoning for that answer.",Borrowing & Credit,Borrowing/Mortgages,diagnose,"Im not sure what the interest rate is but depending on that, if you are paying something off over a longer period of time you will eventually pay more interest on it. 15 more years is a long time. ",50.00,2,2026-02-05 22:41:49.213717+00
63429226-206a-46b8-bb68-7590d46a7fa1,pre,Q6_Open_Diagnose,"You were asked: A successful effort to lower inflation would likely be accompanied by which of the following? Options were A) A decrease in the general level of prices, B) A slower increase in prices, C) An increase in employment. You answered [student's answer] with high confidence. In 1-2 sentences, explain your reasoning for that answer.",Borrowing & Credit,Inflation (Lowering),diagnose,Inflation is the value of money decreasing overt time. If the level of inflation decreased so should the prices of things because your money would have more purchasing power. ,50.00,2,2026-02-05 22:44:37.968921+00
63429226-206a-46b8-bb68-7590d46a7fa1,pre,Q7_Open_Diagnose,"You were asked: Which group would have the greatest problem during periods of high inflation? Options were A) Young working couples, B) Older working couples saving for retirement, C) Retirees on a fixed income. You answered [student's answer] with high confidence. In 1-2 sentences, explain your reasoning for that answer.",Borrowing & Credit,Inflation (Fixed Income),diagnose,I answered B because the older couple now is forced to put less into their retirement funds in order to keep up with the cost of living today. ,50.00,3,2026-02-05 22:43:39.409305+00
63e76e50-6abc-470c-92e4-56f31224131b,pre,Q2_Open_Diagnose,"You were asked: A 15-year mortgage typically requires higher monthly payments than a 30-year mortgage, but the total interest paid over the life of the loan will be less. True or false? You answered ""False"" with high confidence. In 1-2 sentences, explain your reasoning for that answer.",Borrowing & Credit,Borrowing/Mortgages,diagnose,I dont know,50.00,2,2026-02-06 17:42:03.785867+00
63e76e50-6abc-470c-92e4-56f31224131b,pre,Q30_Open_Diagnose,"You were asked: An investment with a high return is likely to be high risk. True or false? You answered ""False"" with high confidence. In 1-2 sentences, explain your reasoning for that answer.",Investment & Risk,Risk-Return Tradeoff,diagnose,I dont know!\n,50.00,3,2026-02-06 17:42:08.622919+00
63e76e50-6abc-470c-92e4-56f31224131b,pre,Q3_Open_Diagnose,"You were asked: High inflation means that the cost of living is increasing rapidly. True or false? You answered ""False"" with high confidence. In 1-2 sentences, explain your reasoning for that answer.",Borrowing & Credit,Inflation,diagnose,I don't know,50.00,3,2026-02-06 17:41:53.886521+00
64fbb57d-23dc-4cbe-94c0-542e7cf4d6c0,pre,Q10_Open_Diagnose,"You were asked: Which statement about credit reports is FALSE? Options were A) Employers use them to screen applicants, B) They include a credit worthiness assessment, C) They are provided by a single source. You answered [student's answer] with high confidence, indicating you thought that statement was false. In 1-2 sentences, explain your reasoning.",Borrowing & Credit,Credit Reports,diagnose,I think that theyre provided by a single source is false because you would need multiple reports to come to the conclusion of your credit report not just one single source.,50.00,3,2026-02-05 19:16:49.555251+00
64fbb57d-23dc-4cbe-94c0-542e7cf4d6c0,pre,Q14_Open_Diagnose,"You were asked: When an investor spreads money among different assets, does the risk of losing money increase, decrease, or stay the same? You answered [student's answer] with high confidence. In 1-2 sentences, explain your reasoning for that answer.",Risk Management,Diversification Principle,diagnose,I think it increases because they grow overtime and even if a few decreases the overall will still increase overtime.,50.00,3,2026-02-05 19:19:06.316969+00
64fbb57d-23dc-4cbe-94c0-542e7cf4d6c0,pre,Q5_Open_Diagnose,"You were asked: How much should Lyle have set aside for emergency savings? The options were A) $200 or so, B) One month's rent, C) Three or more months of expenses. You answered [student's answer] with high confidence. In 1-2 sentences, explain your reasoning for that answer.",Borrowing & Credit,Emergency Fund,diagnose,"I think one month's rent because three or more months is too much to save if his pay is low and 200 or so is not enough or literally anything importat, one month's rent is enough to cover major things.",50.00,3,2026-02-05 19:14:40.193745+00
67673222-2c64-4b53-9496-48a62adac615,pre,Q30_Open_Diagnose,"You were asked: An investment with a high return is likely to be high risk. True or false? You answered ""False"" with high confidence. In 1-2 sentences, explain your reasoning for that answer.",Investment & Risk,Risk-Return Tradeoff,diagnose,I guessed. I thought that because it said high return that it would be risky also when I think investment there is always a chance of losing money. ,50.00,1,2026-02-02 22:42:12.168649+00
67673222-2c64-4b53-9496-48a62adac615,pre,Q7_Open_Confirm,"You were asked which group has the greatest problem during high inflation. You answered ""retirees living on a fixed income,"" which is correct. In 1-2 sentences, explain why fixed-income retirees struggle most during inflation.",Borrowing & Credit,Inflation (Fixed Income),confirm,There income is fixed so it isn't changing with this inflation rates. ,50.00,1,2026-02-02 22:45:00.326013+00
67673222-2c64-4b53-9496-48a62adac615,pre,Q9_Open_Confirm,"You were asked about the primary advantage of making a household budget. You answered ""ensures funds are available for bill paying and saving,"" which is correct. In 1-2 sentences, explain how a budget helps achieve this.",Borrowing & Credit,Budgeting,confirm,It helps you by structuring your money in ways that maximize its uses.,50.00,1,2026-02-02 22:45:47.495869+00
68fde7ad-0e3b-49f4-84c5-838a1c478a99,pre,Q33_Open_Confirm,"You were asked: If 1,000 people each buy a lottery ticket with a 1% chance of winning, how many winners would you expect? You answered ""10,"" which is correct. In 1-2 sentences, explain how you calculated this.",Investment & Risk,Probability (% to Count),confirm,I calculated this by multiplying the total number of people by the chance of winning which equals to 10.,50.00,3,2026-02-06 19:20:05.565028+00
6931258e-da4c-4758-9899-25b065e2a556,pre,Q34_Open_Confirm,"You were asked whether spreading money among different assets increases, decreases, or maintains risk. You answered ""decreases,"" which is correct. In 1-2 sentences, explain why diversification reduces risk.",Investment & Risk,Diversification Effect,confirm,This is because diversification minimizes risks because you have multiple assets to fall back on. ,50.00,2,2026-02-02 20:46:46.751692+00
6931258e-da4c-4758-9899-25b065e2a556,pre,Q3_Open_Confirm,"You were asked whether high inflation means the cost of living is increasing rapidly. You answered ""True,"" which is correct. In 1-2 sentences, explain what inflation means and how it affects everyday life.",Borrowing & Credit,Inflation,confirm,"Inflation means that the costs of materialistic items are increasing, and this affects the cost of living. Inflation can affect the cost of items such as food, clothes, and living expenses, etc., which are basic necessities for living beings. ",50.00,2,2026-02-02 20:25:43.65948+00
6931258e-da4c-4758-9899-25b065e2a556,pre,Q40_Open_Confirm,"You were asked about a key factor in the 2007-2008 financial crisis. You answered ""widespread failure to properly assess and manage financial risk,"" which is correct. In 1-2 sentences, explain how poor risk management contributed to the crisis.",Investment & Risk,2008 Financial Crisis,confirm,I'm not sure I just guessed,50.00,1,2026-02-02 20:46:28.179433+00
6ae9a7ee-8ba5-4c6f-acec-01902d71179c,pre,Q36_Open_Diagnose,"You were asked: Is it less likely you'll lose all your money if you save it in more than one place? You answered ""False"" with high confidence. In 1-2 sentences, explain your reasoning for that answer.",Investment & Risk,Diversification Principle,diagnose,where you save it does not matter because you can earn interest but if you have more money in one account you will earn more interest.,50.00,2,2026-02-04 14:49:09.314255+00
6ae9a7ee-8ba5-4c6f-acec-01902d71179c,pre,Q5_Open_Diagnose,"You were asked: How much should Lyle have set aside for emergency savings? The options were A) $200 or so, B) One month's rent, C) Three or more months of expenses. You answered [student's answer] with high confidence. In 1-2 sentences, explain your reasoning for that answer.",Borrowing & Credit,Emergency Fund,diagnose,"$200, because you need to have some money incase a big things happens so you dont end up homeless or in a bad situation. its important to have a fall back plan.",50.00,2,2026-02-04 14:47:49.577693+00
6ae9a7ee-8ba5-4c6f-acec-01902d71179c,pre,Q7_Open_Diagnose,"You were asked: Which group would have the greatest problem during periods of high inflation? Options were A) Young working couples, B) Older working couples saving for retirement, C) Retirees on a fixed income. You answered [student's answer] with high confidence. In 1-2 sentences, explain your reasoning for that answer.",Borrowing & Credit,Inflation (Fixed Income),diagnose,"A, young couples because they are most likely earning less than the others so they are making less money so they cant buy as much. This also factors in saving for the future, if they have less money now they cant start to save for the future.",50.00,3,2026-02-04 14:46:41.807974+00
6b745fa5-9ae6-4fc7-a5b6-b5cd163949ac,pre,Q10_Open_Diagnose,"You were asked: Which statement about credit reports is FALSE? Options were A) Employers use them to screen applicants, B) They include a credit worthiness assessment, C) They are provided by a single source. You answered [student's answer] with high confidence, indicating you thought that statement was false. In 1-2 sentences, explain your reasoning.",Borrowing & Credit,Credit Reports,diagnose,I don't know.,50.00,1,2026-02-06 05:56:48.266581+00
6b745fa5-9ae6-4fc7-a5b6-b5cd163949ac,pre,Q7_Open_Diagnose,"You were asked: Which group would have the greatest problem during periods of high inflation? Options were A) Young working couples, B) Older working couples saving for retirement, C) Retirees on a fixed income. You answered [student's answer] with high confidence. In 1-2 sentences, explain your reasoning for that answer.",Borrowing & Credit,Inflation (Fixed Income),diagnose,"Older working couples getting hit with rampant inflation will effect them the most because they cannot change their response or circumvent, since this is what they have been waiting for for decades.",50.00,3,2026-02-06 05:55:27.815809+00
6b745fa5-9ae6-4fc7-a5b6-b5cd163949ac,pre,Q8_Open_Diagnose,"You were asked: What can Jayden likely negotiate with an auto loan lender? Options were A) Interest rate only, B) Down payment only, C) Both, D) Neither. You answered [student's answer] with high confidence. In 1-2 sentences, explain your reasoning for that answer.",Borrowing & Credit,Auto Loans,diagnose,"Interest rates cannot be negotiated because the Federal Reserve sets them at their discretion. A down payment however can be negotiated because its assessment is based on trustworthiness and perceived capability which can be impacted by bias or relationships, in this case a negotiation.",50.00,3,2026-02-06 05:57:00.819302+00
6d2a91bb-1f4e-4b84-adc3-24fda48d72b0,pre,Q6_Open_Diagnose,"You were asked: A successful effort to lower inflation would likely be accompanied by which of the following? Options were A) A decrease in the general level of prices, B) A slower increase in prices, C) An increase in employment. You answered [student's answer] with high confidence. In 1-2 sentences, explain your reasoning for that answer.",Borrowing & Credit,Inflation (Lowering),diagnose,"Lowering inflation decreases the price of goods and services, and choice A represents that. ",50.00,3,2026-02-02 22:22:39.905472+00
6d723f0b-190d-4a20-9cb9-87baa3952100,pre,Q38_Open_Diagnose,"You were asked: Which investment best protects purchasing power during sudden high inflation? Options were A) 10-year fixed bond, B) Bank CD, C) 25-year fixed mortgage (debt), D) House with fixed mortgage. You answered [student's answer] with high confidence. In 1-2 sentences, explain your reasoning for that answer.",Investment & Risk,Inflation Protection,diagnose,I would say a house with a fixed mortgage as rates go up during inflations so if your purchase holds out it will grow in value along with inflation.,50.00,2,2026-02-02 20:33:10.062701+00
6e050ffc-1f0b-4bc2-a42d-3ba20e89e2e9,pre,Q13_Open_Confirm,"You were asked what a home insurance deductible represents. You answered ""the amount you pay before insurance covers damages,"" which is correct. In 1-2 sentences, explain how a deductible works when you file a claim.",Risk Management,Insurance Deductible,confirm,"I believe that the deductible you pay goes into what insurance covers for you, so you do not have to fully cover the expense.",50.00,1,2026-02-02 16:16:40.01381+00
6e050ffc-1f0b-4bc2-a42d-3ba20e89e2e9,pre,Q38_Open_Diagnose,"You were asked: Which investment best protects purchasing power during sudden high inflation? Options were A) 10-year fixed bond, B) Bank CD, C) 25-year fixed mortgage (debt), D) House with fixed mortgage. You answered [student's answer] with high confidence. In 1-2 sentences, explain your reasoning for that answer.",Investment & Risk,Inflation Protection,diagnose,"I believe that a 25-year fixed mortgage would best protect purchasing power because a fixed rate of interest would insure that the amount that needs to be paid for interest doesn't increase over time, protecting against sudden increases in expenses for the homeowners.",50.00,2,2026-02-02 16:14:14.694527+00
6e050ffc-1f0b-4bc2-a42d-3ba20e89e2e9,pre,Q5_Open_Confirm,"You were asked how much Lyle should have in emergency savings. You answered ""three or more months of living expenses,"" which is correct. In 1-2 sentences, explain why financial experts recommend this amount.",Borrowing & Credit,Emergency Fund,confirm,"I think that saving this amount of money for emergency funds would be sufficient because in a worst-case scenario, Lyle would still be able to fully support himself without any income, giving him ample time to come up with a solution for the future.",50.00,2,2026-02-02 16:15:54.136072+00
6e7cf673-6133-43b3-a089-cd72e94ea07e,pre,Q10_Open_Diagnose,"You were asked: Which statement about credit reports is FALSE? Options were A) Employers use them to screen applicants, B) They include a credit worthiness assessment, C) They are provided by a single source. You answered [student's answer] with high confidence, indicating you thought that statement was false. In 1-2 sentences, explain your reasoning.",Borrowing & Credit,Credit Reports,diagnose,Employers typically don't go off credit reports for their hiring process. It's usually based off background checks on things like criminal history.,50.00,3,2026-02-02 21:22:44.222691+00
6e7cf673-6133-43b3-a089-cd72e94ea07e,pre,Q7_Open_Diagnose,"You were asked: Which group would have the greatest problem during periods of high inflation? Options were A) Young working couples, B) Older working couples saving for retirement, C) Retirees on a fixed income. You answered [student's answer] with high confidence. In 1-2 sentences, explain your reasoning for that answer.",Borrowing & Credit,Inflation (Fixed Income),diagnose,Older working couples saving for retirement would be affected because their savings / 401k would lose a lot of its values upfront.,50.00,3,2026-02-02 21:21:39.393965+00
6eb8d899-6204-49e0-9100-4e5dedecd77e,pre,Q13_Open_Confirm,"You were asked what a home insurance deductible represents. You answered ""the amount you pay before insurance covers damages,"" which is correct. In 1-2 sentences, explain how a deductible works when you file a claim.",Risk Management,Insurance Deductible,confirm,no idea,50.00,1,2026-02-04 16:21:14.216066+00
6eb8d899-6204-49e0-9100-4e5dedecd77e,pre,Q2_Open_Confirm,"You were asked whether a 15-year mortgage has higher monthly payments but lower total interest than a 30-year mortgage. You answered ""True,"" which is correct. In 1-2 sentences, explain why total interest is lower on the shorter mortgage.",Borrowing & Credit,Borrowing/Mortgages,confirm,because it has a shorter period to be collecting interest.,50.00,3,2026-02-04 16:20:18.53537+00
6eb8d899-6204-49e0-9100-4e5dedecd77e,pre,Q7_Open_Confirm,"You were asked which group has the greatest problem during high inflation. You answered ""retirees living on a fixed income,"" which is correct. In 1-2 sentences, explain why fixed-income retirees struggle most during inflation.",Borrowing & Credit,Inflation (Fixed Income),confirm,because their income doesn't increase with the economy and they have no way to make more money,50.00,3,2026-02-04 16:20:41.46978+00
6f9cad6b-c24e-4b29-874e-21425ef59b54,pre,Q2_Open_Confirm,"You were asked whether a 15-year mortgage has higher monthly payments but lower total interest than a 30-year mortgage. You answered ""True,"" which is correct. In 1-2 sentences, explain why total interest is lower on the shorter mortgage.",Borrowing & Credit,Borrowing/Mortgages,confirm,This is because although you are paying higher monethly you are paying off your debt quicker therefore the interest is being paid off quicker and doesnt keep stacking from month to month ,50.00,2,2026-02-04 20:51:22.065221+00
6f9cad6b-c24e-4b29-874e-21425ef59b54,pre,Q36_Open_Diagnose,"You were asked: Is it less likely you'll lose all your money if you save it in more than one place? You answered ""False"" with high confidence. In 1-2 sentences, explain your reasoning for that answer.",Investment & Risk,Diversification Principle,diagnose,i meant true i think. the more you diversify the safer your money will be. dont put all your eggs in one basket ,50.00,3,2026-02-04 20:44:53.109589+00
6f9cad6b-c24e-4b29-874e-21425ef59b54,pre,Q3_Open_Confirm,"You were asked whether high inflation means the cost of living is increasing rapidly. You answered ""True,"" which is correct. In 1-2 sentences, explain what inflation means and how it affects everyday life.",Borrowing & Credit,Inflation,confirm,cost of living is higher so your dollar is worth less. It makes everything more expesnie when you have the same amount of money so your purchasing power is less. ,50.00,2,2026-02-04 20:47:38.802257+00
70aacb70-0d1b-4063-a0ac-1c4ead9c0f3c,pre,Q12_Open_Diagnose,"You were asked: What is the primary function of health insurance? Options were A) Protect against large unexpected bills, B) Cover routine health care, C) Pay for elective procedures. You answered [student's answer] with high confidence. In 1-2 sentences, explain your reasoning for that answer.",Risk Management,Health Insurance Purpose,diagnose,B because I think health care only pays out the small things but not entirely sure . ,50.00,1,2026-02-09 05:45:45.685429+00
70aacb70-0d1b-4063-a0ac-1c4ead9c0f3c,pre,Q6_Open_Confirm,"You were asked what happens when inflation is successfully lowered. You answered ""a slower increase in prices,"" which is correct. In 1-2 sentences, explain why lower inflation doesn't mean prices actually fall.",Borrowing & Credit,Inflation (Lowering),confirm,because as we see still the buying power is not the same. We can not just print more bills and start lowering prices and markdowns right away or else it would actually drive inflation back up. So we steadily lower inflation drop prices to effectively reverse the effects of inflation. ,50.00,3,2026-02-09 05:46:43.785755+00
70aacb70-0d1b-4063-a0ac-1c4ead9c0f3c,pre,Q8_Open_Diagnose,"You were asked: What can Jayden likely negotiate with an auto loan lender? Options were A) Interest rate only, B) Down payment only, C) Both, D) Neither. You answered [student's answer] with high confidence. In 1-2 sentences, explain your reasoning for that answer.",Borrowing & Credit,Auto Loans,diagnose,C because you can search for outside lenders that will of lower APR for whatever the credit score is and you can negotiate the down payment based on the APR given to you. The lower the APR the lower the down payment. ,50.00,3,2026-02-09 05:44:36.189647+00
70f90f6c-45f8-4fb1-aef9-9420f9199988,pre,Q32_Open_Diagnose,"You were asked: Over a long time period (10-20 years), which asset normally gives the highest return? Options were A) Savings accounts, B) Bonds, C) Stocks. You answered [student's answer] with high confidence. In 1-2 sentences, explain your reasoning for that answer.",Investment & Risk,Long-Term Asset Returns,diagnose,"Although I gave a direct answer, all of these can earn more than the other depending on how much was invested",50.00,1,2026-02-09 23:44:51.647726+00
70f90f6c-45f8-4fb1-aef9-9420f9199988,pre,Q35_Open_Diagnose,"You were asked: If someone offers you the chance to make a lot of money, is there also likely a chance you could lose a lot? You answered ""False"" with high confidence. In 1-2 sentences, explain your reasoning for that answer.",Investment & Risk,Risk-Return Relationship,diagnose,"In most cases, the gain of money relies much on the principle of the investment. A large sum of money can earn more than a smaller sum, but whatever plan that the money is being invested in can fall through",50.00,1,2026-02-09 23:42:56.810958+00
70f90f6c-45f8-4fb1-aef9-9420f9199988,pre,Q36_Open_Confirm,"You were asked whether saving money in more than one place reduces the risk of losing everything. You answered ""True,"" which is correct. In 1-2 sentences, explain why spreading your savings across multiple places is safer.",Investment & Risk,Diversification Principle,confirm,"If all your money were to be saved in one place and that one place fell through with the inability to repay back what you put into it, all your money would be lost. Putting smaller sums of money into different pools leads to less risk because you only lose a smaller amount",50.00,2,2026-02-09 23:45:38.801752+00
719ebdc5-3c35-4dc9-80f9-8c928e75e2b8,pre,Q6_Open_Confirm,"You were asked what happens when inflation is successfully lowered. You answered ""a slower increase in prices,"" which is correct. In 1-2 sentences, explain why lower inflation doesn't mean prices actually fall.",Borrowing & Credit,Inflation (Lowering),confirm,"Lower inflation means prices are still going up, just not as fast. Prices only go down if inflation becomes negative.",50.00,1,2026-02-09 00:22:19.587799+00
71e3e451-ff06-4bed-bed9-79126e0db30d,pre,Q11_Open_Diagnose,"You were asked: Is buying a single company's stock usually safer than a stock mutual fund? True or false? You answered ""True"" with high confidence. In 1-2 sentences, explain your reasoning for that answer.",Risk Management,Diversification (Stock vs Fund),diagnose,idk,50.00,3,2026-02-04 03:32:10.636548+00
71e3e451-ff06-4bed-bed9-79126e0db30d,pre,Q6_Open_Diagnose,"You were asked: A successful effort to lower inflation would likely be accompanied by which of the following? Options were A) A decrease in the general level of prices, B) A slower increase in prices, C) An increase in employment. You answered [student's answer] with high confidence. In 1-2 sentences, explain your reasoning for that answer.",Borrowing & Credit,Inflation (Lowering),diagnose,i dont know,50.00,3,2026-02-04 03:32:10.636548+00
71e3e451-ff06-4bed-bed9-79126e0db30d,pre,Q7_Open_Diagnose,"You were asked: Which group would have the greatest problem during periods of high inflation? Options were A) Young working couples, B) Older working couples saving for retirement, C) Retirees on a fixed income. You answered [student's answer] with high confidence. In 1-2 sentences, explain your reasoning for that answer.",Borrowing & Credit,Inflation (Fixed Income),diagnose,Young working couples because employment is going down so its harder for them to keep a job. ,50.00,2,2026-02-04 03:32:10.636548+00
727cb05f-b987-47a9-a988-5d9c3f6f7c2c,pre,Q6_Open_Diagnose,"You were asked: A successful effort to lower inflation would likely be accompanied by which of the following? Options were A) A decrease in the general level of prices, B) A slower increase in prices, C) An increase in employment. You answered [student's answer] with high confidence. In 1-2 sentences, explain your reasoning for that answer.",Borrowing & Credit,Inflation (Lowering),diagnose,"Inflation causes prices to rise. When inflation decreases, prices will begin to decrease. ",50.00,3,2026-02-07 21:10:07.139653+00
729deb89-aa8b-4138-8737-0dd77fd4d869,pre,Q11_Open_Confirm,"You were asked whether buying a single company's stock is safer than a stock mutual fund. You answered ""False,"" which is correct. In 1-2 sentences, explain why a mutual fund is generally safer than a single stock.",Risk Management,Diversification (Stock vs Fund),confirm,"Mutual funds carry multiple companies, and they seem to be safer, but I do not know if they are safer.",50.00,2,2026-02-04 18:45:16.631149+00
72fbae24-2ab2-458d-b7ba-477c0588d2ea,pre,Q11_Open_Diagnose,"You were asked: Is buying a single company's stock usually safer than a stock mutual fund? True or false? You answered ""True"" with high confidence. In 1-2 sentences, explain your reasoning for that answer.",Risk Management,Diversification (Stock vs Fund),diagnose,Because investing in more than just a single company's stock means ur less likely to lose money.,50.00,2,2026-02-10 02:27:51.777504+00
72fbae24-2ab2-458d-b7ba-477c0588d2ea,pre,Q7_Open_Diagnose,"You were asked: Which group would have the greatest problem during periods of high inflation? Options were A) Young working couples, B) Older working couples saving for retirement, C) Retirees on a fixed income. You answered [student's answer] with high confidence. In 1-2 sentences, explain your reasoning for that answer.",Borrowing & Credit,Inflation (Fixed Income),diagnose,I was unsure of the answer,50.00,1,2026-02-10 02:26:47.724408+00
72fbae24-2ab2-458d-b7ba-477c0588d2ea,pre,Q8_Open_Diagnose,"You were asked: What can Jayden likely negotiate with an auto loan lender? Options were A) Interest rate only, B) Down payment only, C) Both, D) Neither. You answered [student's answer] with high confidence. In 1-2 sentences, explain your reasoning for that answer.",Borrowing & Credit,Auto Loans,diagnose,I do not know the answer,50.00,1,2026-02-10 02:27:14.7598+00
73036eb3-c02b-41f1-807c-913674020e87,pre,Q12_Open_Diagnose,"You were asked: What is the primary function of health insurance? Options were A) Protect against large unexpected bills, B) Cover routine health care, C) Pay for elective procedures. You answered [student's answer] with high confidence. In 1-2 sentences, explain your reasoning for that answer.",Risk Management,Health Insurance Purpose,diagnose,B. thats what ive heard it does,50.00,2,2026-02-09 00:28:01.684356+00
73036eb3-c02b-41f1-807c-913674020e87,pre,Q6_Open_Diagnose,"You were asked: A successful effort to lower inflation would likely be accompanied by which of the following? Options were A) A decrease in the general level of prices, B) A slower increase in prices, C) An increase in employment. You answered [student's answer] with high confidence. In 1-2 sentences, explain your reasoning for that answer.",Borrowing & Credit,Inflation (Lowering),diagnose,A. idk,50.00,2,2026-02-09 00:27:49.700782+00
73036eb3-c02b-41f1-807c-913674020e87,pre,Q7_Open_Diagnose,"You were asked: Which group would have the greatest problem during periods of high inflation? Options were A) Young working couples, B) Older working couples saving for retirement, C) Retirees on a fixed income. You answered [student's answer] with high confidence. In 1-2 sentences, explain your reasoning for that answer.",Borrowing & Credit,Inflation (Fixed Income),diagnose,A. Becuase they don't have anything saved yet. ,50.00,1,2026-02-09 00:27:14.291468+00
74385ed3-dc76-4fbd-a61b-f6f98fb17787,pre,Q10_Open_Diagnose,"You were asked: Which statement about credit reports is FALSE? Options were A) Employers use them to screen applicants, B) They include a credit worthiness assessment, C) They are provided by a single source. You answered [student's answer] with high confidence, indicating you thought that statement was false. In 1-2 sentences, explain your reasoning.",Borrowing & Credit,Credit Reports,diagnose,I realized my answer is incorrect. The answer is C) because multiple sources report your credit score and sometimes they can differ.,50.00,2,2026-02-06 14:43:10.498213+00
74385ed3-dc76-4fbd-a61b-f6f98fb17787,pre,Q13_Open_Confirm,"You were asked what a home insurance deductible represents. You answered ""the amount you pay before insurance covers damages,"" which is correct. In 1-2 sentences, explain how a deductible works when you file a claim.",Risk Management,Insurance Deductible,confirm,The deuctible represents how much you pay out of pocket before insurance.,50.00,2,2026-02-06 14:47:57.902568+00
74ec2928-b0b3-4c0f-a748-69e40329f906,pre,Q11_Open_Confirm,"You were asked whether buying a single company's stock is safer than a stock mutual fund. You answered ""False,"" which is correct. In 1-2 sentences, explain why a mutual fund is generally safer than a single stock.",Risk Management,Diversification (Stock vs Fund),confirm,"A mutual fund is safer because it spreads money across many different companies, which lowers risk. If one company does poorly, the others can help balance it out.",50.00,2,2026-02-06 23:11:54.335024+00
74ec2928-b0b3-4c0f-a748-69e40329f906,pre,Q2_Open_Confirm,"You were asked whether a 15-year mortgage has higher monthly payments but lower total interest than a 30-year mortgage. You answered ""True,"" which is correct. In 1-2 sentences, explain why total interest is lower on the shorter mortgage.",Borrowing & Credit,Borrowing/Mortgages,confirm,"A 15-year mortgage has lower total interest because you pay it off in less time, so interest doesn't add up as much. You are borrowing the money for fewer years.",50.00,2,2026-02-06 23:07:02.103035+00
74ec2928-b0b3-4c0f-a748-69e40329f906,pre,Q5_Open_Confirm,"You were asked how much Lyle should have in emergency savings. You answered ""three or more months of living expenses,"" which is correct. In 1-2 sentences, explain why financial experts recommend this amount.",Borrowing & Credit,Emergency Fund,confirm,Financial experts recommend saving three or more months of expenses so people can cover their basic needs if they lose their job or face an emergency. This helps prevent going into debt during unexpected situations.,50.00,2,2026-02-06 23:09:38.41593+00
757c53cb-67d6-4562-bf31-88836867567c,pre,Q14_Open_Confirm,"You were asked what happens to risk when an investor spreads money among different assets. You answered ""decreases,"" which is correct. In 1-2 sentences, explain why spreading investments reduces risk.",Risk Management,Diversification Principle,confirm,Because it is less likely for all of those things to fail,50.00,1,2026-02-07 20:40:32.027977+00
757c53cb-67d6-4562-bf31-88836867567c,pre,Q2_Open_Confirm,"You were asked whether a 15-year mortgage has higher monthly payments but lower total interest than a 30-year mortgage. You answered ""True,"" which is correct. In 1-2 sentences, explain why total interest is lower on the shorter mortgage.",Borrowing & Credit,Borrowing/Mortgages,confirm,Because you are paying in less amount of time.,50.00,1,2026-02-07 20:39:59.801938+00
757c53cb-67d6-4562-bf31-88836867567c,pre,Q3_Open_Confirm,"You were asked whether high inflation means the cost of living is increasing rapidly. You answered ""True,"" which is correct. In 1-2 sentences, explain what inflation means and how it affects everyday life.",Borrowing & Credit,Inflation,confirm,Inflation means like when the average price of things goes up.,50.00,1,2026-02-07 20:39:39.551934+00
770d19b0-4bc7-4855-984f-bae1dc873fd1,pre,Q13_Open_Diagnose,"You were asked: What does a home insurance deductible represent? Options were A) Amount you pay before insurance covers damages, B) Monthly premium for coverage, C) Maximum amount insurance will pay. You answered [student's answer] with high confidence. In 1-2 sentences, explain your reasoning for that answer.",Risk Management,Insurance Deductible,diagnose,"A, I have no clue",50.00,1,2026-02-03 06:25:41.976481+00
770d19b0-4bc7-4855-984f-bae1dc873fd1,pre,Q29_Open_Confirm,"You were asked what happens to bond prices when interest rates rise. You answered ""they fall,"" which is correct. In 1-2 sentences, explain why bond prices fall when interest rates rise.",Investment & Risk,Interest Rates & Bonds,confirm,The rise in interest rates is always related to a decrease in borrowing and spending power so inflation lowers and bonds become cheaper,50.00,2,2026-02-03 06:25:41.976481+00
770d19b0-4bc7-4855-984f-bae1dc873fd1,pre,Q6_Open_Diagnose,"You were asked: A successful effort to lower inflation would likely be accompanied by which of the following? Options were A) A decrease in the general level of prices, B) A slower increase in prices, C) An increase in employment. You answered [student's answer] with high confidence. In 1-2 sentences, explain your reasoning for that answer.",Borrowing & Credit,Inflation (Lowering),diagnose,"A, because inflation is related to the money out in the world, so decreasing prices would decrease the need for more money",50.00,2,2026-02-03 06:25:41.976481+00
7735b4d7-4223-4bb8-a0bc-a5cc62172eb6,pre,Q13_Open_Confirm,"You were asked what a home insurance deductible represents. You answered ""the amount you pay before insurance covers damages,"" which is correct. In 1-2 sentences, explain how a deductible works when you file a claim.",Risk Management,Insurance Deductible,confirm,no,50.00,3,2026-02-08 22:45:39.300846+00
7735b4d7-4223-4bb8-a0bc-a5cc62172eb6,pre,Q36_Open_Diagnose,"You were asked: Is it less likely you'll lose all your money if you save it in more than one place? You answered ""False"" with high confidence. In 1-2 sentences, explain your reasoning for that answer.",Investment & Risk,Diversification Principle,diagnose,no,50.00,3,2026-02-08 22:45:35.508352+00
77bb71c3-a6fa-4859-bfe6-5c347de7b05a,pre,Q14_Open_Confirm,"You were asked what happens to risk when an investor spreads money among different assets. You answered ""decreases,"" which is correct. In 1-2 sentences, explain why spreading investments reduces risk.",Risk Management,Diversification Principle,confirm,"Spreading investments reduces risk because you are putting smaller amounts of money into different investments so if one does badly, you aren't completely losing out. ",50.00,3,2026-02-03 22:27:35.671225+00
77bb71c3-a6fa-4859-bfe6-5c347de7b05a,pre,Q2_Open_Diagnose,"You were asked: A 15-year mortgage typically requires higher monthly payments than a 30-year mortgage, but the total interest paid over the life of the loan will be less. True or false? You answered ""False"" with high confidence. In 1-2 sentences, explain your reasoning for that answer.",Borrowing & Credit,Borrowing/Mortgages,diagnose,I said false because since it is a 15 year mortgage the interest rate could still be very high. ,50.00,1,2026-02-03 22:27:35.671225+00
77bb71c3-a6fa-4859-bfe6-5c347de7b05a,pre,Q7_Open_Diagnose,"You were asked: Which group would have the greatest problem during periods of high inflation? Options were A) Young working couples, B) Older working couples saving for retirement, C) Retirees on a fixed income. You answered [student's answer] with high confidence. In 1-2 sentences, explain your reasoning for that answer.",Borrowing & Credit,Inflation (Fixed Income),diagnose,I said older couples because it can be harder for them to save for retirement since the cost of living is so high. ,50.00,2,2026-02-03 22:27:35.671225+00
781623da-499a-468b-8e55-b246cd762816,pre,Q12_Open_Diagnose,"You were asked: What is the primary function of health insurance? Options were A) Protect against large unexpected bills, B) Cover routine health care, C) Pay for elective procedures. You answered [student's answer] with high confidence. In 1-2 sentences, explain your reasoning for that answer.",Risk Management,Health Insurance Purpose,diagnose,Unexpected bills are more unlikely than routine health needs. Routine health care is more consistently needed than elective procedures.,50.00,3,2026-02-05 23:01:52.12512+00
7ab4bc47-5335-4cbc-a20c-95e901e3e1ba,pre,Q1_Open_Diagnose,"You were asked: If you put $100 in a savings account at 2% annual interest, how much would you have after 5 years? The options were: A) More than $102, B) Exactly $102, C) Less than $102. You answered [student's answer] with high confidence. In 1-2 sentences, explain your reasoning for that answer.",Borrowing & Credit,Compound Interest,diagnose,"I would say option A which is  more than $102 because the 2% interest combines together each year, so the account earns interest on both the original $100 and the interest accumulated in the previous years. in 5 years this compounding makes the total balance slightly higher than the original $102.",50.00,2,2026-02-09 04:05:03.572145+00
7ae9f021-410c-4fca-8bf5-b5012d4f8845,pre,Q2_Open_Confirm,"You were asked whether a 15-year mortgage has higher monthly payments but lower total interest than a 30-year mortgage. You answered ""True,"" which is correct. In 1-2 sentences, explain why total interest is lower on the shorter mortgage.",Borrowing & Credit,Borrowing/Mortgages,confirm,Since it is a longer time period it will build more interest and the sum of that will be higher than the 15 year mortgage. ,50.00,1,2026-02-06 15:56:15.206133+00
7ae9f021-410c-4fca-8bf5-b5012d4f8845,pre,Q34_Open_Confirm,"You were asked whether spreading money among different assets increases, decreases, or maintains risk. You answered ""decreases,"" which is correct. In 1-2 sentences, explain why diversification reduces risk.",Investment & Risk,Diversification Effect,confirm,"Instead of relying on one asset if you spread them out, you will lose less money because you aren’t just throwing a big sum of money into one. If you spread that same amount then the chance you lose the same amount as the one you put in one is low ",50.00,1,2026-02-06 15:56:58.77493+00
7b35287d-3cb8-4f2a-9096-68ef8a6abf1c,pre,Q2_Open_Diagnose,"You were asked: A 15-year mortgage typically requires higher monthly payments than a 30-year mortgage, but the total interest paid over the life of the loan will be less. True or false? You answered ""False"" with high confidence. In 1-2 sentences, explain your reasoning for that answer.",Borrowing & Credit,Borrowing/Mortgages,diagnose,"Since interest only covers over a certain period of time, and if that period of time is extended, it'll cause longer interest paid overtime. In addition, the payments will reduce just extended all together. ",50.00,3,2026-02-08 17:14:49.533346+00
7c434bfd-d71e-44e6-a734-a2b3d175a0b6,pre,Q12_Open_Diagnose,"You were asked: What is the primary function of health insurance? Options were A) Protect against large unexpected bills, B) Cover routine health care, C) Pay for elective procedures. You answered [student's answer] with high confidence. In 1-2 sentences, explain your reasoning for that answer.",Risk Management,Health Insurance Purpose,diagnose,"Routine health care, as when you get into accidents they do not fully cover all expenses, or usually will increase the insurance cost. ",50.00,2,2026-02-04 16:04:42.974752+00
7c434bfd-d71e-44e6-a734-a2b3d175a0b6,pre,Q7_Open_Diagnose,"You were asked: Which group would have the greatest problem during periods of high inflation? Options were A) Young working couples, B) Older working couples saving for retirement, C) Retirees on a fixed income. You answered [student's answer] with high confidence. In 1-2 sentences, explain your reasoning for that answer.",Borrowing & Credit,Inflation (Fixed Income),diagnose,"I don't really know. But I would say the youngest working couples, as they have a whole life to live compared to older people and retirees on fixed income. As they currently have to make their life money. The older generation had their time to make money. I'm not really sure.",50.00,1,2026-02-04 16:03:15.997892+00
7c434bfd-d71e-44e6-a734-a2b3d175a0b6,pre,Q8_Open_Diagnose,"You were asked: What can Jayden likely negotiate with an auto loan lender? Options were A) Interest rate only, B) Down payment only, C) Both, D) Neither. You answered [student's answer] with high confidence. In 1-2 sentences, explain your reasoning for that answer.",Borrowing & Credit,Auto Loans,diagnose,"I said both because when purchasing anything, anything is negotiable, that is how I was raised.",50.00,3,2026-02-04 16:04:24.736175+00
7cf0a027-c7de-4405-92d2-fa489ce473c7,pre,Q10_Open_Diagnose,"You were asked: Which statement about credit reports is FALSE? Options were A) Employers use them to screen applicants, B) They include a credit worthiness assessment, C) They are provided by a single source. You answered [student's answer] with high confidence, indicating you thought that statement was false. In 1-2 sentences, explain your reasoning.",Borrowing & Credit,Credit Reports,diagnose,the answer is C because credit reports come from multiple bureaus.,50.00,3,2026-02-07 20:02:37.689849+00
7cf0a027-c7de-4405-92d2-fa489ce473c7,pre,Q13_Open_Diagnose,"You were asked: What does a home insurance deductible represent? Options were A) Amount you pay before insurance covers damages, B) Monthly premium for coverage, C) Maximum amount insurance will pay. You answered [student's answer] with high confidence. In 1-2 sentences, explain your reasoning for that answer.",Risk Management,Insurance Deductible,diagnose,i aaid b but the answer is C it is the most the insurance will pay ,50.00,3,2026-02-07 20:04:31.210078+00
7cf0a027-c7de-4405-92d2-fa489ce473c7,pre,Q6_Open_Diagnose,"You were asked: A successful effort to lower inflation would likely be accompanied by which of the following? Options were A) A decrease in the general level of prices, B) A slower increase in prices, C) An increase in employment. You answered [student's answer] with high confidence. In 1-2 sentences, explain your reasoning for that answer.",Borrowing & Credit,Inflation (Lowering),diagnose,"I said A because if prices went down so would the cost of living, making it more manageable for Americans to live.",50.00,3,2026-02-07 20:03:41.736905+00
7d6611bc-558b-46aa-b392-078207538d5d,pre,Q11_Open_Confirm,"You were asked whether buying a single company's stock is safer than a stock mutual fund. You answered ""False,"" which is correct. In 1-2 sentences, explain why a mutual fund is generally safer than a single stock.",Risk Management,Diversification (Stock vs Fund),confirm,If one were to invest in just a single company's stock you are more likely to lose more money. While a mutual fund allows you to have money in different stocks causing you to lose less money. ,50.00,2,2026-02-08 05:32:18.165136+00
7d6611bc-558b-46aa-b392-078207538d5d,pre,Q7_Open_Confirm,"You were asked which group has the greatest problem during high inflation. You answered ""retirees living on a fixed income,"" which is correct. In 1-2 sentences, explain why fixed-income retirees struggle most during inflation.",Borrowing & Credit,Inflation (Fixed Income),confirm,If inflation is high that means prices will continue to increase. If retirees are living on a fixed income they will have a harder time providing for themselves. ,50.00,2,2026-02-08 05:24:53.984734+00
7d6611bc-558b-46aa-b392-078207538d5d,pre,Q8_Open_Confirm,"You were asked what Jayden can negotiate when getting an auto loan. You answered ""both interest rate and down payment,"" which is correct. In 1-2 sentences, explain why it's possible to negotiate these terms.",Borrowing & Credit,Auto Loans,confirm,When getting an auto loan you can negotiate both interest rate and down payment from credit card score. Not sure what else can be used to negotiate interest and down payment. ,50.00,1,2026-02-08 05:26:57.86582+00
7e4b07d1-bbfe-4eb9-a3b5-51a767810144,pre,Q40_Open_Diagnose,"You were asked: What was a key factor in the 2007-2008 financial crisis? Options were A) Strong regulation, B) Failure to manage risk, C) High savings rates, D) Low borrowing. You answered [student's answer] with high confidence. In 1-2 sentences, explain your reasoning for that answer.",Investment & Risk,2008 Financial Crisis,diagnose,I am not sure.  ,50.00,2,2026-02-02 16:38:41.894845+00
7e4b07d1-bbfe-4eb9-a3b5-51a767810144,pre,Q8_Open_Diagnose,"You were asked: What can Jayden likely negotiate with an auto loan lender? Options were A) Interest rate only, B) Down payment only, C) Both, D) Neither. You answered [student's answer] with high confidence. In 1-2 sentences, explain your reasoning for that answer.",Borrowing & Credit,Auto Loans,diagnose,I have seen car commercials where they emphasize choosing your monthly down payment and interest rate.,50.00,2,2026-02-02 16:38:19.187245+00
7ed01f64-2ca3-4d5a-82a0-c18784783fb5,pre,Q11_Open_Diagnose,"You were asked: Is buying a single company's stock usually safer than a stock mutual fund? True or false? You answered ""True"" with high confidence. In 1-2 sentences, explain your reasoning for that answer.",Risk Management,Diversification (Stock vs Fund),diagnose,"I'm not too sure what the difference is between a single stock and a stock mutual fund, this was mostly a guess. ",50.00,2,2026-02-06 00:29:56.579161+00
7ed01f64-2ca3-4d5a-82a0-c18784783fb5,pre,Q3_Open_Diagnose,"You were asked: High inflation means that the cost of living is increasing rapidly. True or false? You answered ""False"" with high confidence. In 1-2 sentences, explain your reasoning for that answer.",Borrowing & Credit,Inflation,diagnose,"I wouldn't say that inflation is a rapid increase in prices. Inflation is generally an ongoing rise in prices, so the change comes from the amount of time that passes, not short-term.",50.00,2,2026-02-06 00:29:01.003467+00
7ed01f64-2ca3-4d5a-82a0-c18784783fb5,pre,Q7_Open_Confirm,"You were asked which group has the greatest problem during high inflation. You answered ""retirees living on a fixed income,"" which is correct. In 1-2 sentences, explain why fixed-income retirees struggle most during inflation.",Borrowing & Credit,Inflation (Fixed Income),confirm,"During high inflation, the value of the dollar decreases. If you have a FIXED income, that means your employer will not adjust your income to account for inflation. So technically, the value of your income will lower because the value of the dollar lowers while your income stays fixed. ",50.00,3,2026-02-06 00:30:31.597889+00
7f44a541-9958-4091-b102-f675f6d28d77,pre,Q10_Open_Confirm,"You were asked which statement about credit reports is FALSE. You correctly identified that ""your credit report is provided by a single source"" is false. In 1-2 sentences, explain why this statement is false.",Borrowing & Credit,Credit Reports,confirm,I chose this answer because it made more sense to me than the other two. ,50.00,2,2026-02-02 20:39:12.728178+00
7f44a541-9958-4091-b102-f675f6d28d77,pre,Q1_Open_Diagnose,"You were asked: If you put $100 in a savings account at 2% annual interest, how much would you have after 5 years? The options were: A) More than $102, B) Exactly $102, C) Less than $102. You answered [student's answer] with high confidence. In 1-2 sentences, explain your reasoning for that answer.",Borrowing & Credit,Compound Interest,diagnose,Less than 102 dollars because if you have a 2% annual interest rate that means that every year the bank that your money is in takes 2% of your money. ,50.00,2,2026-02-02 20:37:55.444856+00
7f44a541-9958-4091-b102-f675f6d28d77,pre,Q31_Open_Confirm,"You were asked what the stock market does. You answered ""brings together buyers and sellers of stocks,"" which is correct. In 1-2 sentences, explain why this function is important.",Investment & Risk,Stock Market Function,confirm,This function is important because the market needs both buyers and sellers to function. ,50.00,2,2026-02-02 20:40:14.974719+00
80567348-6448-497d-b573-8758a4ba2bc6,pre,Q29_Open_Confirm,"You were asked what happens to bond prices when interest rates rise. You answered ""they fall,"" which is correct. In 1-2 sentences, explain why bond prices fall when interest rates rise.",Investment & Risk,Interest Rates & Bonds,confirm,I just thought when one rises the other falls.\n,50.00,1,2026-02-05 03:32:31.372431+00
80bed8ff-ce45-4ad1-a684-6e6529c0a184,pre,Q36_Open_Diagnose,"You were asked: Is it less likely you'll lose all your money if you save it in more than one place? You answered ""False"" with high confidence. In 1-2 sentences, explain your reasoning for that answer.",Investment & Risk,Diversification Principle,diagnose,"Diversifying your portfolio allows some stock to fall while others rise, spreading out the risk rather than if you put all of your eggs in one basket.",50.00,3,2026-02-04 18:41:50.24706+00
80bed8ff-ce45-4ad1-a684-6e6529c0a184,pre,Q7_Open_Diagnose,"You were asked: Which group would have the greatest problem during periods of high inflation? Options were A) Young working couples, B) Older working couples saving for retirement, C) Retirees on a fixed income. You answered [student's answer] with high confidence. In 1-2 sentences, explain your reasoning for that answer.",Borrowing & Credit,Inflation (Fixed Income),diagnose,"Younger people have less experience in the market to have invested or made money to live off of during inflation. When it comes, the jobs they are already working have to support that, or else they cannot live better.",50.00,3,2026-02-04 18:40:25.822577+00
80ff32c3-e2c2-4cfe-a334-4c7fe9887351,pre,Q40_Open_Confirm,"You were asked about a key factor in the 2007-2008 financial crisis. You answered ""widespread failure to properly assess and manage financial risk,"" which is correct. In 1-2 sentences, explain how poor risk management contributed to the crisis.",Investment & Risk,2008 Financial Crisis,confirm,"Poor risk management contributed to the crisis because they did not really take into account what could happen, what I mean is that they did not have a back up plan.",50.00,2,2026-02-07 19:10:47.486712+00
81516684-0699-49ab-a352-13f306fb4f22,pre,Q38_Open_Diagnose,"You were asked: Which investment best protects purchasing power during sudden high inflation? Options were A) 10-year fixed bond, B) Bank CD, C) 25-year fixed mortgage (debt), D) House with fixed mortgage. You answered [student's answer] with high confidence. In 1-2 sentences, explain your reasoning for that answer.",Investment & Risk,Inflation Protection,diagnose,"I said a 10 year fixed bond due to the word fixed signifying to me that the inflation will not affect it. It also most closely relates to purchasing power, while the others related more to the asset of the house.",50.00,2,2026-02-02 22:06:35.847447+00
81516684-0699-49ab-a352-13f306fb4f22,pre,Q40_Open_Confirm,"You were asked about a key factor in the 2007-2008 financial crisis. You answered ""widespread failure to properly assess and manage financial risk,"" which is correct. In 1-2 sentences, explain how poor risk management contributed to the crisis.",Investment & Risk,2008 Financial Crisis,confirm,I'm not entirely certain but I believe there was something related to mortgages in which individuals underestimated some sort of risk. They might have overspent and the system may have crashed.,50.00,1,2026-02-02 22:08:48.720415+00
816e188b-19c7-4a52-bd0a-bb7d4c31252a,pre,Q13_Open_Diagnose,"You were asked: What does a home insurance deductible represent? Options were A) Amount you pay before insurance covers damages, B) Monthly premium for coverage, C) Maximum amount insurance will pay. You answered [student's answer] with high confidence. In 1-2 sentences, explain your reasoning for that answer.",Risk Management,Insurance Deductible,diagnose,I do not know. ,50.00,1,2026-02-09 04:08:13.164014+00
816e188b-19c7-4a52-bd0a-bb7d4c31252a,pre,Q29_Open_Diagnose,"You were asked: If interest rates rise, what typically happens to bond prices? Options were A) They rise, B) They fall, C) They stay the same, D) No relationship. You answered [student's answer] with high confidence. In 1-2 sentences, explain your reasoning for that answer.",Investment & Risk,Interest Rates & Bonds,diagnose,I do not know.,50.00,1,2026-02-09 04:08:27.998159+00
816e188b-19c7-4a52-bd0a-bb7d4c31252a,pre,Q40_Open_Confirm,"You were asked about a key factor in the 2007-2008 financial crisis. You answered ""widespread failure to properly assess and manage financial risk,"" which is correct. In 1-2 sentences, explain how poor risk management contributed to the crisis.",Investment & Risk,2008 Financial Crisis,confirm,I briefly learned about it and remember the topic of loans and issues with limited research occurring on financial decisions with housing.,50.00,2,2026-02-09 04:08:41.163719+00
8273542e-ccf7-4ae8-8dc2-0af788cfaefe,pre,Q11_Open_Confirm,"You were asked whether buying a single company's stock is safer than a stock mutual fund. You answered ""False,"" which is correct. In 1-2 sentences, explain why a mutual fund is generally safer than a single stock.",Risk Management,Diversification (Stock vs Fund),confirm,Because you do not need to buy stocks individually and take that big sacrifice,50.00,2,2026-02-09 01:13:19.34599+00
8273542e-ccf7-4ae8-8dc2-0af788cfaefe,pre,Q13_Open_Confirm,"You were asked what a home insurance deductible represents. You answered ""the amount you pay before insurance covers damages,"" which is correct. In 1-2 sentences, explain how a deductible works when you file a claim.",Risk Management,Insurance Deductible,confirm,deductible is subtracted from the total loss before the insurance company actually pays its share ,50.00,1,2026-02-09 01:15:44.121784+00
82c4ade8-77b1-4b8e-b07b-b42f07b59ab4,pre,Q31_Open_Diagnose,"You were asked: What does the stock market do? Options were A) Results in gains for investors, B) Guarantees investors a profit, C) Brings buyers and sellers together. You answered [student's answer] with high confidence. In 1-2 sentences, explain your reasoning for that answer.",Investment & Risk,Stock Market Function,diagnose,I dont remember my answer as it wont tell me so I cannot answer this question effectively,50.00,3,2026-02-03 00:22:37.899443+00
82c4ade8-77b1-4b8e-b07b-b42f07b59ab4,pre,Q36_Open_Diagnose,"You were asked: Is it less likely you'll lose all your money if you save it in more than one place? You answered ""False"" with high confidence. In 1-2 sentences, explain your reasoning for that answer.",Investment & Risk,Diversification Principle,diagnose,I misread the question. When you diversify you run the risk of losing less,50.00,3,2026-02-03 00:21:35.014147+00
82c4ade8-77b1-4b8e-b07b-b42f07b59ab4,pre,Q38_Open_Diagnose,"You were asked: Which investment best protects purchasing power during sudden high inflation? Options were A) 10-year fixed bond, B) Bank CD, C) 25-year fixed mortgage (debt), D) House with fixed mortgage. You answered [student's answer] with high confidence. In 1-2 sentences, explain your reasoning for that answer.",Investment & Risk,Inflation Protection,diagnose,Again I do not remember my choice for this question so it is hard to give a correct answer that will make sense,50.00,3,2026-02-03 00:22:58.903982+00
831ac03c-436a-465c-8827-7d3607990e05,pre,Q11_Open_Confirm,"You were asked whether buying a single company's stock is safer than a stock mutual fund. You answered ""False,"" which is correct. In 1-2 sentences, explain why a mutual fund is generally safer than a single stock.",Risk Management,Diversification (Stock vs Fund),confirm,Again I was not too sure about my answer. So I just decided to choose what felt right.,50.00,1,2026-02-08 18:42:53.779625+00
831ac03c-436a-465c-8827-7d3607990e05,pre,Q14_Open_Confirm,"You were asked what happens to risk when an investor spreads money among different assets. You answered ""decreases,"" which is correct. In 1-2 sentences, explain why spreading investments reduces risk.",Risk Management,Diversification Principle,confirm,Again not too sure and took a guess.,50.00,1,2026-02-08 18:43:19.966791+00
831ac03c-436a-465c-8827-7d3607990e05,pre,Q7_Open_Confirm,"You were asked which group has the greatest problem during high inflation. You answered ""retirees living on a fixed income,"" which is correct. In 1-2 sentences, explain why fixed-income retirees struggle most during inflation.",Borrowing & Credit,Inflation (Fixed Income),confirm,Im honestly not too sure. I took a good guess.,50.00,1,2026-02-08 18:42:26.237235+00
8472f57f-6183-45ea-a2c5-4856249334db,pre,Q38_Open_Confirm,"You were asked which investment best protects purchasing power during sudden high inflation. You answered ""a house financed with a fixed-rate mortgage,"" which is correct. In 1-2 sentences, explain why this protects against inflation.",Investment & Risk,Inflation Protection,confirm,"Since inflation and fixed payments move in opposite directions, so if one increases the other will decrease. ",50.00,3,2026-02-02 21:17:02.286357+00
84d27552-7239-4478-aa80-2eb3c45d2cb5,pre,Q13_Open_Diagnose,"You were asked: What does a home insurance deductible represent? Options were A) Amount you pay before insurance covers damages, B) Monthly premium for coverage, C) Maximum amount insurance will pay. You answered [student's answer] with high confidence. In 1-2 sentences, explain your reasoning for that answer.",Risk Management,Insurance Deductible,diagnose,I said i dont know,50.00,3,2026-02-03 21:57:05.558256+00
84d27552-7239-4478-aa80-2eb3c45d2cb5,pre,Q29_Open_Diagnose,"You were asked: If interest rates rise, what typically happens to bond prices? Options were A) They rise, B) They fall, C) They stay the same, D) No relationship. You answered [student's answer] with high confidence. In 1-2 sentences, explain your reasoning for that answer.",Investment & Risk,Interest Rates & Bonds,diagnose,I said i dont know.,50.00,3,2026-02-03 21:57:05.558256+00
84d27552-7239-4478-aa80-2eb3c45d2cb5,pre,Q5_Open_Diagnose,"You were asked: How much should Lyle have set aside for emergency savings? The options were A) $200 or so, B) One month's rent, C) Three or more months of expenses. You answered [student's answer] with high confidence. In 1-2 sentences, explain your reasoning for that answer.",Borrowing & Credit,Emergency Fund,diagnose,"if lyle makes a lot of money, he should save more because he has more to save. The amount you save should be based on your income",50.00,3,2026-02-03 21:57:05.558256+00
850cb6bc-efc9-46ae-a431-c9296f30f4e4,pre,Q35_Open_Confirm,"You were asked whether opportunities to make a lot of money also come with chances to lose a lot. You answered ""True,"" which is correct. In 1-2 sentences, explain why high reward opportunities typically involve high risk.",Investment & Risk,Risk-Return Relationship,confirm,"High reward opportunities usually involve high risk because it's usually something quick and easy, and not everything comes easy in life. These high reward opportunities are something that happen for a short period time in comparison to something that is steady and grows overtime. ",50.00,2,2026-02-09 02:43:08.571855+00
850cb6bc-efc9-46ae-a431-c9296f30f4e4,pre,Q36_Open_Diagnose,"You were asked: Is it less likely you'll lose all your money if you save it in more than one place? You answered ""False"" with high confidence. In 1-2 sentences, explain your reasoning for that answer.",Investment & Risk,Diversification Principle,diagnose,"If there is money saved in multiple places then there will at least be some money saved, in comparison to you saving your money in one place, then all the money that is svaed in that one place is gone forever.",50.00,2,2026-02-09 02:41:34.186395+00
850cb6bc-efc9-46ae-a431-c9296f30f4e4,pre,Q37_Open_Confirm,"You were asked which insurance protects you if you cause an accident that injures someone. You answered ""auto insurance liability coverage,"" which is correct. In 1-2 sentences, explain what liability coverage does.",Investment & Risk,Insurance Types,confirm,"Liability coverage covers for anything that involves accidents that injures someone since it's likely for when your driving around in a car, where there are many risks of hurting others around you if you are driving dangerously. ",50.00,2,2026-02-09 02:45:01.693761+00
853aa454-c31a-4e53-aba4-40b39ca1135a,pre,Q36_Open_Diagnose,"You were asked: Is it less likely you'll lose all your money if you save it in more than one place? You answered ""False"" with high confidence. In 1-2 sentences, explain your reasoning for that answer.",Investment & Risk,Diversification Principle,diagnose,Spreading your savings across different accounts allows your money to adjust to different markets avoiding risks.,50.00,3,2026-02-02 14:16:27.633137+00
853aa454-c31a-4e53-aba4-40b39ca1135a,pre,Q9_Open_Diagnose,"You were asked: What is the primary advantage of making a household budget? Options were A) Ensures funds for bills and saving, B) Reduces your taxes, C) Increases investment returns. You answered [student's answer] with high confidence. In 1-2 sentences, explain your reasoning for that answer.",Borrowing & Credit,Budgeting,diagnose,A) Allows a safety net to fall back on preventing interest rates and adjusting a steady income.,50.00,2,2026-02-02 14:15:18.855164+00
86096049-8a07-4cdf-805c-da175599878d,pre,Q29_Open_Diagnose,"You were asked: If interest rates rise, what typically happens to bond prices? Options were A) They rise, B) They fall, C) They stay the same, D) No relationship. You answered [student's answer] with high confidence. In 1-2 sentences, explain your reasoning for that answer.",Investment & Risk,Interest Rates & Bonds,diagnose,Because Trump said buy,50.00,3,2026-02-06 03:35:07.023527+00
864e0d80-d065-4c26-9cb8-57c157cfb01b,pre,Q11_Open_Confirm,"You were asked whether buying a single company's stock is safer than a stock mutual fund. You answered ""False,"" which is correct. In 1-2 sentences, explain why a mutual fund is generally safer than a single stock.",Risk Management,Diversification (Stock vs Fund),confirm,Its safer because your money is spread out more instead of concentrated in one place so there is less risk of losing it all in one go. ,50.00,2,2026-02-10 00:26:31.479126+00
864e0d80-d065-4c26-9cb8-57c157cfb01b,pre,Q13_Open_Confirm,"You were asked what a home insurance deductible represents. You answered ""the amount you pay before insurance covers damages,"" which is correct. In 1-2 sentences, explain how a deductible works when you file a claim.",Risk Management,Insurance Deductible,confirm,A deductable is the amount you cover yourself before insurance kicks in. ,50.00,2,2026-02-10 00:28:26.759728+00
864e0d80-d065-4c26-9cb8-57c157cfb01b,pre,Q33_Open_Confirm,"You were asked: If 1,000 people each buy a lottery ticket with a 1% chance of winning, how many winners would you expect? You answered ""10,"" which is correct. In 1-2 sentences, explain how you calculated this.",Investment & Risk,Probability (% to Count),confirm,0.01x1000=10,50.00,2,2026-02-10 00:29:09.017329+00
8667745a-9882-486c-b697-6ac653348c47,pre,Q12_Open_Diagnose,"You were asked: What is the primary function of health insurance? Options were A) Protect against large unexpected bills, B) Cover routine health care, C) Pay for elective procedures. You answered [student's answer] with high confidence. In 1-2 sentences, explain your reasoning for that answer.",Risk Management,Health Insurance Purpose,diagnose,Health insurance is meant to cover for routine health care services like short check ups or vaccine shots.,50.00,3,2026-02-03 00:19:04.284746+00
8667745a-9882-486c-b697-6ac653348c47,pre,Q5_Open_Diagnose,"You were asked: How much should Lyle have set aside for emergency savings? The options were A) $200 or so, B) One month's rent, C) Three or more months of expenses. You answered [student's answer] with high confidence. In 1-2 sentences, explain your reasoning for that answer.",Borrowing & Credit,Emergency Fund,diagnose,"I answered B because i feel like that'll be enough to cover for the emergency, until next time they get aid. ",50.00,3,2026-02-03 00:17:14.602956+00
8667745a-9882-486c-b697-6ac653348c47,pre,Q8_Open_Diagnose,"You were asked: What can Jayden likely negotiate with an auto loan lender? Options were A) Interest rate only, B) Down payment only, C) Both, D) Neither. You answered [student's answer] with high confidence. In 1-2 sentences, explain your reasoning for that answer.",Borrowing & Credit,Auto Loans,diagnose,My answer was I don't kniw.,50.00,3,2026-02-03 00:18:47.649984+00
8710bae1-25cc-4f0c-9726-c0754be61c5a,pre,Q33_Open_Confirm,"You were asked: If 1,000 people each buy a lottery ticket with a 1% chance of winning, how many winners would you expect? You answered ""10,"" which is correct. In 1-2 sentences, explain how you calculated this.",Investment & Risk,Probability (% to Count),confirm,"2% of 100 is 2, and if its only 1 ticket",50.00,3,2026-02-08 00:44:51.261907+00
874d19fe-4d68-4f11-9b9f-4f87f7a76b1a,pre,Q36_Open_Diagnose,"You were asked: Is it less likely you'll lose all your money if you save it in more than one place? You answered ""False"" with high confidence. In 1-2 sentences, explain your reasoning for that answer.",Investment & Risk,Diversification Principle,diagnose,It is not less likely because you are still having the risk of losing your money no matter where you put it. The chances are the same.,50.00,2,2026-02-04 21:14:21.431625+00
874d19fe-4d68-4f11-9b9f-4f87f7a76b1a,pre,Q39_Open_Diagnose,"You were asked: Are stocks generally riskier than bonds? You answered ""False"" with high confidence. In 1-2 sentences, explain your reasoning for that answer.",Investment & Risk,Stocks vs Bonds Risk,diagnose,"Bonds are more strict and have a higher risk, so they are riskier than a stock. ",50.00,2,2026-02-04 21:15:02.382783+00
874d19fe-4d68-4f11-9b9f-4f87f7a76b1a,pre,Q6_Open_Diagnose,"You were asked: A successful effort to lower inflation would likely be accompanied by which of the following? Options were A) A decrease in the general level of prices, B) A slower increase in prices, C) An increase in employment. You answered [student's answer] with high confidence. In 1-2 sentences, explain your reasoning for that answer.",Borrowing & Credit,Inflation (Lowering),diagnose,I answered that the decrease in the general level of prices would help inflation because it would allow the prices of products to go back to normal and allow the economy to reset and adjust.,50.00,2,2026-02-04 21:13:13.975258+00
89bc61b5-41bd-4b4c-9885-e76136de1daa,pre,Q40_Open_Confirm,"You were asked about a key factor in the 2007-2008 financial crisis. You answered ""widespread failure to properly assess and manage financial risk,"" which is correct. In 1-2 sentences, explain how poor risk management contributed to the crisis.",Investment & Risk,2008 Financial Crisis,confirm,"Banks and investors took on too much risk by investing in risky mortgage loans without fully understanding how dangerous they were. When people started defaulting on their loans, it caused huge losses and led to the financial crisis.",50.00,3,2026-02-07 07:15:58.535136+00
89cc629f-5948-4a17-a479-38f7ffac5bcb,pre,Q13_Open_Confirm,"You were asked what a home insurance deductible represents. You answered ""the amount you pay before insurance covers damages,"" which is correct. In 1-2 sentences, explain how a deductible works when you file a claim.",Risk Management,Insurance Deductible,confirm,A insurance deductible serves as a fixed amount you pay kind of like an upfront cost before the insurance starts paying any additional cost.,50.00,2,2026-02-02 23:29:10.747468+00
89cc629f-5948-4a17-a479-38f7ffac5bcb,pre,Q1_Open_Confirm,"You were asked: If you put $100 in a savings account at 2% annual interest, how much would you have after 5 years? You answered ""More than $102,"" which is correct. In 1-2 sentences, explain why the amount is more than $102.",Borrowing & Credit,Compound Interest,confirm,Based on my prior knowledge compound interest plays a part in it meaning you earn interest aka make money on the initial deposit and additionally what accumulates in the following years. ,50.00,2,2026-02-02 23:26:18.839519+00
89cc629f-5948-4a17-a479-38f7ffac5bcb,pre,Q40_Open_Confirm,"You were asked about a key factor in the 2007-2008 financial crisis. You answered ""widespread failure to properly assess and manage financial risk,"" which is correct. In 1-2 sentences, explain how poor risk management contributed to the crisis.",Investment & Risk,2008 Financial Crisis,confirm,I interpreted the 2007-2008 financial crisis a situation in which the economy specifically the stock market was reaching its peak which then caused for people to become overly confident meaning everyone forgot about the potential financial risk. ,50.00,1,2026-02-02 23:32:04.639582+00
8b7f6880-cddd-496f-972c-b1f8a84702d0,pre,Q11_Open_Confirm,"You were asked whether buying a single company's stock is safer than a stock mutual fund. You answered ""False,"" which is correct. In 1-2 sentences, explain why a mutual fund is generally safer than a single stock.",Risk Management,Diversification (Stock vs Fund),confirm,diversified amongst many companies so bad preformance has less issues ,50.00,2,2026-02-09 04:25:19.095059+00
8b7f6880-cddd-496f-972c-b1f8a84702d0,pre,Q37_Open_Confirm,"You were asked which insurance protects you if you cause an accident that injures someone. You answered ""auto insurance liability coverage,"" which is correct. In 1-2 sentences, explain what liability coverage does.",Investment & Risk,Insurance Types,confirm,auto insurance liability coverage pays for damages you cause because of accidents ,50.00,2,2026-02-09 04:26:55.275743+00
8d369804-9c8d-49d3-b6d5-da50b84d90a5,pre,Q2_Open_Confirm,"You were asked whether a 15-year mortgage has higher monthly payments but lower total interest than a 30-year mortgage. You answered ""True,"" which is correct. In 1-2 sentences, explain why total interest is lower on the shorter mortgage.",Borrowing & Credit,Borrowing/Mortgages,confirm,Total interest is lower on the shorter mortgage because you're paying it all off in a shorter amount of time.,50.00,1,2026-02-06 22:51:24.989169+00
8d369804-9c8d-49d3-b6d5-da50b84d90a5,pre,Q36_Open_Diagnose,"You were asked: Is it less likely you'll lose all your money if you save it in more than one place? You answered ""False"" with high confidence. In 1-2 sentences, explain your reasoning for that answer.",Investment & Risk,Diversification Principle,diagnose,"It is false that if you save all your money in one place you'll lose all of it. Although it may be a good idea to spread where you store your money, storing it in just one place won't make you lose all your money; you may not grow your money to its full potential but it won't disappear.",50.00,2,2026-02-06 22:50:07.471625+00
8d369804-9c8d-49d3-b6d5-da50b84d90a5,pre,Q7_Open_Diagnose,"You were asked: Which group would have the greatest problem during periods of high inflation? Options were A) Young working couples, B) Older working couples saving for retirement, C) Retirees on a fixed income. You answered [student's answer] with high confidence. In 1-2 sentences, explain your reasoning for that answer.",Borrowing & Credit,Inflation (Fixed Income),diagnose,"I answered that older working couples saving for retirement would most likely have the greatest problems during periods of high inflation because unlike younger people, they have more trouble working as much as younger people and they are working towards saving up towards something. Younger couples without kids don't have to worry about childcare expenses. ",50.00,3,2026-02-06 22:46:23.084409+00
8d898569-5d18-42ef-be58-e6c6680dcb64,pre,Q13_Open_Confirm,"You were asked what a home insurance deductible represents. You answered ""the amount you pay before insurance covers damages,"" which is correct. In 1-2 sentences, explain how a deductible works when you file a claim.",Risk Management,Insurance Deductible,confirm,a deductible is the amount of money you pay out of pocket,50.00,2,2026-02-03 02:40:12.013095+00
8d898569-5d18-42ef-be58-e6c6680dcb64,pre,Q37_Open_Confirm,"You were asked which insurance protects you if you cause an accident that injures someone. You answered ""auto insurance liability coverage,"" which is correct. In 1-2 sentences, explain what liability coverage does.",Investment & Risk,Insurance Types,confirm,it pays for damage or injurt,50.00,3,2026-02-03 02:40:12.013095+00
8d898569-5d18-42ef-be58-e6c6680dcb64,pre,Q38_Open_Diagnose,"You were asked: Which investment best protects purchasing power during sudden high inflation? Options were A) 10-year fixed bond, B) Bank CD, C) 25-year fixed mortgage (debt), D) House with fixed mortgage. You answered [student's answer] with high confidence. In 1-2 sentences, explain your reasoning for that answer.",Investment & Risk,Inflation Protection,diagnose,i forgot what i put honestly and why i put high confidence because im not sure,50.00,1,2026-02-03 02:40:12.013095+00
8dd9e169-e45e-4d65-9693-343c24380868,pre,Q29_Open_Diagnose,"You were asked: If interest rates rise, what typically happens to bond prices? Options were A) They rise, B) They fall, C) They stay the same, D) No relationship. You answered [student's answer] with high confidence. In 1-2 sentences, explain your reasoning for that answer.",Investment & Risk,Interest Rates & Bonds,diagnose,A)They rise because bonds are like loans but from the government. ,50.00,3,2026-02-04 02:07:27.417527+00
8dd9e169-e45e-4d65-9693-343c24380868,pre,Q32_Open_Diagnose,"You were asked: Over a long time period (10-20 years), which asset normally gives the highest return? Options were A) Savings accounts, B) Bonds, C) Stocks. You answered [student's answer] with high confidence. In 1-2 sentences, explain your reasoning for that answer.",Investment & Risk,Long-Term Asset Returns,diagnose,"Bonds, because my Finance 301 professor taught us that the long time period assets that normally gives the highest return and the safest are bonds. ( Professor speaks arabic but I do not remember his name).",50.00,3,2026-02-04 02:07:27.417527+00
8e4ac48f-4477-4be6-b632-5a417ed75262,pre,Q40_Open_Confirm,"You were asked about a key factor in the 2007-2008 financial crisis. You answered ""widespread failure to properly assess and manage financial risk,"" which is correct. In 1-2 sentences, explain how poor risk management contributed to the crisis.",Investment & Risk,2008 Financial Crisis,confirm,people were investing things that had too much financial risk which lost them a lot of their money.,50.00,1,2026-02-02 06:18:05.542252+00
8e4ac48f-4477-4be6-b632-5a417ed75262,pre,Q5_Open_Confirm,"You were asked how much Lyle should have in emergency savings. You answered ""three or more months of living expenses,"" which is correct. In 1-2 sentences, explain why financial experts recommend this amount.",Borrowing & Credit,Emergency Fund,confirm,"in case something happens to his income, lyle can have 3 or more moths of living expenses covered while he looks for a new job",50.00,3,2026-02-02 06:17:21.092471+00
8e54a7f0-e0ed-448b-9be4-c23afe392378,pre,Q11_Open_Diagnose,"You were asked: Is buying a single company's stock usually safer than a stock mutual fund? True or false? You answered ""True"" with high confidence. In 1-2 sentences, explain your reasoning for that answer.",Risk Management,Diversification (Stock vs Fund),diagnose,I’m not sure ,50.00,3,2026-02-09 20:18:42.03092+00
8e54a7f0-e0ed-448b-9be4-c23afe392378,pre,Q1_Open_Diagnose,"You were asked: If you put $100 in a savings account at 2% annual interest, how much would you have after 5 years? The options were: A) More than $102, B) Exactly $102, C) Less than $102. You answered [student's answer] with high confidence. In 1-2 sentences, explain your reasoning for that answer.",Borrowing & Credit,Compound Interest,diagnose,I’m not sure.,50.00,3,2026-02-09 20:17:38.751765+00
8e54a7f0-e0ed-448b-9be4-c23afe392378,pre,Q2_Open_Confirm,"You were asked whether a 15-year mortgage has higher monthly payments but lower total interest than a 30-year mortgage. You answered ""True,"" which is correct. In 1-2 sentences, explain why total interest is lower on the shorter mortgage.",Borrowing & Credit,Borrowing/Mortgages,confirm,Because you are paying more during the 15 years which results to lower interest.,50.00,2,2026-02-09 20:19:03.705845+00
8e8c8642-222f-446c-bd67-eea0942de2b2,pre,Q14_Open_Diagnose,"You were asked: When an investor spreads money among different assets, does the risk of losing money increase, decrease, or stay the same? You answered [student's answer] with high confidence. In 1-2 sentences, explain your reasoning for that answer.",Risk Management,Diversification Principle,diagnose,I said increase because when you spread your money over a large plate you are not focused on few companies leading to riskier investment's over time.,50.00,1,2026-02-05 03:27:47.325618+00
8e8c8642-222f-446c-bd67-eea0942de2b2,pre,Q34_Open_Diagnose,"You were asked: When an investor spreads money among different assets, does risk increase, decrease, or stay the same? You answered [student's answer] with high confidence. In 1-2 sentences, explain your reasoning for that answer.",Investment & Risk,Diversification Effect,diagnose,I said increase because you may focus to heavily on inestments instead of life expenses.,50.00,1,2026-02-05 03:29:01.410738+00
8e8c8642-222f-446c-bd67-eea0942de2b2,pre,Q5_Open_Diagnose,"You were asked: How much should Lyle have set aside for emergency savings? The options were A) $200 or so, B) One month's rent, C) Three or more months of expenses. You answered [student's answer] with high confidence. In 1-2 sentences, explain your reasoning for that answer.",Borrowing & Credit,Emergency Fund,diagnose,"I said C, because emergency funds typically are in use for finacial crisis or impactful events. So having three or monthes of expenses at will at any time is more beneficial than 1 month.",50.00,3,2026-02-05 03:26:15.26599+00
8eeee40f-f4f8-4f7f-aa9a-f0f27112721b,pre,Q36_Open_Diagnose,"You were asked: Is it less likely you'll lose all your money if you save it in more than one place? You answered ""False"" with high confidence. In 1-2 sentences, explain your reasoning for that answer.",Investment & Risk,Diversification Principle,diagnose,False because if you have separate labeled accounts you have a higher chance of saving money because those accounts is more of an understanding of needs rather than wants. ,50.00,3,2026-02-07 04:24:19.075243+00
8eeee40f-f4f8-4f7f-aa9a-f0f27112721b,pre,Q6_Open_Diagnose,"You were asked: A successful effort to lower inflation would likely be accompanied by which of the following? Options were A) A decrease in the general level of prices, B) A slower increase in prices, C) An increase in employment. You answered [student's answer] with high confidence. In 1-2 sentences, explain your reasoning for that answer.",Borrowing & Credit,Inflation (Lowering),diagnose,Option A because a decrease in general level prices will give people the opportunity to save more money. ,50.00,2,2026-02-07 04:22:49.609731+00
8eeee40f-f4f8-4f7f-aa9a-f0f27112721b,pre,Q7_Open_Diagnose,"You were asked: Which group would have the greatest problem during periods of high inflation? Options were A) Young working couples, B) Older working couples saving for retirement, C) Retirees on a fixed income. You answered [student's answer] with high confidence. In 1-2 sentences, explain your reasoning for that answer.",Borrowing & Credit,Inflation (Fixed Income),diagnose,Retires on a fixed income because their income doesn’t increase. Raising prices for them (inflation) does not benift them because it makes everything expensive.,50.00,3,2026-02-07 04:20:32.933294+00
8fa2c78a-bbd7-4efd-9b9a-7560e3b2f96d,pre,Q29_Open_Diagnose,"You were asked: If interest rates rise, what typically happens to bond prices? Options were A) They rise, B) They fall, C) They stay the same, D) No relationship. You answered [student's answer] with high confidence. In 1-2 sentences, explain your reasoning for that answer.",Investment & Risk,Interest Rates & Bonds,diagnose,I honestly don’t know what any of this means….. ,50.00,1,2026-02-09 04:39:31.156134+00
8fa2c78a-bbd7-4efd-9b9a-7560e3b2f96d,pre,Q34_Open_Diagnose,"You were asked: When an investor spreads money among different assets, does risk increase, decrease, or stay the same? You answered [student's answer] with high confidence. In 1-2 sentences, explain your reasoning for that answer.",Investment & Risk,Diversification Effect,diagnose,I think I answered decreased. For the same reason I mentioned earlier . There is less of a chance each fails. ,50.00,2,2026-02-09 04:40:21.683282+00
8fa2c78a-bbd7-4efd-9b9a-7560e3b2f96d,pre,Q36_Open_Diagnose,"You were asked: Is it less likely you'll lose all your money if you save it in more than one place? You answered ""False"" with high confidence. In 1-2 sentences, explain your reasoning for that answer.",Investment & Risk,Diversification Principle,diagnose,"I think the more you spread your money, the less of a chance each place will disappoint.",50.00,2,2026-02-09 04:38:48.885526+00
90081149-f1aa-4448-b770-b289892204eb,pre,Q10_Open_Confirm,"You were asked which statement about credit reports is FALSE. You correctly identified that ""your credit report is provided by a single source"" is false. In 1-2 sentences, explain why this statement is false.",Borrowing & Credit,Credit Reports,confirm,I don't really know the correct answer; this one just seemed right. ,50.00,1,2026-02-04 01:24:59.159886+00
90081149-f1aa-4448-b770-b289892204eb,pre,Q11_Open_Confirm,"You were asked whether buying a single company's stock is safer than a stock mutual fund. You answered ""False,"" which is correct. In 1-2 sentences, explain why a mutual fund is generally safer than a single stock.",Risk Management,Diversification (Stock vs Fund),confirm,"I think a mutual fund is generally safer than a single stock because if something goes wrong, the risks will be lower for a mutual fund. Rather than a single stock, where it's almost like a lose-lose situation because it only involves one party.",50.00,2,2026-02-04 01:24:59.159886+00
90081149-f1aa-4448-b770-b289892204eb,pre,Q8_Open_Diagnose,"You were asked: What can Jayden likely negotiate with an auto loan lender? Options were A) Interest rate only, B) Down payment only, C) Both, D) Neither. You answered [student's answer] with high confidence. In 1-2 sentences, explain your reasoning for that answer.",Borrowing & Credit,Auto Loans,diagnose,I would say both the interest rate and the down payment. It's important to know how much money interest will add and the risks involved. ,50.00,2,2026-02-04 01:24:59.159886+00
90537d72-270b-40ae-82e6-25799f498f0a,pre,Q13_Open_Diagnose,"You were asked: What does a home insurance deductible represent? Options were A) Amount you pay before insurance covers damages, B) Monthly premium for coverage, C) Maximum amount insurance will pay. You answered [student's answer] with high confidence. In 1-2 sentences, explain your reasoning for that answer.",Risk Management,Insurance Deductible,diagnose,B). Prices are constantly shifting due to the economy and regardless if you are paying on time or not there is the bill and interest per the month that you have to consider because it is what you are going to be paying for it ,50.00,2,2026-02-07 17:40:11.772121+00
90537d72-270b-40ae-82e6-25799f498f0a,pre,Q8_Open_Confirm,"You were asked what Jayden can negotiate when getting an auto loan. You answered ""both interest rate and down payment,"" which is correct. In 1-2 sentences, explain why it's possible to negotiate these terms.",Borrowing & Credit,Auto Loans,confirm,I think it's possible to negotiate these terms because the goal of the consumer is to get a product or service at a price that may align more with income and willingness to pay while the producer or seller is trying to get clients or customers in order to make profit even if lowering the price may not be as easy what matters is that you get that customer hooked on your service and or prices.,50.00,2,2026-02-07 17:42:22.557521+00
90537d72-270b-40ae-82e6-25799f498f0a,pre,Q9_Open_Confirm,"You were asked about the primary advantage of making a household budget. You answered ""ensures funds are available for bill paying and saving,"" which is correct. In 1-2 sentences, explain how a budget helps achieve this.",Borrowing & Credit,Budgeting,confirm,A budget helps achieve this because when you are separating your source or sources of income into different section of your life that have to be paid such as utility and mortgage etc it allows you to have that money prepared in advance to keep on saving meaning that there are no delays or issues later on when it becomes time to pay what has to be taken care of.,50.00,2,2026-02-07 17:47:06.330058+00
90dcfe3c-7828-4f71-8e84-9962f5d6a1ad,pre,Q37_Open_Diagnose,"You were asked: Which insurance protects you if you cause an accident that injures someone? Options were A) Health insurance, B) Homeowner's insurance, C) Auto liability coverage. You answered [student's answer] with high confidence. In 1-2 sentences, explain your reasoning for that answer.",Investment & Risk,Insurance Types,diagnose,If you have injured someone you are liable for any damage to their property or person and C is the only answer regarding coverage of liability. Health insurance is for your person and does not extend to someone out of the plan and homeowner's insurance is for your house.,50.00,2,2026-02-02 19:18:23.110198+00
90dcfe3c-7828-4f71-8e84-9962f5d6a1ad,pre,Q5_Open_Diagnose,"You were asked: How much should Lyle have set aside for emergency savings? The options were A) $200 or so, B) One month's rent, C) Three or more months of expenses. You answered [student's answer] with high confidence. In 1-2 sentences, explain your reasoning for that answer.",Borrowing & Credit,Emergency Fund,diagnose,"I answered B because in one paycheck, after bills and whatnot, I do not think there is enough to set aside for 3 months of expenses. Also I would assume Lyle has already been making emergency savings, therefore, he can put one month's rent to increase those savings in a way that is helpful but not extreme because if there are some extra expenses, setting aside for 3 months seems a bit extreme for one paycheck.",50.00,3,2026-02-02 19:14:16.119253+00
90dcfe3c-7828-4f71-8e84-9962f5d6a1ad,pre,Q6_Open_Diagnose,"You were asked: A successful effort to lower inflation would likely be accompanied by which of the following? Options were A) A decrease in the general level of prices, B) A slower increase in prices, C) An increase in employment. You answered [student's answer] with high confidence. In 1-2 sentences, explain your reasoning for that answer.",Borrowing & Credit,Inflation (Lowering),diagnose,"I chose A because a slower increase in prices is still prices increasing and if the effort is to lower inflation then the effort will be to lower prices. An increase in employment is also not a successful effort because to increase employment, employers will need to increase their salary expense which will probably only cause an increase in prices.",50.00,3,2026-02-02 19:16:23.998804+00
90fa1c8c-2c7a-4e38-8b56-683384e5cca9,pre,Q11_Open_Diagnose,"You were asked: Is buying a single company's stock usually safer than a stock mutual fund? True or false? You answered ""True"" with high confidence. In 1-2 sentences, explain your reasoning for that answer.",Risk Management,Diversification (Stock vs Fund),diagnose,A company's stock is more reliable than a stock mutual fund,50.00,2,2026-02-02 19:42:33.123721+00
90fa1c8c-2c7a-4e38-8b56-683384e5cca9,pre,Q1_Open_Diagnose,"You were asked: If you put $100 in a savings account at 2% annual interest, how much would you have after 5 years? The options were: A) More than $102, B) Exactly $102, C) Less than $102. You answered [student's answer] with high confidence. In 1-2 sentences, explain your reasoning for that answer.",Borrowing & Credit,Compound Interest,diagnose,I think that more than 102 because interest would add to ur account over time,50.00,1,2026-02-02 19:41:52.893343+00
90fa1c8c-2c7a-4e38-8b56-683384e5cca9,pre,Q3_Open_Confirm,"You were asked whether high inflation means the cost of living is increasing rapidly. You answered ""True,"" which is correct. In 1-2 sentences, explain what inflation means and how it affects everyday life.",Borrowing & Credit,Inflation,confirm,Inflation makes money mean less in the economy so everything gets more expensive,50.00,1,2026-02-02 19:43:04.862121+00
91b449f1-548e-43f3-8ee8-d8510f5b8555,pre,Q13_Open_Confirm,"You were asked what a home insurance deductible represents. You answered ""the amount you pay before insurance covers damages,"" which is correct. In 1-2 sentences, explain how a deductible works when you file a claim.",Risk Management,Insurance Deductible,confirm,"Because it helps those to be more careful. Insurance can help you, but they need to make sure you can cover your part first then they will help you. Also to influence you to be more careful.",50.00,2,2026-02-08 17:12:19.674955+00
91b449f1-548e-43f3-8ee8-d8510f5b8555,pre,Q14_Open_Confirm,"You were asked what happens to risk when an investor spreads money among different assets. You answered ""decreases,"" which is correct. In 1-2 sentences, explain why spreading investments reduces risk.",Risk Management,Diversification Principle,confirm,"Because you aren't relying on one asset and it moves in different ways, either you can lose money or you can earn more or stay stable.",50.00,3,2026-02-08 17:09:15.768663+00
91b449f1-548e-43f3-8ee8-d8510f5b8555,pre,Q7_Open_Confirm,"You were asked which group has the greatest problem during high inflation. You answered ""retirees living on a fixed income,"" which is correct. In 1-2 sentences, explain why fixed-income retirees struggle most during inflation.",Borrowing & Credit,Inflation (Fixed Income),confirm,"It is a fixed income where it stays the same and nothing changes. So when inflation is happening, prices are increasing meaning those retirees living on a fixed income are using more from the fixed income, meaning they will have less left over. ",50.00,3,2026-02-08 17:07:29.353289+00
91ba44bb-f8d1-4dec-864c-ec35d8bb7d2c,pre,Q14_Open_Diagnose,"You were asked: When an investor spreads money among different assets, does the risk of losing money increase, decrease, or stay the same? You answered [student's answer] with high confidence. In 1-2 sentences, explain your reasoning for that answer.",Risk Management,Diversification Principle,diagnose,I chose decrease because if one asset crashes or loses value you will still have the rest of money in other assets keeping its value. ,50.00,3,2026-02-09 04:31:17.916962+00
91ba44bb-f8d1-4dec-864c-ec35d8bb7d2c,pre,Q3_Open_Diagnose,"You were asked: High inflation means that the cost of living is increasing rapidly. True or false? You answered ""False"" with high confidence. In 1-2 sentences, explain your reasoning for that answer.",Borrowing & Credit,Inflation,diagnose,Im not sure,50.00,1,2026-02-09 04:30:10.1294+00
91ba44bb-f8d1-4dec-864c-ec35d8bb7d2c,pre,Q7_Open_Diagnose,"You were asked: Which group would have the greatest problem during periods of high inflation? Options were A) Young working couples, B) Older working couples saving for retirement, C) Retirees on a fixed income. You answered [student's answer] with high confidence. In 1-2 sentences, explain your reasoning for that answer.",Borrowing & Credit,Inflation (Fixed Income),diagnose,I chose this option because they are the only group with higher risk. ,50.00,3,2026-02-09 04:30:32.777747+00
924dadb6-f590-45b4-be86-a2d2071421bc,pre,Q10_Open_Diagnose,"You were asked: Which statement about credit reports is FALSE? Options were A) Employers use them to screen applicants, B) They include a credit worthiness assessment, C) They are provided by a single source. You answered [student's answer] with high confidence, indicating you thought that statement was false. In 1-2 sentences, explain your reasoning.",Borrowing & Credit,Credit Reports,diagnose,I believe that I put A as false. I said that because an employer should not determine employment on the premise of a financial background. ,50.00,1,2026-02-04 23:54:46.132016+00
929420ee-9c1d-4ad7-af20-d68a50a973b4,pre,Q39_Open_Diagnose,"You were asked: Are stocks generally riskier than bonds? You answered ""False"" with high confidence. In 1-2 sentences, explain your reasoning for that answer.",Investment & Risk,Stocks vs Bonds Risk,diagnose,"I was wrong; they are riskier because bonds contain multiple stocks like QQQ, I'm pretty sure, and a stock is an investment in one company, making it riskier. ",50.00,3,2026-02-03 22:03:12.962535+00
929420ee-9c1d-4ad7-af20-d68a50a973b4,pre,Q7_Open_Diagnose,"You were asked: Which group would have the greatest problem during periods of high inflation? Options were A) Young working couples, B) Older working couples saving for retirement, C) Retirees on a fixed income. You answered [student's answer] with high confidence. In 1-2 sentences, explain your reasoning for that answer.",Borrowing & Credit,Inflation (Fixed Income),diagnose,"Retirees on a fixed income become they have no cash flow and only a certain amount to spend, so if everything becomes more expensive, they would be impacted.  ",50.00,2,2026-02-03 22:03:12.962535+00
929420ee-9c1d-4ad7-af20-d68a50a973b4,pre,Q9_Open_Diagnose,"You were asked: What is the primary advantage of making a household budget? Options were A) Ensures funds for bills and saving, B) Reduces your taxes, C) Increases investment returns. You answered [student's answer] with high confidence. In 1-2 sentences, explain your reasoning for that answer.",Borrowing & Credit,Budgeting,diagnose,Ensure that bills will still be paid and saving can still get done ,50.00,2,2026-02-03 22:03:12.962535+00
93702a12-5e7d-4a6d-ba84-aeacec1e8fc0,pre,Q40_Open_Confirm,"You were asked about a key factor in the 2007-2008 financial crisis. You answered ""widespread failure to properly assess and manage financial risk,"" which is correct. In 1-2 sentences, explain how poor risk management contributed to the crisis.",Investment & Risk,2008 Financial Crisis,confirm,lots of people saw the slow crashing of the market and immediately started pulling their investments out causing widespread panic and a substantial market crash.,50.00,2,2026-02-03 20:52:32.576042+00
93bb97ef-70ca-4f0d-b998-f79591a964f1,pre,Q36_Open_Diagnose,"You were asked: Is it less likely you'll lose all your money if you save it in more than one place? You answered ""False"" with high confidence. In 1-2 sentences, explain your reasoning for that answer.",Investment & Risk,Diversification Principle,diagnose,"I answered False because saving money in more than one place does not guarantee protection from loss those places could still face risks at the same time (like fees, fraud, or economic downturns). While spreading money out can help, it does not completely eliminate the chance of losing it.",50.00,3,2026-02-05 22:58:52.442936+00
93bb97ef-70ca-4f0d-b998-f79591a964f1,pre,Q6_Open_Diagnose,"You were asked: A successful effort to lower inflation would likely be accompanied by which of the following? Options were A) A decrease in the general level of prices, B) A slower increase in prices, C) An increase in employment. You answered [student's answer] with high confidence. In 1-2 sentences, explain your reasoning for that answer.",Borrowing & Credit,Inflation (Lowering),diagnose,"An increase in employment typically occurs when the economy expands because higher demand for goods and services leads businesses to hire more workers. As production rises, firms need additional labor, reducing unemployment.",50.00,3,2026-02-05 22:58:24.584209+00
93bb97ef-70ca-4f0d-b998-f79591a964f1,pre,Q8_Open_Diagnose,"You were asked: What can Jayden likely negotiate with an auto loan lender? Options were A) Interest rate only, B) Down payment only, C) Both, D) Neither. You answered [student's answer] with high confidence. In 1-2 sentences, explain your reasoning for that answer.",Borrowing & Credit,Auto Loans,diagnose,"C) Both. Jayden can often negotiate the interest rate (especially by shopping lenders or using a strong credit profile) and the down payment (by choosing how much cash to put down or negotiating dealer terms), so both are typically negotiable.",50.00,3,2026-02-05 22:57:57.170361+00
949eff70-bc77-46c3-9219-a636e6cd7d6b,pre,Q35_Open_Diagnose,"You were asked: If someone offers you the chance to make a lot of money, is there also likely a chance you could lose a lot? You answered ""False"" with high confidence. In 1-2 sentences, explain your reasoning for that answer.",Investment & Risk,Risk-Return Relationship,diagnose,steady income because you have a family to feed,50.00,3,2026-02-03 04:42:51.776346+00
949eff70-bc77-46c3-9219-a636e6cd7d6b,pre,Q7_Open_Diagnose,"You were asked: Which group would have the greatest problem during periods of high inflation? Options were A) Young working couples, B) Older working couples saving for retirement, C) Retirees on a fixed income. You answered [student's answer] with high confidence. In 1-2 sentences, explain your reasoning for that answer.",Borrowing & Credit,Inflation (Fixed Income),diagnose,I would say young couples because over the years inflation has gotten worse and the older people have worked all their lives and saved up when inflation was low now that its high they can survive the young people cant.,50.00,3,2026-02-03 04:42:51.776346+00
949eff70-bc77-46c3-9219-a636e6cd7d6b,pre,Q9_Open_Confirm,"You were asked about the primary advantage of making a household budget. You answered ""ensures funds are available for bill paying and saving,"" which is correct. In 1-2 sentences, explain how a budget helps achieve this.",Borrowing & Credit,Budgeting,confirm,You have to watch where you spend your money. Because you have bills to pay for and you have to save for emergency.,50.00,2,2026-02-03 04:42:51.776346+00
94b82189-1f55-4227-abea-a28045f8e42f,pre,Q39_Open_Confirm,"You were asked whether stocks are generally riskier than bonds. You answered ""True,"" which is correct. In 1-2 sentences, explain why stocks are considered riskier than bonds.",Investment & Risk,Stocks vs Bonds Risk,confirm,"The returns on stocks are uncertain and volatile, whereas bonds usually have fixed-interest rates ",50.00,3,2026-02-04 03:33:37.059682+00
96a63546-0a76-48a3-91e1-10bc5c3b2ee0,pre,Q29_Open_Diagnose,"You were asked: If interest rates rise, what typically happens to bond prices? Options were A) They rise, B) They fall, C) They stay the same, D) No relationship. You answered [student's answer] with high confidence. In 1-2 sentences, explain your reasoning for that answer.",Investment & Risk,Interest Rates & Bonds,diagnose,I think that they will stay the same because I believe that bonds don't have any correlation to interest.\n,50.00,2,2026-02-09 01:48:31.571933+00
96a63546-0a76-48a3-91e1-10bc5c3b2ee0,pre,Q32_Open_Diagnose,"You were asked: Over a long time period (10-20 years), which asset normally gives the highest return? Options were A) Savings accounts, B) Bonds, C) Stocks. You answered [student's answer] with high confidence. In 1-2 sentences, explain your reasoning for that answer.",Investment & Risk,Long-Term Asset Returns,diagnose,I thought the answer was saving accounts because there is a lot of risks with stocks.,50.00,3,2026-02-09 01:58:08.52825+00
96a63546-0a76-48a3-91e1-10bc5c3b2ee0,pre,Q38_Open_Diagnose,"You were asked: Which investment best protects purchasing power during sudden high inflation? Options were A) 10-year fixed bond, B) Bank CD, C) 25-year fixed mortgage (debt), D) House with fixed mortgage. You answered [student's answer] with high confidence. In 1-2 sentences, explain your reasoning for that answer.",Investment & Risk,Inflation Protection,diagnose,I think I chose option A. I forgot why I chose it.,50.00,2,2026-02-09 01:49:32.683061+00
96a72f50-7a29-4ed6-ac29-bbb324edeee5,pre,Q40_Open_Confirm,"You were asked about a key factor in the 2007-2008 financial crisis. You answered ""widespread failure to properly assess and manage financial risk,"" which is correct. In 1-2 sentences, explain how poor risk management contributed to the crisis.",Investment & Risk,2008 Financial Crisis,confirm,I watched the big short with christian bale and ryan gosling and in the movie they dont check the risks in the housing market,50.00,2,2026-02-04 19:45:31.742642+00
96b7cf3f-8179-4f3c-86da-3897a27bcd71,pre,Q6_Open_Diagnose,"You were asked: A successful effort to lower inflation would likely be accompanied by which of the following? Options were A) A decrease in the general level of prices, B) A slower increase in prices, C) An increase in employment. You answered [student's answer] with high confidence. In 1-2 sentences, explain your reasoning for that answer.",Borrowing & Credit,Inflation (Lowering),diagnose,"",100.00,1,2026-02-07 20:34:48.660048+00
96b7cf3f-8179-4f3c-86da-3897a27bcd71,pre,Q7_Open_Diagnose,"You were asked: Which group would have the greatest problem during periods of high inflation? Options were A) Young working couples, B) Older working couples saving for retirement, C) Retirees on a fixed income. You answered [student's answer] with high confidence. In 1-2 sentences, explain your reasoning for that answer.",Borrowing & Credit,Inflation (Fixed Income),diagnose,"",100.00,1,2026-02-07 20:34:35.364867+00
96ffd67c-b5d9-4270-a4e0-dff08c781153,pre,Q10_Open_Diagnose,"You were asked: Which statement about credit reports is FALSE? Options were A) Employers use them to screen applicants, B) They include a credit worthiness assessment, C) They are provided by a single source. You answered [student's answer] with high confidence, indicating you thought that statement was false. In 1-2 sentences, explain your reasoning.",Borrowing & Credit,Credit Reports,diagnose,"I chose A, because I dont think employers are allowed to discriminate based on credit. I have never come accross that, and I dont think that would be ethical.",50.00,3,2026-02-06 23:15:31.616032+00
96ffd67c-b5d9-4270-a4e0-dff08c781153,pre,Q6_Open_Diagnose,"You were asked: A successful effort to lower inflation would likely be accompanied by which of the following? Options were A) A decrease in the general level of prices, B) A slower increase in prices, C) An increase in employment. You answered [student's answer] with high confidence. In 1-2 sentences, explain your reasoning for that answer.",Borrowing & Credit,Inflation (Lowering),diagnose,"I chose C, because I learned in my macroeconomics class that during economic growth employment rates rise, while during a recession employment rates drop.",50.00,3,2026-02-06 23:16:39.208898+00
96ffd67c-b5d9-4270-a4e0-dff08c781153,pre,Q7_Open_Diagnose,"You were asked: Which group would have the greatest problem during periods of high inflation? Options were A) Young working couples, B) Older working couples saving for retirement, C) Retirees on a fixed income. You answered [student's answer] with high confidence. In 1-2 sentences, explain your reasoning for that answer.",Borrowing & Credit,Inflation (Fixed Income),diagnose,"I answered A, because that is the group with the lowest average savings, so they will not have as many savings to fall back on and will feel the reduced income hit immediately.",50.00,3,2026-02-06 23:14:13.296074+00
977ea180-212a-4f47-b738-5dd0a07e5853,pre,Q1_Open_Confirm,"You were asked: If you put $100 in a savings account at 2% annual interest, how much would you have after 5 years? You answered ""More than $102,"" which is correct. In 1-2 sentences, explain why the amount is more than $102.",Borrowing & Credit,Compound Interest,confirm,"the amount os more than $102 because after 5 years, the annual interest rate will have accumulated around $10, making the total about $110. ",50.00,3,2026-02-09 00:25:53.873887+00
977ea180-212a-4f47-b738-5dd0a07e5853,pre,Q32_Open_Diagnose,"You were asked: Over a long time period (10-20 years), which asset normally gives the highest return? Options were A) Savings accounts, B) Bonds, C) Stocks. You answered [student's answer] with high confidence. In 1-2 sentences, explain your reasoning for that answer.",Investment & Risk,Long-Term Asset Returns,diagnose,"I did not mean to be highly confident in this one, I am actually not sure if my answer can be backed up. ",50.00,1,2026-02-09 00:25:34.86782+00
977ea180-212a-4f47-b738-5dd0a07e5853,pre,Q8_Open_Diagnose,"You were asked: What can Jayden likely negotiate with an auto loan lender? Options were A) Interest rate only, B) Down payment only, C) Both, D) Neither. You answered [student's answer] with high confidence. In 1-2 sentences, explain your reasoning for that answer.",Borrowing & Credit,Auto Loans,diagnose,"I think the down payment can be negotiated because it is overall included in the price at one point or another. the person buying the car will have to pay that money eventually anyways, so the seller is only moving the timeframe of the payment. ",50.00,2,2026-02-09 00:24:22.708315+00
977f7deb-3d99-4b80-874d-f79b03748ea2,pre,Q10_Open_Diagnose,"You were asked: Which statement about credit reports is FALSE? Options were A) Employers use them to screen applicants, B) They include a credit worthiness assessment, C) They are provided by a single source. You answered [student's answer] with high confidence, indicating you thought that statement was false. In 1-2 sentences, explain your reasoning.",Borrowing & Credit,Credit Reports,diagnose,c,50.00,3,2026-02-05 17:53:47.521061+00
977f7deb-3d99-4b80-874d-f79b03748ea2,pre,Q30_Open_Diagnose,"You were asked: An investment with a high return is likely to be high risk. True or false? You answered ""False"" with high confidence. In 1-2 sentences, explain your reasoning for that answer.",Investment & Risk,Risk-Return Tradeoff,diagnose," while it is likely, some stocks are steady and reliable",50.00,3,2026-02-05 17:54:01.198922+00
977f7deb-3d99-4b80-874d-f79b03748ea2,pre,Q7_Open_Diagnose,"You were asked: Which group would have the greatest problem during periods of high inflation? Options were A) Young working couples, B) Older working couples saving for retirement, C) Retirees on a fixed income. You answered [student's answer] with high confidence. In 1-2 sentences, explain your reasoning for that answer.",Borrowing & Credit,Inflation (Fixed Income),diagnose,b,50.00,2,2026-02-05 17:53:42.677259+00
9782e3d4-3883-460d-8703-0ddbfd9f1215,pre,Q31_Open_Diagnose,"You were asked: What does the stock market do? Options were A) Results in gains for investors, B) Guarantees investors a profit, C) Brings buyers and sellers together. You answered [student's answer] with high confidence. In 1-2 sentences, explain your reasoning for that answer.",Investment & Risk,Stock Market Function,diagnose,"While C simply does not make sense, B was not correct either because the stock market does not guarantee any gains whatsoever; in fact, you may even lose money. Answer A is correct because investors have a high chance of making money by having ownership in a company, although they are not guaranteed anything. ",50.00,3,2026-02-04 01:37:21.105344+00
9782e3d4-3883-460d-8703-0ddbfd9f1215,pre,Q5_Open_Diagnose,"You were asked: How much should Lyle have set aside for emergency savings? The options were A) $200 or so, B) One month's rent, C) Three or more months of expenses. You answered [student's answer] with high confidence. In 1-2 sentences, explain your reasoning for that answer.",Borrowing & Credit,Emergency Fund,diagnose,"If Lyle were to suddenly lose his job, 200$ would not let him pay for his monthly living expenses, but one month's rent would also not be enough because he may not find a job quickly enough to pay for the second month's rent. Answer C makes the most sense and alleviates the most risk.",50.00,3,2026-02-04 01:37:21.105344+00
97dfcd72-901b-4e20-959b-039088270880,pre,Q2_Open_Diagnose,"You were asked: A 15-year mortgage typically requires higher monthly payments than a 30-year mortgage, but the total interest paid over the life of the loan will be less. True or false? You answered ""False"" with high confidence. In 1-2 sentences, explain your reasoning for that answer.",Borrowing & Credit,Borrowing/Mortgages,diagnose,"I said this was false as usually when it comes to mortgages, its the longer duration which is the one that makes you pay higher monthly payments. This is due to the increased amount more of money you would be making/loosing depending on current interest rates. A lot can happen in an economy in 30 years. ",50.00,3,2026-02-04 01:23:50.616347+00
97dfcd72-901b-4e20-959b-039088270880,pre,Q30_Open_Diagnose,"You were asked: An investment with a high return is likely to be high risk. True or false? You answered ""False"" with high confidence. In 1-2 sentences, explain your reasoning for that answer.",Investment & Risk,Risk-Return Tradeoff,diagnose,"I put false because yes on one point an investment with higher return does come with a higher risk (at times), however there are certain investments you can do to still invest a higher risk and still recieve a higher return. ",50.00,3,2026-02-04 01:23:50.616347+00
97dfcd72-901b-4e20-959b-039088270880,pre,Q3_Open_Diagnose,"You were asked: High inflation means that the cost of living is increasing rapidly. True or false? You answered ""False"" with high confidence. In 1-2 sentences, explain your reasoning for that answer.",Borrowing & Credit,Inflation,diagnose,"No, high inflation does not mean the cost of living is increasing rapidly. The cost of living is impacted by the current market and how prices are matching with wages. Inflation shows us the average increases within prices across the economy versus the cost of living shows us how much it costs to maintain a certain standard of living. The difference between these is what got me to choose \""false\"" as my answer. ",50.00,3,2026-02-04 01:23:50.616347+00
981ef6a3-746c-42ee-91d1-99844bcd216c,pre,Q13_Open_Diagnose,"You were asked: What does a home insurance deductible represent? Options were A) Amount you pay before insurance covers damages, B) Monthly premium for coverage, C) Maximum amount insurance will pay. You answered [student's answer] with high confidence. In 1-2 sentences, explain your reasoning for that answer.",Risk Management,Insurance Deductible,diagnose,I picked it because I thought thats what it was.,50.00,1,2026-02-06 19:30:56.78639+00
981ef6a3-746c-42ee-91d1-99844bcd216c,pre,Q14_Open_Confirm,"You were asked what happens to risk when an investor spreads money among different assets. You answered ""decreases,"" which is correct. In 1-2 sentences, explain why spreading investments reduces risk.",Risk Management,Diversification Principle,confirm,Because its diversified meaning some stocks could have a higher profit increasing the average ROI. ,50.00,2,2026-02-06 19:33:36.387349+00
981ef6a3-746c-42ee-91d1-99844bcd216c,pre,Q6_Open_Diagnose,"You were asked: A successful effort to lower inflation would likely be accompanied by which of the following? Options were A) A decrease in the general level of prices, B) A slower increase in prices, C) An increase in employment. You answered [student's answer] with high confidence. In 1-2 sentences, explain your reasoning for that answer.",Borrowing & Credit,Inflation (Lowering),diagnose,Because spreading more money out into the economy will overall end up lowering it. ,50.00,1,2026-02-06 19:29:38.957845+00
98b80977-932e-420b-9aea-256be7ab2ccb,pre,Q6_Open_Diagnose,"You were asked: A successful effort to lower inflation would likely be accompanied by which of the following? Options were A) A decrease in the general level of prices, B) A slower increase in prices, C) An increase in employment. You answered [student's answer] with high confidence. In 1-2 sentences, explain your reasoning for that answer.",Borrowing & Credit,Inflation (Lowering),diagnose,"I chose my answer because lowering the cost of good and general needs, would cause inflation to decrease because prices are going down while pay is staying relatively the same. ",50.00,3,2026-02-03 04:02:04.791472+00
9a9e8545-fbf5-4159-b1d4-a4f96eb4e8ef,pre,Q31_Open_Confirm,"You were asked what the stock market does. You answered ""brings together buyers and sellers of stocks,"" which is correct. In 1-2 sentences, explain why this function is important.",Investment & Risk,Stock Market Function,confirm,"Without a stock market, there would be a lack of exchange, even is there's supply and demand, without the proper exchange it would not work",50.00,3,2026-02-04 18:26:40.920035+00
9a9e8545-fbf5-4159-b1d4-a4f96eb4e8ef,pre,Q7_Open_Diagnose,"You were asked: Which group would have the greatest problem during periods of high inflation? Options were A) Young working couples, B) Older working couples saving for retirement, C) Retirees on a fixed income. You answered [student's answer] with high confidence. In 1-2 sentences, explain your reasoning for that answer.",Borrowing & Credit,Inflation (Fixed Income),diagnose,"I said older working couples because the money they have invested is all of sudden worth less, leading to a longer work life, instead of retiring at 60, they're going to stay in the work force for an extra 5-10 years",50.00,3,2026-02-04 18:24:06.450501+00
9a9e8545-fbf5-4159-b1d4-a4f96eb4e8ef,pre,Q8_Open_Diagnose,"You were asked: What can Jayden likely negotiate with an auto loan lender? Options were A) Interest rate only, B) Down payment only, C) Both, D) Neither. You answered [student's answer] with high confidence. In 1-2 sentences, explain your reasoning for that answer.",Borrowing & Credit,Auto Loans,diagnose,"Jayden can negotiate the down payment, I know this because depending on how long the loan is, you can reduce or increase the number of payments in months ",50.00,3,2026-02-04 18:25:30.883834+00
9d01980f-6d1b-4523-bd55-c4a69024bc29,pre,Q14_Open_Diagnose,"You were asked: When an investor spreads money among different assets, does the risk of losing money increase, decrease, or stay the same? You answered [student's answer] with high confidence. In 1-2 sentences, explain your reasoning for that answer.",Risk Management,Diversification Principle,diagnose,I think the risk increases of losing money because having the assets spread out will be a lot to handle especially if there not doing well.,50.00,1,2026-02-02 19:57:30.124328+00
9d01980f-6d1b-4523-bd55-c4a69024bc29,pre,Q30_Open_Confirm,"You were asked whether high-return investments are likely to be high risk. You answered ""True,"" which is correct. In 1-2 sentences, explain why high returns are usually associated with high risk.",Investment & Risk,Risk-Return Tradeoff,confirm,I think its most likely to be high risk because you don't know what could happen if there is losses.,50.00,1,2026-02-02 19:59:02.186014+00
9d01980f-6d1b-4523-bd55-c4a69024bc29,pre,Q37_Open_Diagnose,"You were asked: Which insurance protects you if you cause an accident that injures someone? Options were A) Health insurance, B) Homeowner's insurance, C) Auto liability coverage. You answered [student's answer] with high confidence. In 1-2 sentences, explain your reasoning for that answer.",Investment & Risk,Insurance Types,diagnose,Health insurance because it has it covered for you incase anything goes wrong.,50.00,2,2026-02-02 19:58:25.363415+00
9d07e8b8-a498-4dc8-9243-f73d3d8bfbf6,pre,Q10_Open_Diagnose,"You were asked: Which statement about credit reports is FALSE? Options were A) Employers use them to screen applicants, B) They include a credit worthiness assessment, C) They are provided by a single source. You answered [student's answer] with high confidence, indicating you thought that statement was false. In 1-2 sentences, explain your reasoning.",Borrowing & Credit,Credit Reports,diagnose,Now that I look back over it I feel that C might be false because I don't think the credit report comes from a single source. I think they look at your previous borrowing and credit. ,50.00,2,2026-02-03 00:54:16.823294+00
9d07e8b8-a498-4dc8-9243-f73d3d8bfbf6,pre,Q37_Open_Diagnose,"You were asked: Which insurance protects you if you cause an accident that injures someone? Options were A) Health insurance, B) Homeowner's insurance, C) Auto liability coverage. You answered [student's answer] with high confidence. In 1-2 sentences, explain your reasoning for that answer.",Investment & Risk,Insurance Types,diagnose,"I chose Auto Liability coverage because if you injure somebody else you are responsible for the damage that took place to to that other person. Therefore, Option C would be the correct answer. ",50.00,2,2026-02-03 00:55:11.612301+00
9d07e8b8-a498-4dc8-9243-f73d3d8bfbf6,pre,Q5_Open_Confirm,"You were asked how much Lyle should have in emergency savings. You answered ""three or more months of living expenses,"" which is correct. In 1-2 sentences, explain why financial experts recommend this amount.",Borrowing & Credit,Emergency Fund,confirm,Financial experts recommend this amount because you need to be able to support yourslef for a little bit if you can't receive an income from work. ,50.00,3,2026-02-03 00:56:34.477693+00
9d4815e2-8e63-43f1-9a5c-8ba759563267,pre,Q11_Open_Confirm,"You were asked whether buying a single company's stock is safer than a stock mutual fund. You answered ""False,"" which is correct. In 1-2 sentences, explain why a mutual fund is generally safer than a single stock.",Risk Management,Diversification (Stock vs Fund),confirm,Mutual fund is generally safer than a single stock because the risk is spread throughout the various stocks that you own with a mutual fund.,50.00,2,2026-02-08 03:09:59.432248+00
9d4815e2-8e63-43f1-9a5c-8ba759563267,pre,Q13_Open_Confirm,"You were asked what a home insurance deductible represents. You answered ""the amount you pay before insurance covers damages,"" which is correct. In 1-2 sentences, explain how a deductible works when you file a claim.",Risk Management,Insurance Deductible,confirm,"When you file a claim, a deductible is the amount in which you pay and the insurer pays the rest. The amount of your deductible can eithe increase or decrease monthly payments.",50.00,2,2026-02-08 03:10:44.552346+00
9dd5a9fc-8856-4722-b933-1d429114ddd5,pre,Q11_Open_Confirm,"You were asked whether buying a single company's stock is safer than a stock mutual fund. You answered ""False,"" which is correct. In 1-2 sentences, explain why a mutual fund is generally safer than a single stock.",Risk Management,Diversification (Stock vs Fund),confirm,"A mutual fund is generally safer than a single stock due to the variety, ranging the result possibilities.",50.00,2,2026-02-08 20:24:10.149653+00
9dd5a9fc-8856-4722-b933-1d429114ddd5,pre,Q14_Open_Confirm,"You were asked what happens to risk when an investor spreads money among different assets. You answered ""decreases,"" which is correct. In 1-2 sentences, explain why spreading investments reduces risk.",Risk Management,Diversification Principle,confirm,"When an investor spreads money among different assets, the spreading investment reduces risk due to the various possible outcomes.",50.00,2,2026-02-08 20:25:51.027168+00
9deecd55-2000-4184-a90d-2d7d1f426e6a,pre,Q13_Open_Confirm,"You were asked what a home insurance deductible represents. You answered ""the amount you pay before insurance covers damages,"" which is correct. In 1-2 sentences, explain how a deductible works when you file a claim.",Risk Management,Insurance Deductible,confirm,"I think the deductible is what you pay a company before they start helping you out. At least I hope, I don't know, I remember there was another term, one for what the company requires you to pay before offering their specialities and then what they cover per visit to for example the hospital. ",50.00,2,2026-02-06 15:51:04.271182+00
9deecd55-2000-4184-a90d-2d7d1f426e6a,pre,Q2_Open_Confirm,"You were asked whether a 15-year mortgage has higher monthly payments but lower total interest than a 30-year mortgage. You answered ""True,"" which is correct. In 1-2 sentences, explain why total interest is lower on the shorter mortgage.",Borrowing & Credit,Borrowing/Mortgages,confirm,"I actually don't know. I would assume becuase you're paying more monthly that it would be a lower interest overall, not too sure, I just think that would be the fair thing.",50.00,1,2026-02-06 15:50:07.567357+00
9deecd55-2000-4184-a90d-2d7d1f426e6a,pre,Q3_Open_Confirm,"You were asked whether high inflation means the cost of living is increasing rapidly. You answered ""True,"" which is correct. In 1-2 sentences, explain what inflation means and how it affects everyday life.",Borrowing & Credit,Inflation,confirm,"Inflation is when more money is being printed so the price of products rises therefore the dollar loses value. As the dollar loses value something that cost $10 yesterday costs $15 today. So the cost of living increases, this affects life because it means you have to pay much more for things that used to fit your budget now you have to either cut your expenses or work longer (sometimes you're not allowed or unable so it comes down to how you allocate your money)",50.00,3,2026-02-06 15:47:07.85966+00
9f00d8d0-7d12-455f-bbe4-17b423a32c84,pre,Q2_Open_Confirm,"You were asked whether a 15-year mortgage has higher monthly payments but lower total interest than a 30-year mortgage. You answered ""True,"" which is correct. In 1-2 sentences, explain why total interest is lower on the shorter mortgage.",Borrowing & Credit,Borrowing/Mortgages,confirm,"The interest on the 15 year mortgage has less time to build up because the loan is paid off faster. Even if the monthly payments are higher, the interest that you would pay is for much less time. ",50.00,3,2026-02-07 19:39:47.656507+00
9f00d8d0-7d12-455f-bbe4-17b423a32c84,pre,Q39_Open_Confirm,"You were asked whether stocks are generally riskier than bonds. You answered ""True,"" which is correct. In 1-2 sentences, explain why stocks are considered riskier than bonds.",Investment & Risk,Stocks vs Bonds Risk,confirm,Stocks are riskier because a company's value can change a lot based on their performance. bonds are more fixed interest and are more stable.,50.00,3,2026-02-07 19:40:55.275993+00
a0da234a-2c36-422c-ae2b-115122d78128,pre,Q11_Open_Confirm,"You were asked whether buying a single company's stock is safer than a stock mutual fund. You answered ""False,"" which is correct. In 1-2 sentences, explain why a mutual fund is generally safer than a single stock.",Risk Management,Diversification (Stock vs Fund),confirm,I dont know why,50.00,1,2026-02-08 22:38:05.778726+00
a0da234a-2c36-422c-ae2b-115122d78128,pre,Q30_Open_Confirm,"You were asked whether high-return investments are likely to be high risk. You answered ""True,"" which is correct. In 1-2 sentences, explain why high returns are usually associated with high risk.",Investment & Risk,Risk-Return Tradeoff,confirm,I dont know why but I think its because since you are putting in a lot you could lose a lot,50.00,2,2026-02-08 22:38:14.05498+00
a0da234a-2c36-422c-ae2b-115122d78128,pre,Q40_Open_Confirm,"You were asked about a key factor in the 2007-2008 financial crisis. You answered ""widespread failure to properly assess and manage financial risk,"" which is correct. In 1-2 sentences, explain how poor risk management contributed to the crisis.",Investment & Risk,2008 Financial Crisis,confirm,I dont know but I think low risk management could contribute to the crisis because without managing the risks you are allowing more risks to occur.,50.00,2,2026-02-08 22:38:42.459797+00
a0e3f4a7-6008-426a-a8d8-8446c67fa351,pre,Q33_Open_Confirm,"You were asked: If 1,000 people each buy a lottery ticket with a 1% chance of winning, how many winners would you expect? You answered ""10,"" which is correct. In 1-2 sentences, explain how you calculated this.",Investment & Risk,Probability (% to Count),confirm,I multiplied the number of people by the probability of winning ,50.00,2,2026-02-08 18:25:33.670921+00
a2a40638-a069-4655-8bed-76149dc42e3b,pre,Q10_Open_Confirm,"You were asked which statement about credit reports is FALSE. You correctly identified that ""your credit report is provided by a single source"" is false. In 1-2 sentences, explain why this statement is false.",Borrowing & Credit,Credit Reports,confirm,"This statement is false because your credit report is never provided by a only a single source, multiple things come into play",50.00,2,2026-02-09 05:52:53.083701+00
a31ade29-0fb4-4a9b-bc20-75376361e328,pre,Q2_Open_Confirm,"You were asked whether a 15-year mortgage has higher monthly payments but lower total interest than a 30-year mortgage. You answered ""True,"" which is correct. In 1-2 sentences, explain why total interest is lower on the shorter mortgage.",Borrowing & Credit,Borrowing/Mortgages,confirm,The interest is lower because you are paying your mortgages in a shorter amount of time.,50.00,2,2026-02-06 19:04:00.669599+00
a31ade29-0fb4-4a9b-bc20-75376361e328,pre,Q37_Open_Confirm,"You were asked which insurance protects you if you cause an accident that injures someone. You answered ""auto insurance liability coverage,"" which is correct. In 1-2 sentences, explain what liability coverage does.",Investment & Risk,Insurance Types,confirm,Liability coverage helps pay for accidents you cause. ,50.00,2,2026-02-06 19:04:46.274569+00
a31ade29-0fb4-4a9b-bc20-75376361e328,pre,Q6_Open_Diagnose,"You were asked: A successful effort to lower inflation would likely be accompanied by which of the following? Options were A) A decrease in the general level of prices, B) A slower increase in prices, C) An increase in employment. You answered [student's answer] with high confidence. In 1-2 sentences, explain your reasoning for that answer.",Borrowing & Credit,Inflation (Lowering),diagnose,Inflation would lower for everyone if we decreased the general prices of items as we would be paying less for each item.,50.00,3,2026-02-06 19:02:49.151661+00
a3a69458-2968-46a7-b427-096892858ee0,pre,Q13_Open_Diagnose,"You were asked: What does a home insurance deductible represent? Options were A) Amount you pay before insurance covers damages, B) Monthly premium for coverage, C) Maximum amount insurance will pay. You answered [student's answer] with high confidence. In 1-2 sentences, explain your reasoning for that answer.",Risk Management,Insurance Deductible,diagnose,"I chose answer B because I believe it's a deductible off the fact that you are paying monthly, so that amount is subtracted from whatever else there is to be covered. ",50.00,2,2026-02-09 05:11:03.143377+00
a3a69458-2968-46a7-b427-096892858ee0,pre,Q30_Open_Diagnose,"You were asked: An investment with a high return is likely to be high risk. True or false? You answered ""False"" with high confidence. In 1-2 sentences, explain your reasoning for that answer.",Investment & Risk,Risk-Return Tradeoff,diagnose,"I answered false because I believe that just because there is the potential for a high return, that does not equal or correlate that there will in turn be a high risk.",50.00,3,2026-02-09 05:12:13.185985+00
a6039e28-f1b0-4c3f-8898-f23afea04301,pre,Q12_Open_Diagnose,"You were asked: What is the primary function of health insurance? Options were A) Protect against large unexpected bills, B) Cover routine health care, C) Pay for elective procedures. You answered [student's answer] with high confidence. In 1-2 sentences, explain your reasoning for that answer.",Risk Management,Health Insurance Purpose,diagnose,"The primary function of health insurance is to cover routine health care. This is because health insurance helps people pay for their checkups, vaccines, or medications. I think that this is the primary function because everyone has to go to all types of doctors whether it may be dentist, eye doctor, or your regular psychician and the expenses for these bills can stack up. I think it it less likely that someone may have a large unexpected bill and I think that people don't just get health insurance for that reason. ",50.00,3,2026-02-06 01:55:52.920297+00
a7528c8b-7074-49f1-b105-d1ab2817ce11,pre,Q14_Open_Diagnose,"You were asked: When an investor spreads money among different assets, does the risk of losing money increase, decrease, or stay the same? You answered [student's answer] with high confidence. In 1-2 sentences, explain your reasoning for that answer.",Risk Management,Diversification Principle,diagnose,Spreading your money across many different investments is actually the safer route in terms of investing. I read this question wrong.,50.00,3,2026-02-08 17:43:30.055414+00
a7528c8b-7074-49f1-b105-d1ab2817ce11,pre,Q36_Open_Diagnose,"You were asked: Is it less likely you'll lose all your money if you save it in more than one place? You answered ""False"" with high confidence. In 1-2 sentences, explain your reasoning for that answer.",Investment & Risk,Diversification Principle,diagnose,"Again, I meant to put true for this answer. You should have multiple ways of saving your money to insure safety.",50.00,3,2026-02-08 17:44:14.865089+00
a7528c8b-7074-49f1-b105-d1ab2817ce11,pre,Q39_Open_Diagnose,"You were asked: Are stocks generally riskier than bonds? You answered ""False"" with high confidence. In 1-2 sentences, explain your reasoning for that answer.",Investment & Risk,Stocks vs Bonds Risk,diagnose,"Bonds encompass several different stocks (to my knowledge), so having more investments in one is generally safer.",50.00,3,2026-02-08 17:44:35.973704+00
a7636054-1da1-4e4f-8642-add40dc2c6dd,pre,Q2_Open_Diagnose,"You were asked: A 15-year mortgage typically requires higher monthly payments than a 30-year mortgage, but the total interest paid over the life of the loan will be less. True or false? You answered ""False"" with high confidence. In 1-2 sentences, explain your reasoning for that answer.",Borrowing & Credit,Borrowing/Mortgages,diagnose,I don't think the time span would make a difference in the monthly payments and if interest is fixed to a certain percentage per year than that would not decrease over time,50.00,2,2026-02-07 21:09:00.355875+00
a7636054-1da1-4e4f-8642-add40dc2c6dd,pre,Q36_Open_Diagnose,"You were asked: Is it less likely you'll lose all your money if you save it in more than one place? You answered ""False"" with high confidence. In 1-2 sentences, explain your reasoning for that answer.",Investment & Risk,Diversification Principle,diagnose,If you keep smaller parts of you money in multiple different places losing one would not mean losing the other so its best to distribute it over more than one place,50.00,3,2026-02-07 21:11:23.513923+00
a7636054-1da1-4e4f-8642-add40dc2c6dd,pre,Q38_Open_Confirm,"You were asked which investment best protects purchasing power during sudden high inflation. You answered ""a house financed with a fixed-rate mortgage,"" which is correct. In 1-2 sentences, explain why this protects against inflation.",Investment & Risk,Inflation Protection,confirm,"The price of the monthly mortgage payments would stay the same so you be technically paying \""less\"" money then the time before inflation ",50.00,3,2026-02-07 21:13:07.681614+00
a7872987-1365-423b-99b2-84ffe939d6a8,pre,Q11_Open_Confirm,"You were asked whether buying a single company's stock is safer than a stock mutual fund. You answered ""False,"" which is correct. In 1-2 sentences, explain why a mutual fund is generally safer than a single stock.",Risk Management,Diversification (Stock vs Fund),confirm,"This is safer because it means pooling one's money into multiple accounts, which spreads risk.",50.00,3,2026-02-05 22:43:16.967985+00
a7872987-1365-423b-99b2-84ffe939d6a8,pre,Q3_Open_Confirm,"You were asked whether high inflation means the cost of living is increasing rapidly. You answered ""True,"" which is correct. In 1-2 sentences, explain what inflation means and how it affects everyday life.",Borrowing & Credit,Inflation,confirm,"Inflation is a set increase in prices for goods and services set by the Central Bank. For me, that means buying groceries and clothing can be more expensive at times.",50.00,2,2026-02-05 22:40:04.616146+00
a7872987-1365-423b-99b2-84ffe939d6a8,pre,Q9_Open_Confirm,"You were asked about the primary advantage of making a household budget. You answered ""ensures funds are available for bill paying and saving,"" which is correct. In 1-2 sentences, explain how a budget helps achieve this.",Borrowing & Credit,Budgeting,confirm,"Budgeting allocates a portion of one's income to everyday expenses and the rest to savings, while only allowing a set amount for spending. This is essential because if one spends outside their means, they won't have money left to pay bills.",50.00,2,2026-02-05 22:41:23.493767+00
a7fde537-f72d-4a01-8a33-aa258253d7a9,pre,Q29_Open_Diagnose,"You were asked: If interest rates rise, what typically happens to bond prices? Options were A) They rise, B) They fall, C) They stay the same, D) No relationship. You answered [student's answer] with high confidence. In 1-2 sentences, explain your reasoning for that answer.",Investment & Risk,Interest Rates & Bonds,diagnose,"They rise because the cost of borrowing increased which leads to slower growth in the stock market, meaning that bonds are a better investment comparatively.",50.00,3,2026-02-02 19:19:04.575149+00
a7fde537-f72d-4a01-8a33-aa258253d7a9,pre,Q31_Open_Diagnose,"You were asked: What does the stock market do? Options were A) Results in gains for investors, B) Guarantees investors a profit, C) Brings buyers and sellers together. You answered [student's answer] with high confidence. In 1-2 sentences, explain your reasoning for that answer.",Investment & Risk,Stock Market Function,diagnose,It results in gains for investors if they invest well.,50.00,1,2026-02-02 19:21:30.091874+00
a81b2970-d3f5-436c-924a-8a7dde26435c,pre,Q33_Open_Confirm,"You were asked: If 1,000 people each buy a lottery ticket with a 1% chance of winning, how many winners would you expect? You answered ""10,"" which is correct. In 1-2 sentences, explain how you calculated this.",Investment & Risk,Probability (% to Count),confirm,"I multiplied the number of people which is 1,000 by the chance % of winning which in this case is 1%. After doing that equation I got a answer of 10. ",50.00,3,2026-02-04 04:05:02.921037+00
a81eb031-174d-44d7-a973-106fa5682191,pre,Q36_Open_Diagnose,"You were asked: Is it less likely you'll lose all your money if you save it in more than one place? You answered ""False"" with high confidence. In 1-2 sentences, explain your reasoning for that answer.",Investment & Risk,Diversification Principle,diagnose,I think you can put your money anywhere and don't have to worry about losing all of it.,50.00,2,2026-02-08 07:06:08.926456+00
a81eb031-174d-44d7-a973-106fa5682191,pre,Q5_Open_Diagnose,"You were asked: How much should Lyle have set aside for emergency savings? The options were A) $200 or so, B) One month's rent, C) Three or more months of expenses. You answered [student's answer] with high confidence. In 1-2 sentences, explain your reasoning for that answer.",Borrowing & Credit,Emergency Fund,diagnose,I said three or more months of expenses because that just seems logical. It would be nice to have back up savings that amount to a long period of time just in case you're in a situation where you can't work for a while.,50.00,3,2026-02-08 07:04:58.548512+00
a81eb031-174d-44d7-a973-106fa5682191,pre,Q7_Open_Diagnose,"You were asked: Which group would have the greatest problem during periods of high inflation? Options were A) Young working couples, B) Older working couples saving for retirement, C) Retirees on a fixed income. You answered [student's answer] with high confidence. In 1-2 sentences, explain your reasoning for that answer.",Borrowing & Credit,Inflation (Fixed Income),diagnose,I chose young working couples because they probably don't have much savings yet and have less money to comfortably navigate a period of high inflation.,50.00,3,2026-02-08 07:04:06.808926+00
a82dad59-7acd-4972-8c1c-a3f6b047bf81,pre,Q32_Open_Diagnose,"You were asked: Over a long time period (10-20 years), which asset normally gives the highest return? Options were A) Savings accounts, B) Bonds, C) Stocks. You answered [student's answer] with high confidence. In 1-2 sentences, explain your reasoning for that answer.",Investment & Risk,Long-Term Asset Returns,diagnose,"Bonds because its a spread out investment that basically guarantees growth, you essentially will be receiving money owed by the government every payout and buying bonds it times of crisis almost always show great return.",50.00,3,2026-02-09 00:48:43.531354+00
a82dad59-7acd-4972-8c1c-a3f6b047bf81,pre,Q36_Open_Diagnose,"You were asked: Is it less likely you'll lose all your money if you save it in more than one place? You answered ""False"" with high confidence. In 1-2 sentences, explain your reasoning for that answer.",Investment & Risk,Diversification Principle,diagnose,"I accidentally said false, I actually agree. If one of your investments does bad you'll have many more to rely on if your investments are diversified. That's why mutual bonds are so great, they diversify your investment for you.",50.00,3,2026-02-09 00:45:07.199731+00
a82dad59-7acd-4972-8c1c-a3f6b047bf81,pre,Q40_Open_Diagnose,"You were asked: What was a key factor in the 2007-2008 financial crisis? Options were A) Strong regulation, B) Failure to manage risk, C) High savings rates, D) Low borrowing. You answered [student's answer] with high confidence. In 1-2 sentences, explain your reasoning for that answer.",Investment & Risk,2008 Financial Crisis,diagnose,"there was low borrowing, so there was less money for the banks to distribute because they usually only are required to keep 10% of your money and use the rest to loan out to other buyers. With less borrowing, there was less inflow of money to hand out so interest rates sky rocketed and the housing market crashed.",50.00,3,2026-02-09 00:46:31.476661+00
a83f71ed-84e8-4fd8-ab81-1b2b11bed6ea,pre,Q11_Open_Diagnose,"You were asked: Is buying a single company's stock usually safer than a stock mutual fund? True or false? You answered ""True"" with high confidence. In 1-2 sentences, explain your reasoning for that answer.",Risk Management,Diversification (Stock vs Fund),diagnose,Because it was my gut feeling. ,50.00,2,2026-02-09 01:09:24.155311+00
a83f71ed-84e8-4fd8-ab81-1b2b11bed6ea,pre,Q1_Open_Confirm,"You were asked: If you put $100 in a savings account at 2% annual interest, how much would you have after 5 years? You answered ""More than $102,"" which is correct. In 1-2 sentences, explain why the amount is more than $102.",Borrowing & Credit,Compound Interest,confirm,Because intrest is earned annually over five years. ,50.00,2,2026-02-09 01:10:59.005506+00
a83f71ed-84e8-4fd8-ab81-1b2b11bed6ea,pre,Q2_Open_Confirm,"You were asked whether a 15-year mortgage has higher monthly payments but lower total interest than a 30-year mortgage. You answered ""True,"" which is correct. In 1-2 sentences, explain why total interest is lower on the shorter mortgage.",Borrowing & Credit,Borrowing/Mortgages,confirm,It has lower interest rates. And it also has faster principal reduction. ,50.00,2,2026-02-09 01:09:57.362765+00
a85190c2-d331-4c59-b7d7-ec4d5454ead2,pre,Q10_Open_Diagnose,"You were asked: Which statement about credit reports is FALSE? Options were A) Employers use them to screen applicants, B) They include a credit worthiness assessment, C) They are provided by a single source. You answered [student's answer] with high confidence, indicating you thought that statement was false. In 1-2 sentences, explain your reasoning.",Borrowing & Credit,Credit Reports,diagnose,I know that credit worthiness is deterring your credit score,50.00,2,2026-02-09 02:33:52.898284+00
a85190c2-d331-4c59-b7d7-ec4d5454ead2,pre,Q11_Open_Diagnose,"You were asked: Is buying a single company's stock usually safer than a stock mutual fund? True or false? You answered ""True"" with high confidence. In 1-2 sentences, explain your reasoning for that answer.",Risk Management,Diversification (Stock vs Fund),diagnose,Buying a stock option is safer,50.00,3,2026-02-09 02:34:34.445681+00
a85190c2-d331-4c59-b7d7-ec4d5454ead2,pre,Q8_Open_Diagnose,"You were asked: What can Jayden likely negotiate with an auto loan lender? Options were A) Interest rate only, B) Down payment only, C) Both, D) Neither. You answered [student's answer] with high confidence. In 1-2 sentences, explain your reasoning for that answer.",Borrowing & Credit,Auto Loans,diagnose,Both because you can negotiate both ,50.00,3,2026-02-09 02:34:18.854148+00
a87a3b99-b9f7-4072-8207-e014c7bf7d11,pre,Q2_Open_Diagnose,"You were asked: A 15-year mortgage typically requires higher monthly payments than a 30-year mortgage, but the total interest paid over the life of the loan will be less. True or false? You answered ""False"" with high confidence. In 1-2 sentences, explain your reasoning for that answer.",Borrowing & Credit,Borrowing/Mortgages,diagnose,I genuinely just went with my gut and do not know the right answer.,50.00,1,2026-02-05 23:01:53.795709+00
a87a3b99-b9f7-4072-8207-e014c7bf7d11,pre,Q30_Open_Diagnose,"You were asked: An investment with a high return is likely to be high risk. True or false? You answered ""False"" with high confidence. In 1-2 sentences, explain your reasoning for that answer.",Investment & Risk,Risk-Return Tradeoff,diagnose,Because the more you gain the more you can lose.,50.00,2,2026-02-05 23:03:29.605957+00
a87a3b99-b9f7-4072-8207-e014c7bf7d11,pre,Q7_Open_Diagnose,"You were asked: Which group would have the greatest problem during periods of high inflation? Options were A) Young working couples, B) Older working couples saving for retirement, C) Retirees on a fixed income. You answered [student's answer] with high confidence. In 1-2 sentences, explain your reasoning for that answer.",Borrowing & Credit,Inflation (Fixed Income),diagnose,I think younger working couples because they do not have much experience compared to the others.,50.00,2,2026-02-05 23:02:46.210284+00
a880abd6-deaf-4216-9e15-ca90c0c628ee,pre,Q11_Open_Diagnose,"You were asked: Is buying a single company's stock usually safer than a stock mutual fund? True or false? You answered ""True"" with high confidence. In 1-2 sentences, explain your reasoning for that answer.",Risk Management,Diversification (Stock vs Fund),diagnose,"I misclicked true, I do not know. ",50.00,3,2026-02-03 00:19:43.828054+00
a880abd6-deaf-4216-9e15-ca90c0c628ee,pre,Q3_Open_Confirm,"You were asked whether high inflation means the cost of living is increasing rapidly. You answered ""True,"" which is correct. In 1-2 sentences, explain what inflation means and how it affects everyday life.",Borrowing & Credit,Inflation,confirm,"Inflation is when a countries currency loses value usually due to the printing of an excess amount of money. Working class and middle class families as a result have to spend more money on essential goods, their money is worth less and prices increase. ",50.00,3,2026-02-03 00:20:27.673595+00
a880abd6-deaf-4216-9e15-ca90c0c628ee,pre,Q7_Open_Diagnose,"You were asked: Which group would have the greatest problem during periods of high inflation? Options were A) Young working couples, B) Older working couples saving for retirement, C) Retirees on a fixed income. You answered [student's answer] with high confidence. In 1-2 sentences, explain your reasoning for that answer.",Borrowing & Credit,Inflation (Fixed Income),diagnose,"Although I initially answered: B I want to change my answer to A because young couples typically have less savings, a lower salary and less job stability. ",50.00,3,2026-02-03 00:18:04.585814+00
a8c40b47-25c3-44a5-a2a0-e1d5b20b8c04,pre,Q10_Open_Diagnose,"You were asked: Which statement about credit reports is FALSE? Options were A) Employers use them to screen applicants, B) They include a credit worthiness assessment, C) They are provided by a single source. You answered [student's answer] with high confidence, indicating you thought that statement was false. In 1-2 sentences, explain your reasoning.",Borrowing & Credit,Credit Reports,diagnose,I answered C. I believe there are 3 major credit bureaus in the States so that rules C out. ,50.00,3,2026-02-09 01:35:38.800328+00
a8c40b47-25c3-44a5-a2a0-e1d5b20b8c04,pre,Q38_Open_Diagnose,"You were asked: Which investment best protects purchasing power during sudden high inflation? Options were A) 10-year fixed bond, B) Bank CD, C) 25-year fixed mortgage (debt), D) House with fixed mortgage. You answered [student's answer] with high confidence. In 1-2 sentences, explain your reasoning for that answer.",Investment & Risk,Inflation Protection,diagnose,D. I guess inflation helps you since your mortgage stays the same through it.,50.00,3,2026-02-09 01:46:02.930145+00
a8c40b47-25c3-44a5-a2a0-e1d5b20b8c04,pre,Q40_Open_Diagnose,"You were asked: What was a key factor in the 2007-2008 financial crisis? Options were A) Strong regulation, B) Failure to manage risk, C) High savings rates, D) Low borrowing. You answered [student's answer] with high confidence. In 1-2 sentences, explain your reasoning for that answer.",Investment & Risk,2008 Financial Crisis,diagnose,I answered D. Prior to the crash I think banks were giving many loans out and people couldn’t pay them back so they defaulted and the banks lost money. People didn’t have money and couldn’t take out loans they wouldn’t qualify for.,50.00,1,2026-02-09 01:40:08.805972+00
a980a6ec-a7eb-4bf5-bdb3-685b0b9811a8,pre,Q11_Open_Confirm,"You were asked whether buying a single company's stock is safer than a stock mutual fund. You answered ""False,"" which is correct. In 1-2 sentences, explain why a mutual fund is generally safer than a single stock.",Risk Management,Diversification (Stock vs Fund),confirm,because its diversified,50.00,3,2026-02-06 13:18:24.84016+00
a980a6ec-a7eb-4bf5-bdb3-685b0b9811a8,pre,Q30_Open_Diagnose,"You were asked: An investment with a high return is likely to be high risk. True or false? You answered ""False"" with high confidence. In 1-2 sentences, explain your reasoning for that answer.",Investment & Risk,Risk-Return Tradeoff,diagnose,there are ways to predict high return on something with low risk,50.00,3,2026-02-06 13:17:10.771431+00
a980a6ec-a7eb-4bf5-bdb3-685b0b9811a8,pre,Q7_Open_Diagnose,"You were asked: Which group would have the greatest problem during periods of high inflation? Options were A) Young working couples, B) Older working couples saving for retirement, C) Retirees on a fixed income. You answered [student's answer] with high confidence. In 1-2 sentences, explain your reasoning for that answer.",Borrowing & Credit,Inflation (Fixed Income),diagnose,buying power is less,50.00,3,2026-02-06 13:16:40.281986+00
aac4672d-f43f-4483-90b8-260301b9b234,pre,Q12_Open_Diagnose,"You were asked: What is the primary function of health insurance? Options were A) Protect against large unexpected bills, B) Cover routine health care, C) Pay for elective procedures. You answered [student's answer] with high confidence. In 1-2 sentences, explain your reasoning for that answer.",Risk Management,Health Insurance Purpose,diagnose,"I answered B because health insurance does not cover large unexpected bills, and mainly function with routine health care.",50.00,3,2026-02-02 15:40:51.33238+00
aac4672d-f43f-4483-90b8-260301b9b234,pre,Q2_Open_Confirm,"You were asked whether a 15-year mortgage has higher monthly payments but lower total interest than a 30-year mortgage. You answered ""True,"" which is correct. In 1-2 sentences, explain why total interest is lower on the shorter mortgage.",Borrowing & Credit,Borrowing/Mortgages,confirm,I answered true because a 30-year mortgage will have higher total interest than a 15-year mortgage.,50.00,2,2026-02-02 15:41:54.909053+00
aac4672d-f43f-4483-90b8-260301b9b234,pre,Q9_Open_Diagnose,"You were asked: What is the primary advantage of making a household budget? Options were A) Ensures funds for bills and saving, B) Reduces your taxes, C) Increases investment returns. You answered [student's answer] with high confidence. In 1-2 sentences, explain your reasoning for that answer.",Borrowing & Credit,Budgeting,diagnose,"I answered C and I was incorrect, it should be A.",50.00,1,2026-02-02 15:39:57.883093+00
aacab1ae-1b61-47a2-ba28-c7d84370e4b6,pre,Q33_Open_Confirm,"You were asked: If 1,000 people each buy a lottery ticket with a 1% chance of winning, how many winners would you expect? You answered ""10,"" which is correct. In 1-2 sentences, explain how you calculated this.",Investment & Risk,Probability (% to Count),confirm,Each ticket has 1% chance of winning so multiplying this 0.01 by the amount of people who bought lottery tickets gives 10. 10 People ar expected to win.,50.00,2,2026-02-06 05:28:43.906663+00
abc363aa-ffef-4e97-aa3c-44556e34f4d9,pre,Q31_Open_Diagnose,"You were asked: What does the stock market do? Options were A) Results in gains for investors, B) Guarantees investors a profit, C) Brings buyers and sellers together. You answered [student's answer] with high confidence. In 1-2 sentences, explain your reasoning for that answer.",Investment & Risk,Stock Market Function,diagnose,C) I picked C because the stock market doesn't guarantee results or gains for investors so I picked answered brings buyers and sellers together.,50.00,3,2026-02-04 17:30:13.061748+00
abc363aa-ffef-4e97-aa3c-44556e34f4d9,pre,Q7_Open_Diagnose,"You were asked: Which group would have the greatest problem during periods of high inflation? Options were A) Young working couples, B) Older working couples saving for retirement, C) Retirees on a fixed income. You answered [student's answer] with high confidence. In 1-2 sentences, explain your reasoning for that answer.",Borrowing & Credit,Inflation (Fixed Income),diagnose,A) Because the young couple probably doesn't have a lot of money and in increase in prices everywhere would cause more fianicial damage ,50.00,1,2026-02-02 16:07:44.151049+00
ac6519e1-e937-4ec1-966e-acfd0c2670ac,pre,Q2_Open_Diagnose,"You were asked: A 15-year mortgage typically requires higher monthly payments than a 30-year mortgage, but the total interest paid over the life of the loan will be less. True or false? You answered ""False"" with high confidence. In 1-2 sentences, explain your reasoning for that answer.",Borrowing & Credit,Borrowing/Mortgages,diagnose,I should've answered that I wasn't sure,50.00,1,2026-02-08 20:37:33.810556+00
ac6519e1-e937-4ec1-966e-acfd0c2670ac,pre,Q39_Open_Diagnose,"You were asked: Are stocks generally riskier than bonds? You answered ""False"" with high confidence. In 1-2 sentences, explain your reasoning for that answer.",Investment & Risk,Stocks vs Bonds Risk,diagnose,I'm unsure,50.00,1,2026-02-08 20:38:35.819365+00
ac6519e1-e937-4ec1-966e-acfd0c2670ac,pre,Q7_Open_Diagnose,"You were asked: Which group would have the greatest problem during periods of high inflation? Options were A) Young working couples, B) Older working couples saving for retirement, C) Retirees on a fixed income. You answered [student's answer] with high confidence. In 1-2 sentences, explain your reasoning for that answer.",Borrowing & Credit,Inflation (Fixed Income),diagnose,I said young working couples since they likely have the least amount of capital and purchasing power,50.00,3,2026-02-08 20:38:07.430227+00
ad1d1a5c-573c-4de8-bccc-00e1a7c02992,pre,Q13_Open_Diagnose,"You were asked: What does a home insurance deductible represent? Options were A) Amount you pay before insurance covers damages, B) Monthly premium for coverage, C) Maximum amount insurance will pay. You answered [student's answer] with high confidence. In 1-2 sentences, explain your reasoning for that answer.",Risk Management,Insurance Deductible,diagnose,"C, because it is the amount of money that will be deducted from your total cost, as it is covered by insurance.",50.00,2,2026-02-09 00:32:36.127462+00
ad1d1a5c-573c-4de8-bccc-00e1a7c02992,pre,Q6_Open_Diagnose,"You were asked: A successful effort to lower inflation would likely be accompanied by which of the following? Options were A) A decrease in the general level of prices, B) A slower increase in prices, C) An increase in employment. You answered [student's answer] with high confidence. In 1-2 sentences, explain your reasoning for that answer.",Borrowing & Credit,Inflation (Lowering),diagnose,"C, because when inflation decreases, individuals are willing to work for less due to overall prices being lower. This leads to more job seekers and higher employment.",50.00,3,2026-02-09 00:29:59.289461+00
ad2394fd-83c5-4d76-ac55-3cee6d7bed92,pre,Q10_Open_Diagnose,"You were asked: Which statement about credit reports is FALSE? Options were A) Employers use them to screen applicants, B) They include a credit worthiness assessment, C) They are provided by a single source. You answered [student's answer] with high confidence, indicating you thought that statement was false. In 1-2 sentences, explain your reasoning.",Borrowing & Credit,Credit Reports,diagnose,"I read it wrong, the true answer is C. A credit report reflects your score and it made from a variety of data from multiple sources.",50.00,3,2026-02-08 23:56:13.184604+00
ad2394fd-83c5-4d76-ac55-3cee6d7bed92,pre,Q29_Open_Diagnose,"You were asked: If interest rates rise, what typically happens to bond prices? Options were A) They rise, B) They fall, C) They stay the same, D) No relationship. You answered [student's answer] with high confidence. In 1-2 sentences, explain your reasoning for that answer.",Investment & Risk,Interest Rates & Bonds,diagnose,"As interest rates rise, bond prices rise as they will be paying out more. ",50.00,3,2026-02-08 23:57:36.040411+00
af9b116c-1aba-437f-908f-c96e4fc9f816,pre,Q10_Open_Confirm,"You were asked which statement about credit reports is FALSE. You correctly identified that ""your credit report is provided by a single source"" is false. In 1-2 sentences, explain why this statement is false.",Borrowing & Credit,Credit Reports,confirm,"Credit reports are not provided by a single source; they are compiled independently by multiple credit bureaus, which is why reports can differ.",50.00,2,2026-02-08 20:58:25.241784+00
af9b116c-1aba-437f-908f-c96e4fc9f816,pre,Q34_Open_Diagnose,"You were asked: When an investor spreads money among different assets, does risk increase, decrease, or stay the same? You answered [student's answer] with high confidence. In 1-2 sentences, explain your reasoning for that answer.",Investment & Risk,Diversification Effect,diagnose,"Diversifying spreads risk across assets but does not remove it, since broader market risk still affects all investments.",50.00,3,2026-02-08 20:56:08.519466+00
af9b116c-1aba-437f-908f-c96e4fc9f816,pre,Q7_Open_Diagnose,"You were asked: Which group would have the greatest problem during periods of high inflation? Options were A) Young working couples, B) Older working couples saving for retirement, C) Retirees on a fixed income. You answered [student's answer] with high confidence. In 1-2 sentences, explain your reasoning for that answer.",Borrowing & Credit,Inflation (Fixed Income),diagnose,"Young working couples typically have lower incomes and limited savings, so rising prices from high inflation reduce their purchasing power more quickly than for other groups.",50.00,3,2026-02-08 20:55:53.451363+00
b087023b-82d8-4dee-a353-7f55b374290a,pre,Q13_Open_Confirm,"You were asked what a home insurance deductible represents. You answered ""the amount you pay before insurance covers damages,"" which is correct. In 1-2 sentences, explain how a deductible works when you file a claim.",Risk Management,Insurance Deductible,confirm,"When you file a claim, you must always pay a certain amount in order to be covered by insurance. Depending on your deductible or premium, you will have to pay more or less (higher premium, lower deductible and vice versa). ",50.00,2,2026-02-02 21:42:39.306244+00
b087023b-82d8-4dee-a353-7f55b374290a,pre,Q29_Open_Confirm,"You were asked what happens to bond prices when interest rates rise. You answered ""they fall,"" which is correct. In 1-2 sentences, explain why bond prices fall when interest rates rise.",Investment & Risk,Interest Rates & Bonds,confirm,"I'm not sure, it just made sense to me that they would be negatively related. ",50.00,2,2026-02-02 21:44:12.679787+00
b087023b-82d8-4dee-a353-7f55b374290a,pre,Q36_Open_Diagnose,"You were asked: Is it less likely you'll lose all your money if you save it in more than one place? You answered ""False"" with high confidence. In 1-2 sentences, explain your reasoning for that answer.",Investment & Risk,Diversification Principle,diagnose,"When you save all of your money in one place, your savings are not diversified meaning that a change in the market might cause your savings to struggle to balance out.",50.00,2,2026-02-02 21:41:07.538829+00
b28a6ddf-95bd-402b-ab76-489202cb9f4b,pre,Q11_Open_Diagnose,"You were asked: Is buying a single company's stock usually safer than a stock mutual fund? True or false? You answered ""True"" with high confidence. In 1-2 sentences, explain your reasoning for that answer.",Risk Management,Diversification (Stock vs Fund),diagnose,i dont know what a stock mutual fund is ,50.00,3,2026-02-09 02:27:22.523075+00
b28a6ddf-95bd-402b-ab76-489202cb9f4b,pre,Q29_Open_Diagnose,"You were asked: If interest rates rise, what typically happens to bond prices? Options were A) They rise, B) They fall, C) They stay the same, D) No relationship. You answered [student's answer] with high confidence. In 1-2 sentences, explain your reasoning for that answer.",Investment & Risk,Interest Rates & Bonds,diagnose,i cant see my answer here...,50.00,1,2026-02-09 02:28:04.828027+00
b28a6ddf-95bd-402b-ab76-489202cb9f4b,pre,Q2_Open_Diagnose,"You were asked: A 15-year mortgage typically requires higher monthly payments than a 30-year mortgage, but the total interest paid over the life of the loan will be less. True or false? You answered ""False"" with high confidence. In 1-2 sentences, explain your reasoning for that answer.",Borrowing & Credit,Borrowing/Mortgages,diagnose,i didn't think about the question much at first so i just picked an answer. ,50.00,3,2026-02-09 02:25:35.794962+00
b2c72135-1923-4914-bf13-7f5cfdefca19,pre,Q14_Open_Diagnose,"You were asked: When an investor spreads money among different assets, does the risk of losing money increase, decrease, or stay the same? You answered [student's answer] with high confidence. In 1-2 sentences, explain your reasoning for that answer.",Risk Management,Diversification Principle,diagnose,"The risk of losing money should decrease. If someone takes money from one account, you would have others ones that can support you.",50.00,1,2026-02-08 00:23:33.89114+00
b2c72135-1923-4914-bf13-7f5cfdefca19,pre,Q4_Open_Confirm,"You were asked: If you lend $25 to a friend and he gives you $25 back the next day, how much interest has he paid? You answered ""$0,"" which is correct. In 1-2 sentences, explain why the interest is $0.",Borrowing & Credit,Borrowing/Interest,confirm,there is no fee or gained amount of money. so 25 was lost and then I get it back so it cancels out,50.00,2,2026-02-08 00:25:34.87411+00
b2c72135-1923-4914-bf13-7f5cfdefca19,pre,Q5_Open_Confirm,"You were asked how much Lyle should have in emergency savings. You answered ""three or more months of living expenses,"" which is correct. In 1-2 sentences, explain why financial experts recommend this amount.",Borrowing & Credit,Emergency Fund,confirm,its better to have more than less. the option to save the exact amount as rent doesnt give you any space for other expenses.,50.00,2,2026-02-08 00:25:19.92546+00
b2e71b18-5746-4fb2-b924-70d01a46adb8,pre,Q2_Open_Confirm,"You were asked whether a 15-year mortgage has higher monthly payments but lower total interest than a 30-year mortgage. You answered ""True,"" which is correct. In 1-2 sentences, explain why total interest is lower on the shorter mortgage.",Borrowing & Credit,Borrowing/Mortgages,confirm,Total interest is lower on the shorter mortgage because it is paid before interest rises even higher.,50.00,2,2026-02-05 16:53:13.895542+00
b3fb7b09-1de2-4292-8a26-b3d4e5577b85,pre,Q12_Open_Diagnose,"You were asked: What is the primary function of health insurance? Options were A) Protect against large unexpected bills, B) Cover routine health care, C) Pay for elective procedures. You answered [student's answer] with high confidence. In 1-2 sentences, explain your reasoning for that answer.",Risk Management,Health Insurance Purpose,diagnose,Routine health care because it is the most common thing that most americans do ,50.00,2,2026-02-09 04:41:03.545596+00
b3fb7b09-1de2-4292-8a26-b3d4e5577b85,pre,Q35_Open_Confirm,"You were asked whether opportunities to make a lot of money also come with chances to lose a lot. You answered ""True,"" which is correct. In 1-2 sentences, explain why high reward opportunities typically involve high risk.",Investment & Risk,Risk-Return Relationship,confirm,There has to be a trade off ,50.00,2,2026-02-09 04:43:16.463377+00
b3fb7b09-1de2-4292-8a26-b3d4e5577b85,pre,Q5_Open_Confirm,"You were asked how much Lyle should have in emergency savings. You answered ""three or more months of living expenses,"" which is correct. In 1-2 sentences, explain why financial experts recommend this amount.",Borrowing & Credit,Emergency Fund,confirm,"If something unexpected happens (big damage, injury, etc.) he has a good amount of money to pay for that\n",50.00,2,2026-02-09 04:41:44.649462+00
b4e64d66-87af-4c4b-9b90-6d2dbba8377c,pre,Q11_Open_Confirm,"You were asked whether buying a single company's stock is safer than a stock mutual fund. You answered ""False,"" which is correct. In 1-2 sentences, explain why a mutual fund is generally safer than a single stock.",Risk Management,Diversification (Stock vs Fund),confirm,"Mutual funds is less riskier because you are spreading your money and your chances in different companies. If one does bad maybe the other does not. While, one stock if you invest $200, you don't have anything else to sustain that loss.",50.00,3,2026-02-04 02:12:10.769877+00
b4e64d66-87af-4c4b-9b90-6d2dbba8377c,pre,Q3_Open_Confirm,"You were asked whether high inflation means the cost of living is increasing rapidly. You answered ""True,"" which is correct. In 1-2 sentences, explain what inflation means and how it affects everyday life.",Borrowing & Credit,Inflation,confirm,"Inflation is about prices rising over time. I am not certain that the term \""rapidly\"" fits here but I know while prices are up the cost of living is up also.",50.00,3,2026-02-04 02:12:10.769877+00
b4e64d66-87af-4c4b-9b90-6d2dbba8377c,pre,Q7_Open_Diagnose,"You were asked: Which group would have the greatest problem during periods of high inflation? Options were A) Young working couples, B) Older working couples saving for retirement, C) Retirees on a fixed income. You answered [student's answer] with high confidence. In 1-2 sentences, explain your reasoning for that answer.",Borrowing & Credit,Inflation (Fixed Income),diagnose,older working people would have the most trouble because they rely on what they have accumulated throughout time meanwhile prices are rising.,50.00,1,2026-02-04 02:12:10.769877+00
b4ed8baf-c29e-497d-ac08-deeb6142bb9d,pre,Q35_Open_Diagnose,"You were asked: If someone offers you the chance to make a lot of money, is there also likely a chance you could lose a lot? You answered ""False"" with high confidence. In 1-2 sentences, explain your reasoning for that answer.",Investment & Risk,Risk-Return Relationship,diagnose,"I belive that even if there is a chance to make a lot of money, gambling that I could loose more money is not worth the risk. I could work for the money or get it from other ways. ",50.00,3,2026-02-03 20:54:44.274155+00
b562a1db-770f-4e97-a38b-87753b685985,pre,Q13_Open_Confirm,"You were asked what a home insurance deductible represents. You answered ""the amount you pay before insurance covers damages,"" which is correct. In 1-2 sentences, explain how a deductible works when you file a claim.",Risk Management,Insurance Deductible,confirm,The amount you pay before your insurance pays the rest.,50.00,1,2026-02-04 05:47:53.943269+00
b5a8e972-75a5-4e95-83e8-4ddf634a83d3,pre,Q13_Open_Confirm,"You were asked what a home insurance deductible represents. You answered ""the amount you pay before insurance covers damages,"" which is correct. In 1-2 sentences, explain how a deductible works when you file a claim.",Risk Management,Insurance Deductible,confirm,Okay honestly i don't know at all i guessed. ,50.00,1,2026-02-02 21:08:32.659382+00
b5a8e972-75a5-4e95-83e8-4ddf634a83d3,pre,Q4_Open_Confirm,"You were asked: If you lend $25 to a friend and he gives you $25 back the next day, how much interest has he paid? You answered ""$0,"" which is correct. In 1-2 sentences, explain why the interest is $0.",Borrowing & Credit,Borrowing/Interest,confirm,"Because if I lose 25, and then a day later, get 25, it's like nothing ever happened. ",50.00,2,2026-02-02 21:07:59.905307+00
b5a8e972-75a5-4e95-83e8-4ddf634a83d3,pre,Q6_Open_Diagnose,"You were asked: A successful effort to lower inflation would likely be accompanied by which of the following? Options were A) A decrease in the general level of prices, B) A slower increase in prices, C) An increase in employment. You answered [student's answer] with high confidence. In 1-2 sentences, explain your reasoning for that answer.",Borrowing & Credit,Inflation (Lowering),diagnose,I think a decrease in general prices would lower inflation. It would make prices lower which would lower inflation. ,50.00,1,2026-02-02 21:04:24.303629+00
b6118e74-f4dd-4206-9dbf-56c3fc0e7882,pre,Q11_Open_Confirm,"You were asked whether buying a single company's stock is safer than a stock mutual fund. You answered ""False,"" which is correct. In 1-2 sentences, explain why a mutual fund is generally safer than a single stock.",Risk Management,Diversification (Stock vs Fund),confirm,I am not entirely sure.,50.00,1,2026-02-06 18:09:49.890623+00
b6118e74-f4dd-4206-9dbf-56c3fc0e7882,pre,Q35_Open_Confirm,"You were asked whether opportunities to make a lot of money also come with chances to lose a lot. You answered ""True,"" which is correct. In 1-2 sentences, explain why high reward opportunities typically involve high risk.",Investment & Risk,Risk-Return Relationship,confirm,Investing a lot of money doesn't guarantee a high reward,50.00,1,2026-02-06 18:10:34.559468+00
b6118e74-f4dd-4206-9dbf-56c3fc0e7882,pre,Q7_Open_Diagnose,"You were asked: Which group would have the greatest problem during periods of high inflation? Options were A) Young working couples, B) Older working couples saving for retirement, C) Retirees on a fixed income. You answered [student's answer] with high confidence. In 1-2 sentences, explain your reasoning for that answer.",Borrowing & Credit,Inflation (Fixed Income),diagnose,The prices go up therefore they won't be able to save as much.,50.00,2,2026-02-06 18:09:09.652638+00
b6a494db-82df-4bd3-ade2-2449ff8c118c,pre,Q10_Open_Diagnose,"You were asked: Which statement about credit reports is FALSE? Options were A) Employers use them to screen applicants, B) They include a credit worthiness assessment, C) They are provided by a single source. You answered [student's answer] with high confidence, indicating you thought that statement was false. In 1-2 sentences, explain your reasoning.",Borrowing & Credit,Credit Reports,diagnose,I would feel like credit reports wouldn't be a fair way to judge a job applicant and would probably be illegal. ,50.00,2,2026-02-06 02:40:19.871141+00
b6a494db-82df-4bd3-ade2-2449ff8c118c,pre,Q12_Open_Diagnose,"You were asked: What is the primary function of health insurance? Options were A) Protect against large unexpected bills, B) Cover routine health care, C) Pay for elective procedures. You answered [student's answer] with high confidence. In 1-2 sentences, explain your reasoning for that answer.",Risk Management,Health Insurance Purpose,diagnose,I know that it only covers routine care as it has covered things like my medicine in prior situations that I have faced.,50.00,3,2026-02-06 02:41:14.250796+00
b6a494db-82df-4bd3-ade2-2449ff8c118c,pre,Q6_Open_Diagnose,"You were asked: A successful effort to lower inflation would likely be accompanied by which of the following? Options were A) A decrease in the general level of prices, B) A slower increase in prices, C) An increase in employment. You answered [student's answer] with high confidence. In 1-2 sentences, explain your reasoning for that answer.",Borrowing & Credit,Inflation (Lowering),diagnose,"I think a lower inflation rate would decrease the general level of prices, because when money isn't inflated as high, we do not need to spend as much money to buy a product.",50.00,2,2026-02-06 02:38:22.403385+00
b73782e7-88f4-4926-8358-a75fdf26ddd8,pre,Q36_Open_Diagnose,"You were asked: Is it less likely you'll lose all your money if you save it in more than one place? You answered ""False"" with high confidence. In 1-2 sentences, explain your reasoning for that answer.",Investment & Risk,Diversification Principle,diagnose,It is important to diversify your investments ,50.00,3,2026-02-03 21:27:04.834645+00
b7c72bb5-d9dd-4958-9627-9aa233fd02e2,pre,Q29_Open_Confirm,"You were asked what happens to bond prices when interest rates rise. You answered ""they fall,"" which is correct. In 1-2 sentences, explain why bond prices fall when interest rates rise.",Investment & Risk,Interest Rates & Bonds,confirm,I am not entirely sure I just think I have heard that from a past economics class.,50.00,1,2026-02-02 23:22:25.171569+00
b7c72bb5-d9dd-4958-9627-9aa233fd02e2,pre,Q32_Open_Diagnose,"You were asked: Over a long time period (10-20 years), which asset normally gives the highest return? Options were A) Savings accounts, B) Bonds, C) Stocks. You answered [student's answer] with high confidence. In 1-2 sentences, explain your reasoning for that answer.",Investment & Risk,Long-Term Asset Returns,diagnose,I gave bonds because stocks are more risky so it could not always give the highest return and savings accounts barely give any return.,50.00,3,2026-02-02 23:21:13.163968+00
b7c72bb5-d9dd-4958-9627-9aa233fd02e2,pre,Q6_Open_Diagnose,"You were asked: A successful effort to lower inflation would likely be accompanied by which of the following? Options were A) A decrease in the general level of prices, B) A slower increase in prices, C) An increase in employment. You answered [student's answer] with high confidence. In 1-2 sentences, explain your reasoning for that answer.",Borrowing & Credit,Inflation (Lowering),diagnose,"You cannot lower prices straight up because deflation is bad too, but we can lower the amount of inflation that occurs. An increase in employment is good for the economy while will lower inflation.",50.00,3,2026-02-02 23:18:43.437654+00
b93a75a3-1fd4-4e1d-b945-136c30f66928,pre,Q13_Open_Confirm,"You were asked what a home insurance deductible represents. You answered ""the amount you pay before insurance covers damages,"" which is correct. In 1-2 sentences, explain how a deductible works when you file a claim.",Risk Management,Insurance Deductible,confirm,"Insurance usually covers most of the damages, but you still need to contribute some money - your deductible.",50.00,1,2026-02-05 23:29:50.018891+00
b93a75a3-1fd4-4e1d-b945-136c30f66928,pre,Q5_Open_Confirm,"You were asked how much Lyle should have in emergency savings. You answered ""three or more months of living expenses,"" which is correct. In 1-2 sentences, explain why financial experts recommend this amount.",Borrowing & Credit,Emergency Fund,confirm,"If Lyle is out of a job, 3 or so months should be long enough to find another.",50.00,2,2026-02-05 23:25:51.793317+00
b93a75a3-1fd4-4e1d-b945-136c30f66928,pre,Q6_Open_Confirm,"You were asked what happens when inflation is successfully lowered. You answered ""a slower increase in prices,"" which is correct. In 1-2 sentences, explain why lower inflation doesn't mean prices actually fall.",Borrowing & Credit,Inflation (Lowering),confirm,"Lower inflation means the currency is still losing value, just at a lesser rate. So prices would still increase, but not as rapidly.",50.00,2,2026-02-05 23:27:38.432102+00
ba0a703e-bc0c-4e13-a48b-397f9f724e68,pre,Q10_Open_Diagnose,"You were asked: Which statement about credit reports is FALSE? Options were A) Employers use them to screen applicants, B) They include a credit worthiness assessment, C) They are provided by a single source. You answered [student's answer] with high confidence, indicating you thought that statement was false. In 1-2 sentences, explain your reasoning.",Borrowing & Credit,Credit Reports,diagnose,I thought option A that Employers use them to screen applicants as false as it wouldn't make sense for a possible employer to look at your credit report while hiring you as an applicant for a job.,50.00,3,2026-02-02 21:10:54.876818+00
ba0a703e-bc0c-4e13-a48b-397f9f724e68,pre,Q29_Open_Diagnose,"You were asked: If interest rates rise, what typically happens to bond prices? Options were A) They rise, B) They fall, C) They stay the same, D) No relationship. You answered [student's answer] with high confidence. In 1-2 sentences, explain your reasoning for that answer.",Investment & Risk,Interest Rates & Bonds,diagnose,I believe bonds are backed by the government so interest rate would cause bonds to rise as all commodities rise.,50.00,2,2026-02-02 21:17:41.402096+00
ba0a703e-bc0c-4e13-a48b-397f9f724e68,pre,Q37_Open_Diagnose,"You were asked: Which insurance protects you if you cause an accident that injures someone? Options were A) Health insurance, B) Homeowner's insurance, C) Auto liability coverage. You answered [student's answer] with high confidence. In 1-2 sentences, explain your reasoning for that answer.",Investment & Risk,Insurance Types,diagnose,"Health insurance covers someone's health, if you injure someone that is regarded in their health.",50.00,3,2026-02-02 21:19:35.27676+00
ba0a703e-bc0c-4e13-a48b-397f9f724e68,pre,Q3_Open_Diagnose,"You were asked: High inflation means that the cost of living is increasing rapidly. True or false? You answered ""False"" with high confidence. In 1-2 sentences, explain your reasoning for that answer.",Borrowing & Credit,Inflation,diagnose,High inflation does not only mean high cost of living but the increasing of prices for trade which can be ,50.00,2,2026-02-02 22:03:37.48186+00
ba0a703e-bc0c-4e13-a48b-397f9f724e68,pre,Q6_Open_Diagnose,"You were asked: A successful effort to lower inflation would likely be accompanied by which of the following? Options were A) A decrease in the general level of prices, B) A slower increase in prices, C) An increase in employment. You answered [student's answer] with high confidence. In 1-2 sentences, explain your reasoning for that answer.",Borrowing & Credit,Inflation (Lowering),diagnose,I answered for a decrease in general level of prices as everyone is purchasing and to best help everyone is by decreasing prices. ,50.00,3,2026-02-02 21:14:41.265847+00
bb24e8ce-a89d-4411-b2cd-8bff4c34022f,pre,Q5_Open_Diagnose,"You were asked: How much should Lyle have set aside for emergency savings? The options were A) $200 or so, B) One month's rent, C) Three or more months of expenses. You answered [student's answer] with high confidence. In 1-2 sentences, explain your reasoning for that answer.",Borrowing & Credit,Emergency Fund,diagnose,Three or more months of expenses. I chose that answer because the surrounding material in the Financial Literacy Toolkit explains that an emergency fund should cover several months of essential expenses,50.00,3,2026-02-05 14:18:31.451277+00
bb24e8ce-a89d-4411-b2cd-8bff4c34022f,pre,Q8_Open_Diagnose,"You were asked: What can Jayden likely negotiate with an auto loan lender? Options were A) Interest rate only, B) Down payment only, C) Both, D) Neither. You answered [student's answer] with high confidence. In 1-2 sentences, explain your reasoning for that answer.",Borrowing & Credit,Auto Loans,diagnose,"Both. I chose that answer because the surrounding content explains that auto loan terms, like the interest rate and the down payment are often negotiable",50.00,3,2026-02-05 14:19:21.581296+00
bb5da3b2-955c-4de6-89d2-11b57e33b4ec,pre,Q29_Open_Diagnose,"You were asked: If interest rates rise, what typically happens to bond prices? Options were A) They rise, B) They fall, C) They stay the same, D) No relationship. You answered [student's answer] with high confidence. In 1-2 sentences, explain your reasoning for that answer.",Investment & Risk,Interest Rates & Bonds,diagnose,"my screen doesnt say what I answered, bond prices might be more stable so no relationship or stay the same.",50.00,1,2026-02-06 20:15:31.658965+00
bb5da3b2-955c-4de6-89d2-11b57e33b4ec,pre,Q36_Open_Diagnose,"You were asked: Is it less likely you'll lose all your money if you save it in more than one place? You answered ""False"" with high confidence. In 1-2 sentences, explain your reasoning for that answer.",Investment & Risk,Diversification Principle,diagnose,"Well the confidance should be lower but the idea is that wherever you save th emoney could still go wrong like save money in different banks and the banks go through financial struggle, your money might be impacted. I mainly read th equestion for investing through",50.00,1,2026-02-06 20:12:17.244602+00
bb5da3b2-955c-4de6-89d2-11b57e33b4ec,pre,Q37_Open_Diagnose,"You were asked: Which insurance protects you if you cause an accident that injures someone? Options were A) Health insurance, B) Homeowner's insurance, C) Auto liability coverage. You answered [student's answer] with high confidence. In 1-2 sentences, explain your reasoning for that answer.",Investment & Risk,Insurance Types,diagnose,"Well it might depend on the case, car accident then the auto libality migh cover it, health insuarnce covers thing sto do with a person and their health. homeowners insuarance has to do with their house and things that could go wrong like a fire or something",50.00,2,2026-02-06 20:13:58.903492+00
bb836e5a-f2b7-4cf4-a365-ce05aace0762,pre,Q29_Open_Diagnose,"You were asked: If interest rates rise, what typically happens to bond prices? Options were A) They rise, B) They fall, C) They stay the same, D) No relationship. You answered [student's answer] with high confidence. In 1-2 sentences, explain your reasoning for that answer.",Investment & Risk,Interest Rates & Bonds,diagnose,"they fall since as interest rates increase, newly issued bond offer higher yields... making the existing bonds with lower yields less desired.",50.00,3,2026-02-06 16:40:56.932021+00
bb836e5a-f2b7-4cf4-a365-ce05aace0762,pre,Q31_Open_Diagnose,"You were asked: What does the stock market do? Options were A) Results in gains for investors, B) Guarantees investors a profit, C) Brings buyers and sellers together. You answered [student's answer] with high confidence. In 1-2 sentences, explain your reasoning for that answer.",Investment & Risk,Stock Market Function,diagnose,"The stock market is a platform that allows people to buy and sell stock, which results in interaction between buyers and sellers at different prices.",50.00,3,2026-02-06 16:41:54.513351+00
bb836e5a-f2b7-4cf4-a365-ce05aace0762,pre,Q36_Open_Diagnose,"You were asked: Is it less likely you'll lose all your money if you save it in more than one place? You answered ""False"" with high confidence. In 1-2 sentences, explain your reasoning for that answer.",Investment & Risk,Diversification Principle,diagnose,"Saving monet in multiple places reduces the risk of losing money all at once. if one area of investment fails, the money in the other areas is safe. example is you invest in tech, food, retail, etc. One fails the other are most still fine. ",50.00,3,2026-02-06 16:39:34.397084+00
bc98fd0f-95f7-4454-bb26-ce3a238dce86,pre,Q2_Open_Diagnose,"You were asked: A 15-year mortgage typically requires higher monthly payments than a 30-year mortgage, but the total interest paid over the life of the loan will be less. True or false? You answered ""False"" with high confidence. In 1-2 sentences, explain your reasoning for that answer.",Borrowing & Credit,Borrowing/Mortgages,diagnose,"Simple logic. There is no difference between the total amount you pay at the end of the mortgage if you choose 15 or 30 year because no matter the monthly payments amount, it will all be covered in the end. ",50.00,3,2026-02-02 20:36:42.355047+00
bc98fd0f-95f7-4454-bb26-ce3a238dce86,pre,Q30_Open_Diagnose,"You were asked: An investment with a high return is likely to be high risk. True or false? You answered ""False"" with high confidence. In 1-2 sentences, explain your reasoning for that answer.",Investment & Risk,Risk-Return Tradeoff,diagnose,Not all high reward returns are high risk. ,50.00,3,2026-02-02 20:38:37.25574+00
bc98fd0f-95f7-4454-bb26-ce3a238dce86,pre,Q5_Open_Diagnose,"You were asked: How much should Lyle have set aside for emergency savings? The options were A) $200 or so, B) One month's rent, C) Three or more months of expenses. You answered [student's answer] with high confidence. In 1-2 sentences, explain your reasoning for that answer.",Borrowing & Credit,Emergency Fund,diagnose,"The more you have, the better. Without overdoing it of course. ",50.00,3,2026-02-02 20:38:04.679315+00
bd487ddd-6a3b-4b56-8ac2-6dc60cccfdcd,pre,Q6_Open_Diagnose,"You were asked: A successful effort to lower inflation would likely be accompanied by which of the following? Options were A) A decrease in the general level of prices, B) A slower increase in prices, C) An increase in employment. You answered [student's answer] with high confidence. In 1-2 sentences, explain your reasoning for that answer.",Borrowing & Credit,Inflation (Lowering),diagnose,"The answer is C because inflation is caused by the rise of prices and unemployment. If inflation was lowered, that means more people are employed and getting jobs. So employment would increase.",50.00,2,2026-02-03 21:05:31.299742+00
be26c9c9-7eff-4f7a-88a9-db03453a6db9,pre,Q12_Open_Diagnose,"You were asked: What is the primary function of health insurance? Options were A) Protect against large unexpected bills, B) Cover routine health care, C) Pay for elective procedures. You answered [student's answer] with high confidence. In 1-2 sentences, explain your reasoning for that answer.",Risk Management,Health Insurance Purpose,diagnose,"Health Insurance is defiantly good against large unexpected bills, but routine medical visits are a lot more common and are definitely the primary function of health insurance.",50.00,3,2026-02-09 05:53:51.907839+00
be26c9c9-7eff-4f7a-88a9-db03453a6db9,pre,Q5_Open_Diagnose,"You were asked: How much should Lyle have set aside for emergency savings? The options were A) $200 or so, B) One month's rent, C) Three or more months of expenses. You answered [student's answer] with high confidence. In 1-2 sentences, explain your reasoning for that answer.",Borrowing & Credit,Emergency Fund,diagnose,"I choose $200 or so because I feel if he has enough for months rent with his current job, he should set aside money for an emergency fund, but not necessary to over do it, keep money for everyday good likes groceries and gas.",50.00,3,2026-02-09 05:51:41.801861+00
be26c9c9-7eff-4f7a-88a9-db03453a6db9,pre,Q8_Open_Diagnose,"You were asked: What can Jayden likely negotiate with an auto loan lender? Options were A) Interest rate only, B) Down payment only, C) Both, D) Neither. You answered [student's answer] with high confidence. In 1-2 sentences, explain your reasoning for that answer.",Borrowing & Credit,Auto Loans,diagnose,"I said down payment because down payments are a price that the dealership sets, usually interest rates align with the company and are hard to negotiate.",50.00,2,2026-02-09 05:52:49.61273+00
bf8892b1-c801-4b1f-ac88-27b03c01bb83,pre,Q37_Open_Confirm,"You were asked which insurance protects you if you cause an accident that injures someone. You answered ""auto insurance liability coverage,"" which is correct. In 1-2 sentences, explain what liability coverage does.",Investment & Risk,Insurance Types,confirm,liability coverage covers you if you cause and accident depending how and where.,50.00,1,2026-02-04 03:04:07.941466+00
bf8892b1-c801-4b1f-ac88-27b03c01bb83,pre,Q5_Open_Confirm,"You were asked how much Lyle should have in emergency savings. You answered ""three or more months of living expenses,"" which is correct. In 1-2 sentences, explain why financial experts recommend this amount.",Borrowing & Credit,Emergency Fund,confirm,Lyle should save at least 3 or more month of living expenses so if something happens he isn't rushed to find another job and has some wiggle room.,50.00,2,2026-02-04 03:04:07.941466+00
bf8892b1-c801-4b1f-ac88-27b03c01bb83,pre,Q7_Open_Confirm,"You were asked which group has the greatest problem during high inflation. You answered ""retirees living on a fixed income,"" which is correct. In 1-2 sentences, explain why fixed-income retirees struggle most during inflation.",Borrowing & Credit,Inflation (Fixed Income),confirm,People with a fixed income are more likely to have the greatest problem with high inflation because prices are going up but their income is not. If their income doesn't increase as inflation increases they can't maintain their standard of living.,50.00,3,2026-02-04 03:04:07.941466+00
c12d97b4-dfa7-4610-9b05-b7518e5067e9,pre,Q11_Open_Diagnose,"You were asked: Is buying a single company's stock usually safer than a stock mutual fund? True or false? You answered ""True"" with high confidence. In 1-2 sentences, explain your reasoning for that answer.",Risk Management,Diversification (Stock vs Fund),diagnose,"Re-reading this, I disagree with my answer. It makes more sense to diversify your portfolio and invest in multiple stocks incase the one you invest in drops suddenly.",50.00,3,2026-02-02 21:46:04.79916+00
c12d97b4-dfa7-4610-9b05-b7518e5067e9,pre,Q13_Open_Diagnose,"You were asked: What does a home insurance deductible represent? Options were A) Amount you pay before insurance covers damages, B) Monthly premium for coverage, C) Maximum amount insurance will pay. You answered [student's answer] with high confidence. In 1-2 sentences, explain your reasoning for that answer.",Risk Management,Insurance Deductible,diagnose,I think that the deductible is what you pay first? Because it is deducted from the insurance you receive?,50.00,1,2026-02-02 21:47:12.946847+00
c12d97b4-dfa7-4610-9b05-b7518e5067e9,pre,Q29_Open_Confirm,"You were asked what happens to bond prices when interest rates rise. You answered ""they fall,"" which is correct. In 1-2 sentences, explain why bond prices fall when interest rates rise.",Investment & Risk,Interest Rates & Bonds,confirm,Bond prices are directly related to interest rates and their prices will decrease in order to balance with inflation.,50.00,2,2026-02-02 21:48:28.354094+00
c137d690-a4ce-472f-8d03-f791f98a7896,pre,Q10_Open_Diagnose,"You were asked: Which statement about credit reports is FALSE? Options were A) Employers use them to screen applicants, B) They include a credit worthiness assessment, C) They are provided by a single source. You answered [student's answer] with high confidence, indicating you thought that statement was false. In 1-2 sentences, explain your reasoning.",Borrowing & Credit,Credit Reports,diagnose,"C, because many sources come into play when filing a credit report. There needs to be more than one source to gauge it properly. ",50.00,3,2026-02-08 18:17:05.970907+00
c137d690-a4ce-472f-8d03-f791f98a7896,pre,Q13_Open_Diagnose,"You were asked: What does a home insurance deductible represent? Options were A) Amount you pay before insurance covers damages, B) Monthly premium for coverage, C) Maximum amount insurance will pay. You answered [student's answer] with high confidence. In 1-2 sentences, explain your reasoning for that answer.",Risk Management,Insurance Deductible,diagnose,"B, since with a deductible, you pay money to be covered by home insurance. ",50.00,3,2026-02-08 18:18:57.603687+00
c137d690-a4ce-472f-8d03-f791f98a7896,pre,Q6_Open_Diagnose,"You were asked: A successful effort to lower inflation would likely be accompanied by which of the following? Options were A) A decrease in the general level of prices, B) A slower increase in prices, C) An increase in employment. You answered [student's answer] with high confidence. In 1-2 sentences, explain your reasoning for that answer.",Borrowing & Credit,Inflation (Lowering),diagnose,"A, since when inflation goes down, prices on goods go down as well. They work in parallel to each other. ",50.00,3,2026-02-08 18:17:49.726803+00
c17f605b-5168-4ba8-96f3-f122af063115,pre,Q12_Open_Diagnose,"You were asked: What is the primary function of health insurance? Options were A) Protect against large unexpected bills, B) Cover routine health care, C) Pay for elective procedures. You answered [student's answer] with high confidence. In 1-2 sentences, explain your reasoning for that answer.",Risk Management,Health Insurance Purpose,diagnose,becasue its like a help that will help you cover large unexpected cost that you may not be able to aford at that time,50.00,3,2026-02-09 05:24:28.59831+00
c17f605b-5168-4ba8-96f3-f122af063115,pre,Q30_Open_Diagnose,"You were asked: An investment with a high return is likely to be high risk. True or false? You answered ""False"" with high confidence. In 1-2 sentences, explain your reasoning for that answer.",Investment & Risk,Risk-Return Tradeoff,diagnose,becasue if its an investment that is secure that is already growing with the way the world is going is not that it can end the risk but the risk will always be there and it depends more in where you invest ,50.00,3,2026-02-09 05:25:11.107089+00
c17f605b-5168-4ba8-96f3-f122af063115,pre,Q9_Open_Diagnose,"You were asked: What is the primary advantage of making a household budget? Options were A) Ensures funds for bills and saving, B) Reduces your taxes, C) Increases investment returns. You answered [student's answer] with high confidence. In 1-2 sentences, explain your reasoning for that answer.",Borrowing & Credit,Budgeting,diagnose,i anwerd wrong i thik is A becasue it helps you set an ammount of how much you are thinking of spending so you can now if it can happen or not,50.00,3,2026-02-09 05:23:30.142577+00
c343b88c-cf4d-42fa-b8d3-318927d34740,pre,Q13_Open_Diagnose,"You were asked: What does a home insurance deductible represent? Options were A) Amount you pay before insurance covers damages, B) Monthly premium for coverage, C) Maximum amount insurance will pay. You answered [student's answer] with high confidence. In 1-2 sentences, explain your reasoning for that answer.",Risk Management,Insurance Deductible,diagnose,A deductible is the amount that insurance is willing to cover,50.00,2,2026-02-04 20:39:20.918098+00
c343b88c-cf4d-42fa-b8d3-318927d34740,pre,Q36_Open_Diagnose,"You were asked: Is it less likely you'll lose all your money if you save it in more than one place? You answered ""False"" with high confidence. In 1-2 sentences, explain your reasoning for that answer.",Investment & Risk,Diversification Principle,diagnose,I misclicked. Spreading your money means that you won't lose all of it if one avenue goes down.,50.00,3,2026-02-04 20:39:56.756499+00
c343b88c-cf4d-42fa-b8d3-318927d34740,pre,Q38_Open_Diagnose,"You were asked: Which investment best protects purchasing power during sudden high inflation? Options were A) 10-year fixed bond, B) Bank CD, C) 25-year fixed mortgage (debt), D) House with fixed mortgage. You answered [student's answer] with high confidence. In 1-2 sentences, explain your reasoning for that answer.",Investment & Risk,Inflation Protection,diagnose,Fixed bonds provide the most stability,50.00,2,2026-02-04 20:41:02.457118+00
c3539fe2-e0c1-4c5d-8cf3-7f90576b05eb,pre,Q31_Open_Confirm,"You were asked what the stock market does. You answered ""brings together buyers and sellers of stocks,"" which is correct. In 1-2 sentences, explain why this function is important.",Investment & Risk,Stock Market Function,confirm,Its important because many companies want more money for their company to operate and also many people want to sell stocks to gain profit. Many want to buy stocks for a finacial returns and have another source of income which keeps the economy functioning. ,50.00,2,2026-02-08 23:13:25.297628+00
c3539fe2-e0c1-4c5d-8cf3-7f90576b05eb,pre,Q5_Open_Confirm,"You were asked how much Lyle should have in emergency savings. You answered ""three or more months of living expenses,"" which is correct. In 1-2 sentences, explain why financial experts recommend this amount.",Borrowing & Credit,Emergency Fund,confirm,If there is an emergency and lyle cant work he has several months worth of money to contiue living normally but also enough to cover the expenses of his energency. ,50.00,3,2026-02-08 23:10:47.289172+00
c3c55f45-a506-4228-8825-6d2cfd59b878,pre,Q36_Open_Diagnose,"You were asked: Is it less likely you'll lose all your money if you save it in more than one place? You answered ""False"" with high confidence. In 1-2 sentences, explain your reasoning for that answer.",Investment & Risk,Diversification Principle,diagnose,As if one outlet of income investment fails others would still be able to succeed. ,50.00,3,2026-02-07 18:39:08.525861+00
c3c55f45-a506-4228-8825-6d2cfd59b878,pre,Q5_Open_Diagnose,"You were asked: How much should Lyle have set aside for emergency savings? The options were A) $200 or so, B) One month's rent, C) Three or more months of expenses. You answered [student's answer] with high confidence. In 1-2 sentences, explain your reasoning for that answer.",Borrowing & Credit,Emergency Fund,diagnose,I change my mind to A) as it would be difficult to set aside one months rent. Lyle would be better of setting aside 200.,50.00,3,2026-02-07 18:38:35.003067+00
c3c55f45-a506-4228-8825-6d2cfd59b878,pre,Q7_Open_Diagnose,"You were asked: Which group would have the greatest problem during periods of high inflation? Options were A) Young working couples, B) Older working couples saving for retirement, C) Retirees on a fixed income. You answered [student's answer] with high confidence. In 1-2 sentences, explain your reasoning for that answer.",Borrowing & Credit,Inflation (Fixed Income),diagnose,I change my mind to fixed income as there is little room for income growth and purchasing power. Other couples would have room for growth. ,50.00,3,2026-02-07 18:36:34.618356+00
c4e07b47-5b9c-47d3-97b7-dbbd17f07f63,pre,Q10_Open_Diagnose,"You were asked: Which statement about credit reports is FALSE? Options were A) Employers use them to screen applicants, B) They include a credit worthiness assessment, C) They are provided by a single source. You answered [student's answer] with high confidence, indicating you thought that statement was false. In 1-2 sentences, explain your reasoning.",Borrowing & Credit,Credit Reports,diagnose,"My credit card report was not checked or verified with my employer before getting my part-time job, and seemed to have no affect on the decision process. Therefore, I had made the decision to choose \""A\"" as my answer based on personal experience.",50.00,3,2026-02-03 05:07:10.482643+00
c4e07b47-5b9c-47d3-97b7-dbbd17f07f63,pre,Q36_Open_Diagnose,"You were asked: Is it less likely you'll lose all your money if you save it in more than one place? You answered ""False"" with high confidence. In 1-2 sentences, explain your reasoning for that answer.",Investment & Risk,Diversification Principle,diagnose,"It seems that instead of marking my answer as \""True\"" as initially intended, I come to realize that I must have acted in haste, without properly reading the prompt. Hence my answer as false with high confidence.",50.00,3,2026-02-03 05:07:10.482643+00
c4e07b47-5b9c-47d3-97b7-dbbd17f07f63,pre,Q38_Open_Diagnose,"You were asked: Which investment best protects purchasing power during sudden high inflation? Options were A) 10-year fixed bond, B) Bank CD, C) 25-year fixed mortgage (debt), D) House with fixed mortgage. You answered [student's answer] with high confidence. In 1-2 sentences, explain your reasoning for that answer.",Investment & Risk,Inflation Protection,diagnose,I chose Bank CD because with an economy experiencing high inflation the amount you make when investing in a CD with increase according to the increases found in the economy. Given the increase in prices due to inflation the investments like CD's and the stock market will see much greater returns.,50.00,3,2026-02-03 05:07:10.482643+00
c579d10a-c7d4-48dd-8a51-5750953ad8e7,pre,Q30_Open_Diagnose,"You were asked: An investment with a high return is likely to be high risk. True or false? You answered ""False"" with high confidence. In 1-2 sentences, explain your reasoning for that answer.",Investment & Risk,Risk-Return Tradeoff,diagnose,Investment sth offer higher returns usually come with higher risk because the chance of losing money increases along with the potential reward. ,50.00,3,2026-02-04 01:10:37.943524+00
c579d10a-c7d4-48dd-8a51-5750953ad8e7,pre,Q3_Open_Diagnose,"You were asked: High inflation means that the cost of living is increasing rapidly. True or false? You answered ""False"" with high confidence. In 1-2 sentences, explain your reasoning for that answer.",Borrowing & Credit,Inflation,diagnose,"True because high inflammation means prices rise quickly, so the cost of living increases. ",50.00,3,2026-02-04 01:10:37.943524+00
c579d10a-c7d4-48dd-8a51-5750953ad8e7,pre,Q5_Open_Diagnose,"You were asked: How much should Lyle have set aside for emergency savings? The options were A) $200 or so, B) One month's rent, C) Three or more months of expenses. You answered [student's answer] with high confidence. In 1-2 sentences, explain your reasoning for that answer.",Borrowing & Credit,Emergency Fund,diagnose,With at least 3 months of expenses so an individual can handle a job. ,50.00,3,2026-02-04 01:10:37.943524+00
c7b7547c-f39e-41c8-9f24-2b65883a7080,pre,Q11_Open_Confirm,"You were asked whether buying a single company's stock is safer than a stock mutual fund. You answered ""False,"" which is correct. In 1-2 sentences, explain why a mutual fund is generally safer than a single stock.",Risk Management,Diversification (Stock vs Fund),confirm,A mutual fund is generally safer than a single stock because it leads the investment to spread over many different companies and reduces the risk of losing all the money invested if one of the companies perform poorly. ,50.00,2,2026-02-09 05:36:13.001577+00
c7b7547c-f39e-41c8-9f24-2b65883a7080,pre,Q2_Open_Confirm,"You were asked whether a 15-year mortgage has higher monthly payments but lower total interest than a 30-year mortgage. You answered ""True,"" which is correct. In 1-2 sentences, explain why total interest is lower on the shorter mortgage.",Borrowing & Credit,Borrowing/Mortgages,confirm,Total interest is lower on the shorter mortgage because the loan is being paid off in shorter time frame which leads interest to accrue for less years and at a lower rate. This causes less total interest to be paid off over the course of the loan.,50.00,2,2026-02-09 05:34:17.79628+00
c7b7547c-f39e-41c8-9f24-2b65883a7080,pre,Q3_Open_Confirm,"You were asked whether high inflation means the cost of living is increasing rapidly. You answered ""True,"" which is correct. In 1-2 sentences, explain what inflation means and how it affects everyday life.",Borrowing & Credit,Inflation,confirm,"Inflation means that the rate of general prices of goods and services rises over time and reduces purchasing power of money. It affects the daily life cycle as it makes basic necessities of living structurally like food, gas, and housing more expensive and leads household budgets to be strained out.",50.00,2,2026-02-09 05:32:19.808509+00
c8e7be49-d2f0-4bed-88f3-6f685e95f315,pre,Q13_Open_Confirm,"You were asked what a home insurance deductible represents. You answered ""the amount you pay before insurance covers damages,"" which is correct. In 1-2 sentences, explain how a deductible works when you file a claim.",Risk Management,Insurance Deductible,confirm,This is the amount you pay out of pocket before the insurance covers the rest of the expense.,50.00,1,2026-02-03 21:02:45.417411+00
c8e7be49-d2f0-4bed-88f3-6f685e95f315,pre,Q31_Open_Confirm,"You were asked what the stock market does. You answered ""brings together buyers and sellers of stocks,"" which is correct. In 1-2 sentences, explain why this function is important.",Investment & Risk,Stock Market Function,confirm,"This allows companies to raise money from investors, and it gives investors the chance to build wealth through the stocks.",50.00,1,2026-02-03 21:02:45.417411+00
c8e7be49-d2f0-4bed-88f3-6f685e95f315,pre,Q8_Open_Confirm,"You were asked what Jayden can negotiate when getting an auto loan. You answered ""both interest rate and down payment,"" which is correct. In 1-2 sentences, explain why it's possible to negotiate these terms.",Borrowing & Credit,Auto Loans,confirm,"Because both are dependent on the seller, and there are no fixed laws that can not be changed.",50.00,1,2026-02-03 21:02:45.417411+00
c9399148-9ff0-43da-9225-3a561184625b,pre,Q14_Open_Confirm,"You were asked what happens to risk when an investor spreads money among different assets. You answered ""decreases,"" which is correct. In 1-2 sentences, explain why spreading investments reduces risk.",Risk Management,Diversification Principle,confirm,"Spreading investments reduces risk because losses in one asset can be offset by gains or stability in others. This prevents an investor from depending on a single investment, making overall returns more stable.",50.00,2,2026-02-03 21:56:44.997653+00
c9399148-9ff0-43da-9225-3a561184625b,pre,Q4_Open_Diagnose,"You were asked: If you lend $25 to a friend and he gives you $25 back the next day, how much interest has he paid? The options were A) $25, B) $0. You answered ""$25"" with high confidence. In 1-2 sentences, explain your reasoning for that answer.",Borrowing & Credit,Borrowing/Interest,diagnose,The amount of interest paid would be A,50.00,2,2026-02-03 21:56:44.997653+00
c9399148-9ff0-43da-9225-3a561184625b,pre,Q7_Open_Diagnose,"You were asked: Which group would have the greatest problem during periods of high inflation? Options were A) Young working couples, B) Older working couples saving for retirement, C) Retirees on a fixed income. You answered [student's answer] with high confidence. In 1-2 sentences, explain your reasoning for that answer.",Borrowing & Credit,Inflation (Fixed Income),diagnose,The group that has the greatest Problem during period of high inflation would be option A ,50.00,2,2026-02-03 21:56:44.997653+00
ca8015a0-da22-49e3-83b0-9a0b644843c8,pre,Q12_Open_Confirm,"You were asked about the primary function of health insurance. You answered ""protect against large unexpected medical bills,"" which is correct. In 1-2 sentences, explain why this is the main purpose of health insurance.",Risk Management,Health Insurance Purpose,confirm,"These expenses are more unafforable than regular doctor visits and since they happen unexpectedly, most people don't have the money to pay out of pocket.",50.00,2,2026-02-02 16:52:17.944704+00
cab48f7c-7faf-4dc5-8a4e-41426cb40f70,pre,Q13_Open_Diagnose,"You were asked: What does a home insurance deductible represent? Options were A) Amount you pay before insurance covers damages, B) Monthly premium for coverage, C) Maximum amount insurance will pay. You answered [student's answer] with high confidence. In 1-2 sentences, explain your reasoning for that answer.",Risk Management,Insurance Deductible,diagnose,A home insurance deductible represents the max amount insurance will pay. ,50.00,1,2026-02-09 05:06:13.93511+00
cab48f7c-7faf-4dc5-8a4e-41426cb40f70,pre,Q4_Open_Confirm,"You were asked: If you lend $25 to a friend and he gives you $25 back the next day, how much interest has he paid? You answered ""$0,"" which is correct. In 1-2 sentences, explain why the interest is $0.",Borrowing & Credit,Borrowing/Interest,confirm,Interest is an amount a lender receives as payment from the borrower for the borrowed amount.,50.00,3,2026-02-09 05:07:37.249629+00
cab48f7c-7faf-4dc5-8a4e-41426cb40f70,pre,Q8_Open_Confirm,"You were asked what Jayden can negotiate when getting an auto loan. You answered ""both interest rate and down payment,"" which is correct. In 1-2 sentences, explain why it's possible to negotiate these terms.",Borrowing & Credit,Auto Loans,confirm,This is something Jayden should be able to negotiate.,50.00,3,2026-02-09 05:08:49.892239+00
cb39f66a-e1ff-4fd4-91ae-18fa54a869cf,pre,Q31_Open_Diagnose,"You were asked: What does the stock market do? Options were A) Results in gains for investors, B) Guarantees investors a profit, C) Brings buyers and sellers together. You answered [student's answer] with high confidence. In 1-2 sentences, explain your reasoning for that answer.",Investment & Risk,Stock Market Function,diagnose,"I'm not sure which I had put but i\""m not 100$ sure about it because to my knowledge, it is there to give the companies money to work with, while allowing investors to profit if the company performs well.",50.00,3,2026-02-09 05:39:58.372877+00
cb39f66a-e1ff-4fd4-91ae-18fa54a869cf,pre,Q36_Open_Diagnose,"You were asked: Is it less likely you'll lose all your money if you save it in more than one place? You answered ""False"" with high confidence. In 1-2 sentences, explain your reasoning for that answer.",Investment & Risk,Diversification Principle,diagnose,"I realized I read the question wrong and meant to put True with high confidence. I think diversifying where you have your money is very important and goes back to the old adage, dont put all your eggs in one basket.",50.00,3,2026-02-09 05:38:33.178539+00
cb39f66a-e1ff-4fd4-91ae-18fa54a869cf,pre,Q37_Open_Diagnose,"You were asked: Which insurance protects you if you cause an accident that injures someone? Options were A) Health insurance, B) Homeowner's insurance, C) Auto liability coverage. You answered [student's answer] with high confidence. In 1-2 sentences, explain your reasoning for that answer.",Investment & Risk,Insurance Types,diagnose,Not sure which was my answer but I think it would be health insurance.,50.00,2,2026-02-09 05:41:02.839886+00
cbe87364-3529-4953-8e1b-e63f29c81785,pre,Q10_Open_Diagnose,"You were asked: Which statement about credit reports is FALSE? Options were A) Employers use them to screen applicants, B) They include a credit worthiness assessment, C) They are provided by a single source. You answered [student's answer] with high confidence, indicating you thought that statement was false. In 1-2 sentences, explain your reasoning.",Borrowing & Credit,Credit Reports,diagnose,im not sure im rly confused,50.00,2,2026-02-08 19:44:12.06466+00
cd459ece-ee90-4df1-9e7f-1655262ad5b9,pre,Q12_Open_Diagnose,"You were asked: What is the primary function of health insurance? Options were A) Protect against large unexpected bills, B) Cover routine health care, C) Pay for elective procedures. You answered [student's answer] with high confidence. In 1-2 sentences, explain your reasoning for that answer.",Risk Management,Health Insurance Purpose,diagnose,I chose B because health insurance has a direct impact on what someone is paying in regards to medical bills such as simple doctor check ups.,50.00,3,2026-02-09 04:21:58.330615+00
cf66a569-ca0d-4c27-abcb-3a253da34e1d,pre,Q14_Open_Confirm,"You were asked what happens to risk when an investor spreads money among different assets. You answered ""decreases,"" which is correct. In 1-2 sentences, explain why spreading investments reduces risk.",Risk Management,Diversification Principle,confirm,"Spreading investments reduces risks because it you put all your investments in one asset and it fails, you loose a lot/all your money.  But if you spread it out, you are only loosing a little bit of money, and don't have to rely on one asset.",50.00,2,2026-02-04 19:08:42.763307+00
cf66a569-ca0d-4c27-abcb-3a253da34e1d,pre,Q2_Open_Confirm,"You were asked whether a 15-year mortgage has higher monthly payments but lower total interest than a 30-year mortgage. You answered ""True,"" which is correct. In 1-2 sentences, explain why total interest is lower on the shorter mortgage.",Borrowing & Credit,Borrowing/Mortgages,confirm,"Total interest is lower on the shorter mortage because there is less time for the interest to accumulate.  Interest in usually the same amount, so it would obviously be less for 15 years than 30.",50.00,2,2026-02-04 19:07:09.811168+00
cf66a569-ca0d-4c27-abcb-3a253da34e1d,pre,Q35_Open_Confirm,"You were asked whether opportunities to make a lot of money also come with chances to lose a lot. You answered ""True,"" which is correct. In 1-2 sentences, explain why high reward opportunities typically involve high risk.",Investment & Risk,Risk-Return Relationship,confirm,"High reward opportunities typically involve high risk because there is definitely a lot of uncertainty so if you put a lot of money into something, there is the possibility that you could lose that all as well.",50.00,2,2026-02-04 19:09:59.13782+00
d01e5197-009c-42ad-ba39-c8b99ce66d85,pre,Q37_Open_Confirm,"You were asked which insurance protects you if you cause an accident that injures someone. You answered ""auto insurance liability coverage,"" which is correct. In 1-2 sentences, explain what liability coverage does.",Investment & Risk,Insurance Types,confirm,Liability coverage protects you from large financial payments when you are at fault for an accident. They will pay at least part of the cost for injuries. ,50.00,2,2026-02-02 14:44:08.831219+00
d01e5197-009c-42ad-ba39-c8b99ce66d85,pre,Q40_Open_Confirm,"You were asked about a key factor in the 2007-2008 financial crisis. You answered ""widespread failure to properly assess and manage financial risk,"" which is correct. In 1-2 sentences, explain how poor risk management contributed to the crisis.",Investment & Risk,2008 Financial Crisis,confirm,People were recklessly taking out mortgage loans and not planning for any future consequences. There was limited risk management and understanding. ,50.00,2,2026-02-02 14:45:41.044854+00
d01e5197-009c-42ad-ba39-c8b99ce66d85,pre,Q8_Open_Confirm,"You were asked what Jayden can negotiate when getting an auto loan. You answered ""both interest rate and down payment,"" which is correct. In 1-2 sentences, explain why it's possible to negotiate these terms.",Borrowing & Credit,Auto Loans,confirm,Don't know too well about that. ,50.00,1,2026-02-02 14:43:24.331503+00
d1ac34cc-7247-45ef-93ca-4ce2e5aaffc7,pre,Q12_Open_Diagnose,"You were asked: What is the primary function of health insurance? Options were A) Protect against large unexpected bills, B) Cover routine health care, C) Pay for elective procedures. You answered [student's answer] with high confidence. In 1-2 sentences, explain your reasoning for that answer.",Risk Management,Health Insurance Purpose,diagnose,"I answered B for this question because the primary function of health insurance is to cover routine health care, because without health insurance routine checkups can add up significantly in cost. While insurance helps, it does not cover many elective procedures unless necessary, as well as large unexpected bills are typically paid out of pocket.",50.00,3,2026-02-05 11:48:21.274358+00
d20314a0-352b-4da4-897f-c3c2bf89455b,pre,Q30_Open_Diagnose,"You were asked: An investment with a high return is likely to be high risk. True or false? You answered ""False"" with high confidence. In 1-2 sentences, explain your reasoning for that answer.",Investment & Risk,Risk-Return Tradeoff,diagnose,Misclicked,50.00,3,2026-02-08 21:11:04.800265+00
d20314a0-352b-4da4-897f-c3c2bf89455b,pre,Q31_Open_Diagnose,"You were asked: What does the stock market do? Options were A) Results in gains for investors, B) Guarantees investors a profit, C) Brings buyers and sellers together. You answered [student's answer] with high confidence. In 1-2 sentences, explain your reasoning for that answer.",Investment & Risk,Stock Market Function,diagnose,"I think I said C but this test is buggy and broken. I said C because the stock market does not always result in gains for investors, nor does it guarantee a profit.",50.00,2,2026-02-08 21:12:28.126557+00
d20314a0-352b-4da4-897f-c3c2bf89455b,pre,Q36_Open_Diagnose,"You were asked: Is it less likely you'll lose all your money if you save it in more than one place? You answered ""False"" with high confidence. In 1-2 sentences, explain your reasoning for that answer.",Investment & Risk,Diversification Principle,diagnose,Diversification can be beneficial to saving money. ,50.00,2,2026-02-08 21:11:51.162546+00
d2fe09d9-96c2-4bee-a283-7f81bdc3e9ee,pre,Q10_Open_Diagnose,"You were asked: Which statement about credit reports is FALSE? Options were A) Employers use them to screen applicants, B) They include a credit worthiness assessment, C) They are provided by a single source. You answered [student's answer] with high confidence, indicating you thought that statement was false. In 1-2 sentences, explain your reasoning.",Borrowing & Credit,Credit Reports,diagnose,I dont think employers can see it.,50.00,1,2026-02-08 00:24:39.200422+00
d2fe09d9-96c2-4bee-a283-7f81bdc3e9ee,pre,Q12_Open_Diagnose,"You were asked: What is the primary function of health insurance? Options were A) Protect against large unexpected bills, B) Cover routine health care, C) Pay for elective procedures. You answered [student's answer] with high confidence. In 1-2 sentences, explain your reasoning for that answer.",Risk Management,Health Insurance Purpose,diagnose,I thought health insurance is mainly to cover doctor visits and medicines.,50.00,3,2026-02-08 00:25:19.508688+00
d2fe09d9-96c2-4bee-a283-7f81bdc3e9ee,pre,Q29_Open_Diagnose,"You were asked: If interest rates rise, what typically happens to bond prices? Options were A) They rise, B) They fall, C) They stay the same, D) No relationship. You answered [student's answer] with high confidence. In 1-2 sentences, explain your reasoning for that answer.",Investment & Risk,Interest Rates & Bonds,diagnose,I thought they were connected in same direction.,50.00,3,2026-02-08 00:25:38.630449+00
d3917abb-ea06-4208-89fc-8b2f581aa4e7,pre,Q14_Open_Confirm,"You were asked what happens to risk when an investor spreads money among different assets. You answered ""decreases,"" which is correct. In 1-2 sentences, explain why spreading investments reduces risk.",Risk Management,Diversification Principle,confirm,Because it ensures when you have a poor performance of one asset it does not influence on the decrease of your whole portfolio,50.00,1,2026-02-08 16:23:20.193103+00
d3917abb-ea06-4208-89fc-8b2f581aa4e7,pre,Q2_Open_Confirm,"You were asked whether a 15-year mortgage has higher monthly payments but lower total interest than a 30-year mortgage. You answered ""True,"" which is correct. In 1-2 sentences, explain why total interest is lower on the shorter mortgage.",Borrowing & Credit,Borrowing/Mortgages,confirm,They save you money over the life of the loan,50.00,1,2026-02-08 16:21:41.266005+00
d3917abb-ea06-4208-89fc-8b2f581aa4e7,pre,Q3_Open_Confirm,"You were asked whether high inflation means the cost of living is increasing rapidly. You answered ""True,"" which is correct. In 1-2 sentences, explain what inflation means and how it affects everyday life.",Borrowing & Credit,Inflation,confirm,Inflation means that the prices are going high but the value of money falls,50.00,1,2026-02-08 16:19:52.610134+00
d3beb9ed-da30-4f68-9cf4-53a2ac34b9b8,pre,Q10_Open_Diagnose,"You were asked: Which statement about credit reports is FALSE? Options were A) Employers use them to screen applicants, B) They include a credit worthiness assessment, C) They are provided by a single source. You answered [student's answer] with high confidence, indicating you thought that statement was false. In 1-2 sentences, explain your reasoning.",Borrowing & Credit,Credit Reports,diagnose,"I answered A because I don't think employers can see an applicant's credit reports, and a credit is made from a bunch of different aspects. ",50.00,1,2026-02-05 02:40:21.187878+00
d3beb9ed-da30-4f68-9cf4-53a2ac34b9b8,pre,Q38_Open_Confirm,"You were asked which investment best protects purchasing power during sudden high inflation. You answered ""a house financed with a fixed-rate mortgage,"" which is correct. In 1-2 sentences, explain why this protects against inflation.",Investment & Risk,Inflation Protection,confirm,"Even if inflation rises, your mortgage rate can never change because you signed a fixed-rate loan. ",50.00,3,2026-02-05 02:42:31.303298+00
d3beb9ed-da30-4f68-9cf4-53a2ac34b9b8,pre,Q39_Open_Confirm,"You were asked whether stocks are generally riskier than bonds. You answered ""True,"" which is correct. In 1-2 sentences, explain why stocks are considered riskier than bonds.",Investment & Risk,Stocks vs Bonds Risk,confirm,"Stocks are riskier because you never know the future of a company, but you know the government has to pay you back.",50.00,2,2026-02-05 02:41:34.352791+00
d452944b-0ba5-42b3-8cef-10755a2b1db1,pre,Q32_Open_Diagnose,"You were asked: Over a long time period (10-20 years), which asset normally gives the highest return? Options were A) Savings accounts, B) Bonds, C) Stocks. You answered [student's answer] with high confidence. In 1-2 sentences, explain your reasoning for that answer.",Investment & Risk,Long-Term Asset Returns,diagnose,"I don't remember this question either, but I would answer stocks because those allow for the greatest return if successful.",50.00,2,2026-02-02 23:15:02.367326+00
d452944b-0ba5-42b3-8cef-10755a2b1db1,pre,Q38_Open_Diagnose,"You were asked: Which investment best protects purchasing power during sudden high inflation? Options were A) 10-year fixed bond, B) Bank CD, C) 25-year fixed mortgage (debt), D) House with fixed mortgage. You answered [student's answer] with high confidence. In 1-2 sentences, explain your reasoning for that answer.",Investment & Risk,Inflation Protection,diagnose,I do not remember what I answered for that question. I'd assume 25-year fixed mortgage because you are not paying the price that the house is most likely worth today due to inflation.,50.00,2,2026-02-02 23:12:40.883119+00
d452944b-0ba5-42b3-8cef-10755a2b1db1,pre,Q39_Open_Confirm,"You were asked whether stocks are generally riskier than bonds. You answered ""True,"" which is correct. In 1-2 sentences, explain why stocks are considered riskier than bonds.",Investment & Risk,Stocks vs Bonds Risk,confirm,High risk comes with high reward.,50.00,2,2026-02-02 23:15:38.582535+00
d460615c-b66f-41a8-93a5-9bf777c7b358,pre,Q11_Open_Confirm,"You were asked whether buying a single company's stock is safer than a stock mutual fund. You answered ""False,"" which is correct. In 1-2 sentences, explain why a mutual fund is generally safer than a single stock.",Risk Management,Diversification (Stock vs Fund),confirm,A mutual fund is generally safer than a single stock because you are sharing money or stock with multiple people which makes its more reliable than if you were just sharing with yourself because the fun distribution is different.,50.00,3,2026-02-02 18:19:42.263151+00
d460615c-b66f-41a8-93a5-9bf777c7b358,pre,Q36_Open_Diagnose,"You were asked: Is it less likely you'll lose all your money if you save it in more than one place? You answered ""False"" with high confidence. In 1-2 sentences, explain your reasoning for that answer.",Investment & Risk,Diversification Principle,diagnose,"If you have money saved in more than one place, if one spot crashes (like the bank) then you will have a back up plan (like cash). Having money in more than one spot provides protection in case one spot falls through.",50.00,3,2026-02-02 18:18:32.528168+00
d4b63486-8f1e-4ea5-8adb-c44c29522e0f,pre,Q38_Open_Confirm,"You were asked which investment best protects purchasing power during sudden high inflation. You answered ""a house financed with a fixed-rate mortgage,"" which is correct. In 1-2 sentences, explain why this protects against inflation.",Investment & Risk,Inflation Protection,confirm,I said that because having a fixed rate means inflation or not the rate wont change and they are paying the same,50.00,2,2026-02-06 00:16:29.154879+00
d4b63486-8f1e-4ea5-8adb-c44c29522e0f,pre,Q6_Open_Diagnose,"You were asked: A successful effort to lower inflation would likely be accompanied by which of the following? Options were A) A decrease in the general level of prices, B) A slower increase in prices, C) An increase in employment. You answered [student's answer] with high confidence. In 1-2 sentences, explain your reasoning for that answer.",Borrowing & Credit,Inflation (Lowering),diagnose,I said C because I thought putting more people into the economy creating more jobds would help control prices\n,50.00,2,2026-02-06 00:13:32.744634+00
d4b63486-8f1e-4ea5-8adb-c44c29522e0f,pre,Q7_Open_Diagnose,"You were asked: Which group would have the greatest problem during periods of high inflation? Options were A) Young working couples, B) Older working couples saving for retirement, C) Retirees on a fixed income. You answered [student's answer] with high confidence. In 1-2 sentences, explain your reasoning for that answer.",Borrowing & Credit,Inflation (Fixed Income),diagnose,I said the couples because they dont have much built up and the jobs could disappear at any moment,50.00,2,2026-02-06 00:15:42.797615+00
d5969586-7f03-49f7-a11e-121d5ffd8286,pre,Q38_Open_Diagnose,"You were asked: Which investment best protects purchasing power during sudden high inflation? Options were A) 10-year fixed bond, B) Bank CD, C) 25-year fixed mortgage (debt), D) House with fixed mortgage. You answered [student's answer] with high confidence. In 1-2 sentences, explain your reasoning for that answer.",Investment & Risk,Inflation Protection,diagnose,"The best choice is plan D, a house with a fixed mortgage. When you have a house with a fixed mortgage, as prices in real estate are rising due to inflation, you're still paying off the mortgage of your house before it hit that high inflation so you're paying off less money over time.",50.00,3,2026-02-09 04:55:04.528441+00
d5969586-7f03-49f7-a11e-121d5ffd8286,pre,Q40_Open_Confirm,"You were asked about a key factor in the 2007-2008 financial crisis. You answered ""widespread failure to properly assess and manage financial risk,"" which is correct. In 1-2 sentences, explain how poor risk management contributed to the crisis.",Investment & Risk,2008 Financial Crisis,confirm,"whenever people in charge did not manage risk well, it cost them to make bad bets. they weren't able to properly determine when problems were coming so when things started to go bad it caused widespread losses and instability in the financial system",50.00,3,2026-02-09 04:55:04.528441+00
d5ca5f50-5433-4867-8bf3-152e418b7ec9,pre,Q10_Open_Diagnose,"You were asked: Which statement about credit reports is FALSE? Options were A) Employers use them to screen applicants, B) They include a credit worthiness assessment, C) They are provided by a single source. You answered [student's answer] with high confidence, indicating you thought that statement was false. In 1-2 sentences, explain your reasoning.",Borrowing & Credit,Credit Reports,diagnose,B) credit scores are used to help lenders hedge the potential risks involved iin lending money to different borrowers whom may or may not be as fiscally secure or have the ability to make the payments ,50.00,3,2026-02-09 00:59:50.784438+00
d7d00c74-703f-46d1-9c17-3bd93328bdef,pre,Q11_Open_Confirm,"You were asked whether buying a single company's stock is safer than a stock mutual fund. You answered ""False,"" which is correct. In 1-2 sentences, explain why a mutual fund is generally safer than a single stock.",Risk Management,Diversification (Stock vs Fund),confirm,you put less money into the mutal stock so if you had to loose the fund it wouldnt be as much as a single stock. ,50.00,2,2026-02-08 02:04:12.812066+00
d7d00c74-703f-46d1-9c17-3bd93328bdef,pre,Q1_Open_Confirm,"You were asked: If you put $100 in a savings account at 2% annual interest, how much would you have after 5 years? You answered ""More than $102,"" which is correct. In 1-2 sentences, explain why the amount is more than $102.",Borrowing & Credit,Compound Interest,confirm,because it is compounded annually and doing 100+1.02 to the power of 5 gets me more than 102\n,50.00,2,2026-02-08 02:02:13.516097+00
d7d00c74-703f-46d1-9c17-3bd93328bdef,pre,Q7_Open_Confirm,"You were asked which group has the greatest problem during high inflation. You answered ""retirees living on a fixed income,"" which is correct. In 1-2 sentences, explain why fixed-income retirees struggle most during inflation.",Borrowing & Credit,Inflation (Fixed Income),confirm,their salaries or income do not adjust to the rate of inflation meaning they can quickly fall lower on the income status because their income does not match the rate they have to pay in inflation. ,50.00,2,2026-02-08 02:00:57.851588+00
d8532f2f-285a-4c81-af3e-864e8efd1340,pre,Q10_Open_Diagnose,"You were asked: Which statement about credit reports is FALSE? Options were A) Employers use them to screen applicants, B) They include a credit worthiness assessment, C) They are provided by a single source. You answered [student's answer] with high confidence, indicating you thought that statement was false. In 1-2 sentences, explain your reasoning.",Borrowing & Credit,Credit Reports,diagnose,I answered B but I now realize that I read the question incorrectly. I should have chosen option A because employers don't view credit scores in the hiring process.,50.00,3,2026-02-07 21:30:03.275752+00
d8532f2f-285a-4c81-af3e-864e8efd1340,pre,Q36_Open_Diagnose,"You were asked: Is it less likely you'll lose all your money if you save it in more than one place? You answered ""False"" with high confidence. In 1-2 sentences, explain your reasoning for that answer.",Investment & Risk,Diversification Principle,diagnose,Keeping your money in one place has the highest chance of losing the majority of its value.,50.00,3,2026-02-07 21:31:11.612922+00
d8532f2f-285a-4c81-af3e-864e8efd1340,pre,Q7_Open_Diagnose,"You were asked: Which group would have the greatest problem during periods of high inflation? Options were A) Young working couples, B) Older working couples saving for retirement, C) Retirees on a fixed income. You answered [student's answer] with high confidence. In 1-2 sentences, explain your reasoning for that answer.",Borrowing & Credit,Inflation (Fixed Income),diagnose,I answered B (Older couples) because they have the least time to turn their money around by the time they retire. The retirees already are on a fixed income with social benefits and younger couples have the time to ride out the period of inflation and make their lost value back. ,50.00,3,2026-02-07 21:27:58.275727+00
d8a0095e-64df-4a04-bc7a-114d995f41d2,pre,Q6_Open_Diagnose,"You were asked: A successful effort to lower inflation would likely be accompanied by which of the following? Options were A) A decrease in the general level of prices, B) A slower increase in prices, C) An increase in employment. You answered [student's answer] with high confidence. In 1-2 sentences, explain your reasoning for that answer.",Borrowing & Credit,Inflation (Lowering),diagnose,"A. Inflation would mean the rise of prices on items that we are buying. Therefore, lower inflation would be decreased prices.",50.00,3,2026-02-04 04:09:10.826301+00
d8c092b4-ebe0-4e48-b5d3-714ed4f6f043,pre,Q14_Open_Confirm,"You were asked what happens to risk when an investor spreads money among different assets. You answered ""decreases,"" which is correct. In 1-2 sentences, explain why spreading investments reduces risk.",Risk Management,Diversification Principle,confirm,"I believe this is because if you put money in more places than one you you have less risk of losing it all at once, or the larger quantities.",50.00,1,2026-02-09 00:40:56.636096+00
d8c092b4-ebe0-4e48-b5d3-714ed4f6f043,pre,Q1_Open_Confirm,"You were asked: If you put $100 in a savings account at 2% annual interest, how much would you have after 5 years? You answered ""More than $102,"" which is correct. In 1-2 sentences, explain why the amount is more than $102.",Borrowing & Credit,Compound Interest,confirm,"It will be more that 102 because it will be growing at a 2% rate for 5 years, meaning it will add 2%x5 on that $100.",50.00,1,2026-02-09 00:40:06.160956+00
d8c092b4-ebe0-4e48-b5d3-714ed4f6f043,pre,Q2_Open_Confirm,"You were asked whether a 15-year mortgage has higher monthly payments but lower total interest than a 30-year mortgage. You answered ""True,"" which is correct. In 1-2 sentences, explain why total interest is lower on the shorter mortgage.",Borrowing & Credit,Borrowing/Mortgages,confirm,"Because the owners of the house with the 15 year mortgage will pay the interest much faster than the the 30 year house, making it less.",50.00,1,2026-02-09 00:38:41.186569+00
d98c7b87-e2a4-4b51-bbc0-5a082b36559a,pre,Q29_Open_Confirm,"You were asked what happens to bond prices when interest rates rise. You answered ""they fall,"" which is correct. In 1-2 sentences, explain why bond prices fall when interest rates rise.",Investment & Risk,Interest Rates & Bonds,confirm,Higher interest rates cause older bonds to fall in price because people will be more interested in newer bonds of a lower price.,50.00,1,2026-02-05 19:22:30.498649+00
d98c7b87-e2a4-4b51-bbc0-5a082b36559a,pre,Q39_Open_Diagnose,"You were asked: Are stocks generally riskier than bonds? You answered ""False"" with high confidence. In 1-2 sentences, explain your reasoning for that answer.",Investment & Risk,Stocks vs Bonds Risk,diagnose,Bonds are more stable where as stocks can have more growth but are overall riskier. ,50.00,2,2026-02-05 19:18:16.614379+00
d98c7b87-e2a4-4b51-bbc0-5a082b36559a,pre,Q8_Open_Confirm,"You were asked what Jayden can negotiate when getting an auto loan. You answered ""both interest rate and down payment,"" which is correct. In 1-2 sentences, explain why it's possible to negotiate these terms.",Borrowing & Credit,Auto Loans,confirm,"Car dealerships usually make prices higher, which is why it is possible to negotiate these factors.",50.00,2,2026-02-05 19:19:54.81513+00
d9b9d60e-e2b1-4f1a-889f-c931b12ce0e5,pre,Q10_Open_Confirm,"You were asked which statement about credit reports is FALSE. You correctly identified that ""your credit report is provided by a single source"" is false. In 1-2 sentences, explain why this statement is false.",Borrowing & Credit,Credit Reports,confirm,I guessed.,50.00,3,2026-02-04 20:36:56.542264+00
d9b9d60e-e2b1-4f1a-889f-c931b12ce0e5,pre,Q14_Open_Diagnose,"You were asked: When an investor spreads money among different assets, does the risk of losing money increase, decrease, or stay the same? You answered [student's answer] with high confidence. In 1-2 sentences, explain your reasoning for that answer.",Risk Management,Diversification Principle,diagnose,Because putting all of your eggs in one basket has an extremely high risk and can lead to losing all money,50.00,3,2026-02-04 20:35:34.512653+00
d9b9d60e-e2b1-4f1a-889f-c931b12ce0e5,pre,Q31_Open_Diagnose,"You were asked: What does the stock market do? Options were A) Results in gains for investors, B) Guarantees investors a profit, C) Brings buyers and sellers together. You answered [student's answer] with high confidence. In 1-2 sentences, explain your reasoning for that answer.",Investment & Risk,Stock Market Function,diagnose,Because I do not know.,50.00,2,2026-02-04 20:36:34.170877+00
da3b1453-169f-47a4-8189-eb3e4a1bdc9c,pre,Q12_Open_Diagnose,"You were asked: What is the primary function of health insurance? Options were A) Protect against large unexpected bills, B) Cover routine health care, C) Pay for elective procedures. You answered [student's answer] with high confidence. In 1-2 sentences, explain your reasoning for that answer.",Risk Management,Health Insurance Purpose,diagnose,"From what I know, healthcare is intended to cover a majority of smaller fees that a patient may need to pay. Everything else is paid by the patient.",50.00,2,2026-02-08 23:07:04.132055+00
da3b1453-169f-47a4-8189-eb3e4a1bdc9c,pre,Q2_Open_Diagnose,"You were asked: A 15-year mortgage typically requires higher monthly payments than a 30-year mortgage, but the total interest paid over the life of the loan will be less. True or false? You answered ""False"" with high confidence. In 1-2 sentences, explain your reasoning for that answer.",Borrowing & Credit,Borrowing/Mortgages,diagnose,I meant to pick true. ,50.00,3,2026-02-08 23:05:57.076227+00
da3b1453-169f-47a4-8189-eb3e4a1bdc9c,pre,Q5_Open_Diagnose,"You were asked: How much should Lyle have set aside for emergency savings? The options were A) $200 or so, B) One month's rent, C) Three or more months of expenses. You answered [student's answer] with high confidence. In 1-2 sentences, explain your reasoning for that answer.",Borrowing & Credit,Emergency Fund,diagnose,I'm not sure.,50.00,2,2026-02-08 23:06:28.926522+00
da6ccbe2-0ad6-4625-9ac2-505ea6527d83,pre,Q10_Open_Diagnose,"You were asked: Which statement about credit reports is FALSE? Options were A) Employers use them to screen applicants, B) They include a credit worthiness assessment, C) They are provided by a single source. You answered [student's answer] with high confidence, indicating you thought that statement was false. In 1-2 sentences, explain your reasoning.",Borrowing & Credit,Credit Reports,diagnose,"Employers do not screen you when applying for a job, your credit is only ran when applying for something such as a credit card, an auto loan, a mortgage, or similar contracts. ",50.00,3,2026-02-03 22:31:21.864155+00
da6ccbe2-0ad6-4625-9ac2-505ea6527d83,pre,Q6_Open_Diagnose,"You were asked: A successful effort to lower inflation would likely be accompanied by which of the following? Options were A) A decrease in the general level of prices, B) A slower increase in prices, C) An increase in employment. You answered [student's answer] with high confidence. In 1-2 sentences, explain your reasoning for that answer.",Borrowing & Credit,Inflation (Lowering),diagnose,"Well with lower inflation rates, prices decrease in the economy. Meaning economic levels with regards to prices and availability to buy things becomes more available. ",50.00,3,2026-02-03 22:31:21.864155+00
da6ccbe2-0ad6-4625-9ac2-505ea6527d83,pre,Q8_Open_Diagnose,"You were asked: What can Jayden likely negotiate with an auto loan lender? Options were A) Interest rate only, B) Down payment only, C) Both, D) Neither. You answered [student's answer] with high confidence. In 1-2 sentences, explain your reasoning for that answer.",Borrowing & Credit,Auto Loans,diagnose,"You can't simply negotiate a downpayment, usually it needs to be between 10-20%. An interest rate you can negotiate because more likely than not, auto lenders are willing to budge in taking a lower interest rate just raising the loan length. ",50.00,3,2026-02-03 22:31:21.864155+00
db1d2a9f-83c6-4aa0-9773-a85ef9f3a7e8,pre,Q34_Open_Diagnose,"You were asked: When an investor spreads money among different assets, does risk increase, decrease, or stay the same? You answered [student's answer] with high confidence. In 1-2 sentences, explain your reasoning for that answer.",Investment & Risk,Diversification Effect,diagnose,I answered that risk increases because putting more money into different assets exposes to more types of risks. Managing multiple investment can make the outcomes less predictable if the investor is not familiar with how each one performs.,50.00,3,2026-02-08 22:18:00.240093+00
db1d2a9f-83c6-4aa0-9773-a85ef9f3a7e8,pre,Q6_Open_Diagnose,"You were asked: A successful effort to lower inflation would likely be accompanied by which of the following? Options were A) A decrease in the general level of prices, B) A slower increase in prices, C) An increase in employment. You answered [student's answer] with high confidence. In 1-2 sentences, explain your reasoning for that answer.",Borrowing & Credit,Inflation (Lowering),diagnose,"A slower increase in prices, because lowering inflation results in reducing the rate  at which prices rise rather than causing the prices to fall.",50.00,2,2026-02-08 22:13:14.687309+00
db1d2a9f-83c6-4aa0-9773-a85ef9f3a7e8,pre,Q8_Open_Confirm,"You were asked what Jayden can negotiate when getting an auto loan. You answered ""both interest rate and down payment,"" which is correct. In 1-2 sentences, explain why it's possible to negotiate these terms.",Borrowing & Credit,Auto Loans,confirm,"You can negotiate these because many lenders look at the credit and how much financially able were able to put down. If you have good credit or a larger down payment, they can offer better terms.  ",50.00,2,2026-02-08 22:20:29.389911+00
db59e007-aee1-4d8e-acb4-f9515382bb93,pre,Q12_Open_Diagnose,"You were asked: What is the primary function of health insurance? Options were A) Protect against large unexpected bills, B) Cover routine health care, C) Pay for elective procedures. You answered [student's answer] with high confidence. In 1-2 sentences, explain your reasoning for that answer.",Risk Management,Health Insurance Purpose,diagnose,I answered B because it seems like health insurance is there mostly to cover those expected payments that would be a major burden to most policy holders. ,50.00,3,2026-02-08 21:21:38.750358+00
db59e007-aee1-4d8e-acb4-f9515382bb93,pre,Q30_Open_Diagnose,"You were asked: An investment with a high return is likely to be high risk. True or false? You answered ""False"" with high confidence. In 1-2 sentences, explain your reasoning for that answer.",Investment & Risk,Risk-Return Tradeoff,diagnose,I answered false because time can normally cancel out major risk associated with high return investments. ,50.00,3,2026-02-08 21:22:51.07835+00
db59e007-aee1-4d8e-acb4-f9515382bb93,pre,Q8_Open_Diagnose,"You were asked: What can Jayden likely negotiate with an auto loan lender? Options were A) Interest rate only, B) Down payment only, C) Both, D) Neither. You answered [student's answer] with high confidence. In 1-2 sentences, explain your reasoning for that answer.",Borrowing & Credit,Auto Loans,diagnose,"I answered this because I believe the down payment is a fixed amount that cannot be changed. However, interest rates seem to be negotiable and open to be possibly changed. ",50.00,3,2026-02-08 21:21:05.187069+00
dccd3325-344d-4a7f-a6da-34875a412805,pre,Q38_Open_Confirm,"You were asked which investment best protects purchasing power during sudden high inflation. You answered ""a house financed with a fixed-rate mortgage,"" which is correct. In 1-2 sentences, explain why this protects against inflation.",Investment & Risk,Inflation Protection,confirm,"the vale of a house can go up over time, and with a fixed interest rate, assuming you have a low interest rate, it will stay the same. interest rates o up usually with inflation.  ",50.00,2,2026-02-05 17:26:18.927187+00
dd693927-6ee1-49a4-bfee-86540def42bf,pre,Q10_Open_Confirm,"You were asked which statement about credit reports is FALSE. You correctly identified that ""your credit report is provided by a single source"" is false. In 1-2 sentences, explain why this statement is false.",Borrowing & Credit,Credit Reports,confirm,This statement is false because there are multiple sources that can provide a report. ,50.00,2,2026-02-08 05:09:04.523819+00
dd693927-6ee1-49a4-bfee-86540def42bf,pre,Q11_Open_Confirm,"You were asked whether buying a single company's stock is safer than a stock mutual fund. You answered ""False,"" which is correct. In 1-2 sentences, explain why a mutual fund is generally safer than a single stock.",Risk Management,Diversification (Stock vs Fund),confirm,It is safer because it spreads you money across many investments which can help reduce the risk of losing all of your money. ,50.00,2,2026-02-08 05:10:30.789815+00
dd693927-6ee1-49a4-bfee-86540def42bf,pre,Q2_Open_Confirm,"You were asked whether a 15-year mortgage has higher monthly payments but lower total interest than a 30-year mortgage. You answered ""True,"" which is correct. In 1-2 sentences, explain why total interest is lower on the shorter mortgage.",Borrowing & Credit,Borrowing/Mortgages,confirm,Total interest is lower on the shorter mortgage because you are paying off the house more faster. ,50.00,2,2026-02-08 05:07:43.48163+00
de2ca257-984b-4473-9ccd-fd2c29b7ee9c,pre,Q36_Open_Confirm,"You were asked whether saving money in more than one place reduces the risk of losing everything. You answered ""True,"" which is correct. In 1-2 sentences, explain why spreading your savings across multiple places is safer.",Investment & Risk,Diversification Principle,confirm,"If you invest all of your money into one stock and it fails, you will lose all of your money whereas if you invest in multiple stocks and one fails, you only lose a portion of your money.",50.00,2,2026-02-02 18:00:34.944812+00
de2ca257-984b-4473-9ccd-fd2c29b7ee9c,pre,Q38_Open_Confirm,"You were asked which investment best protects purchasing power during sudden high inflation. You answered ""a house financed with a fixed-rate mortgage,"" which is correct. In 1-2 sentences, explain why this protects against inflation.",Investment & Risk,Inflation Protection,confirm,Having a fixed-rate expense would imply that fluctuating inflation will not affect the amount you have to pay.,50.00,2,2026-02-02 19:44:17.770631+00
de2ca257-984b-4473-9ccd-fd2c29b7ee9c,pre,Q6_Open_Diagnose,"You were asked: A successful effort to lower inflation would likely be accompanied by which of the following? Options were A) A decrease in the general level of prices, B) A slower increase in prices, C) An increase in employment. You answered [student's answer] with high confidence. In 1-2 sentences, explain your reasoning for that answer.",Borrowing & Credit,Inflation (Lowering),diagnose,"If overall inflation decreases, prices will decrease as a result because they are directly correlated.",50.00,2,2026-02-02 17:59:34.65506+00
df0a2fc5-5b35-4a8a-9a05-5800cbcba845,pre,Q36_Open_Diagnose,"You were asked: Is it less likely you'll lose all your money if you save it in more than one place? You answered ""False"" with high confidence. In 1-2 sentences, explain your reasoning for that answer.",Investment & Risk,Diversification Principle,diagnose,"If you are just saving it, the chance of losing all of it is irrlevant.",50.00,2,2026-02-02 21:22:04.631046+00
df0a2fc5-5b35-4a8a-9a05-5800cbcba845,pre,Q5_Open_Diagnose,"You were asked: How much should Lyle have set aside for emergency savings? The options were A) $200 or so, B) One month's rent, C) Three or more months of expenses. You answered [student's answer] with high confidence. In 1-2 sentences, explain your reasoning for that answer.",Borrowing & Credit,Emergency Fund,diagnose,"I accidentally chose option B instead of option C. However, option Q is an exact number that doesn't tell us much when we don't know the exact amount of rent or expenses Lyle is paying. Option B would only cover a short term portion while C is more financial responsible because it would protect Lyle for 3 or more months and give him time to get back on his feet.",50.00,3,2026-02-02 21:20:24.048408+00
df316ac0-1926-4882-ba18-4177e56c7727,pre,Q11_Open_Confirm,"You were asked whether buying a single company's stock is safer than a stock mutual fund. You answered ""False,"" which is correct. In 1-2 sentences, explain why a mutual fund is generally safer than a single stock.",Risk Management,Diversification (Stock vs Fund),confirm,"This is safer because there’s a higher risk in loosing more in a mutual fund since you are investing in more rather than just a single stock where there’s risk, yet not as much as a mutual fund. ",50.00,1,2026-02-05 22:41:17.453403+00
df316ac0-1926-4882-ba18-4177e56c7727,pre,Q2_Open_Confirm,"You were asked whether a 15-year mortgage has higher monthly payments but lower total interest than a 30-year mortgage. You answered ""True,"" which is correct. In 1-2 sentences, explain why total interest is lower on the shorter mortgage.",Borrowing & Credit,Borrowing/Mortgages,confirm,the 15 month mortage has a lower interest because you pay only 15 years instead of 30 which is a 5 year difference of interest that is saved in difference to the other option (30 months).,50.00,1,2026-02-05 22:39:54.725653+00
df316ac0-1926-4882-ba18-4177e56c7727,pre,Q3_Open_Confirm,"You were asked whether high inflation means the cost of living is increasing rapidly. You answered ""True,"" which is correct. In 1-2 sentences, explain what inflation means and how it affects everyday life.",Borrowing & Credit,Inflation,confirm,"Inflation is when there’s too much cash printed and the prices of goods and services rise and everything is expensive. This could also be done on purpose to fix economies and help with other functions such as minimum wage, unemployment, quality of living, etc.",50.00,1,2026-02-05 22:36:31.997081+00
dfde85b6-4d76-4432-b0bf-d300d9f278cb,pre,Q3_Open_Diagnose,"You were asked: High inflation means that the cost of living is increasing rapidly. True or false? You answered ""False"" with high confidence. In 1-2 sentences, explain your reasoning for that answer.",Borrowing & Credit,Inflation,diagnose,I meant to click true but i accidentally clicked false.,50.00,3,2026-02-09 03:50:33.46869+00
dfde85b6-4d76-4432-b0bf-d300d9f278cb,pre,Q40_Open_Confirm,"You were asked about a key factor in the 2007-2008 financial crisis. You answered ""widespread failure to properly assess and manage financial risk,"" which is correct. In 1-2 sentences, explain how poor risk management contributed to the crisis.",Investment & Risk,2008 Financial Crisis,confirm,Poor risk management contributed to the crisis because banks were providing loans of money that didn't exist. ,50.00,2,2026-02-09 03:55:32.229074+00
dfde85b6-4d76-4432-b0bf-d300d9f278cb,pre,Q7_Open_Confirm,"You were asked which group has the greatest problem during high inflation. You answered ""retirees living on a fixed income,"" which is correct. In 1-2 sentences, explain why fixed-income retirees struggle most during inflation.",Borrowing & Credit,Inflation (Fixed Income),confirm,"This group is most heavily impacted because when inflation is high, people living off of money they saved for retirement struggle a bit due to higher costs and limited funds.",50.00,3,2026-02-09 03:53:08.539056+00
e02c2794-c7c3-478d-8606-ee87e43f21e6,pre,Q2_Open_Diagnose,"You were asked: A 15-year mortgage typically requires higher monthly payments than a 30-year mortgage, but the total interest paid over the life of the loan will be less. True or false? You answered ""False"" with high confidence. In 1-2 sentences, explain your reasoning for that answer.",Borrowing & Credit,Borrowing/Mortgages,diagnose,"The reason why I said false is because over time if you were to pay 30 years, interest rates go up even more. Simply biting the bullet and pay maybe more than you would like to right away means the interest rate does not acquire as much overtime because it doesn't have the chance to do so.",50.00,2,2026-02-02 17:37:23.928578+00
e0af95eb-f056-4f8d-ab26-56bd8689a3e9,pre,Q11_Open_Confirm,"You were asked whether buying a single company's stock is safer than a stock mutual fund. You answered ""False,"" which is correct. In 1-2 sentences, explain why a mutual fund is generally safer than a single stock.",Risk Management,Diversification (Stock vs Fund),confirm,a single companys stock has a higher risk of fluctuating over time with highs and lows. ,50.00,2,2026-02-03 21:03:29.768894+00
e0af95eb-f056-4f8d-ab26-56bd8689a3e9,pre,Q2_Open_Diagnose,"You were asked: A 15-year mortgage typically requires higher monthly payments than a 30-year mortgage, but the total interest paid over the life of the loan will be less. True or false? You answered ""False"" with high confidence. In 1-2 sentences, explain your reasoning for that answer.",Borrowing & Credit,Borrowing/Mortgages,diagnose,I think that since the loan is longer it will have more interest,50.00,1,2026-02-03 21:03:29.768894+00
e0af95eb-f056-4f8d-ab26-56bd8689a3e9,pre,Q6_Open_Diagnose,"You were asked: A successful effort to lower inflation would likely be accompanied by which of the following? Options were A) A decrease in the general level of prices, B) A slower increase in prices, C) An increase in employment. You answered [student's answer] with high confidence. In 1-2 sentences, explain your reasoning for that answer.",Borrowing & Credit,Inflation (Lowering),diagnose,a decrease in general level of prices would help allow all citizens to afford basic necessities. ,50.00,3,2026-02-03 21:03:29.768894+00
e2681d5d-eddc-48a6-8b80-34d3523c26df,pre,Q10_Open_Confirm,"You were asked which statement about credit reports is FALSE. You correctly identified that ""your credit report is provided by a single source"" is false. In 1-2 sentences, explain why this statement is false.",Borrowing & Credit,Credit Reports,confirm,I don't know.,50.00,2,2026-02-02 14:01:48.358385+00
e2681d5d-eddc-48a6-8b80-34d3523c26df,pre,Q2_Open_Confirm,"You were asked whether a 15-year mortgage has higher monthly payments but lower total interest than a 30-year mortgage. You answered ""True,"" which is correct. In 1-2 sentences, explain why total interest is lower on the shorter mortgage.",Borrowing & Credit,Borrowing/Mortgages,confirm,I guessed.,50.00,1,2026-02-02 14:01:27.239912+00
e5496b6a-07cd-475e-a18d-bff4dfd1adb0,pre,Q2_Open_Diagnose,"You were asked: A 15-year mortgage typically requires higher monthly payments than a 30-year mortgage, but the total interest paid over the life of the loan will be less. True or false? You answered ""False"" with high confidence. In 1-2 sentences, explain your reasoning for that answer.",Borrowing & Credit,Borrowing/Mortgages,diagnose,True ,50.00,3,2026-02-07 23:36:24.053068+00
e5496b6a-07cd-475e-a18d-bff4dfd1adb0,pre,Q30_Open_Diagnose,"You were asked: An investment with a high return is likely to be high risk. True or false? You answered ""False"" with high confidence. In 1-2 sentences, explain your reasoning for that answer.",Investment & Risk,Risk-Return Tradeoff,diagnose,"Because the market can depreciate at a high pase, if it goes up fast, it can also go down really fast. ",50.00,3,2026-02-07 23:40:18.320176+00
e5496b6a-07cd-475e-a18d-bff4dfd1adb0,pre,Q7_Open_Diagnose,"You were asked: Which group would have the greatest problem during periods of high inflation? Options were A) Young working couples, B) Older working couples saving for retirement, C) Retirees on a fixed income. You answered [student's answer] with high confidence. In 1-2 sentences, explain your reasoning for that answer.",Borrowing & Credit,Inflation (Fixed Income),diagnose,"No, I meant the older people saving for retirement",50.00,3,2026-02-07 23:36:44.480637+00
e61756ef-660b-411b-9711-ebd23a96b7b2,pre,Q29_Open_Confirm,"You were asked what happens to bond prices when interest rates rise. You answered ""they fall,"" which is correct. In 1-2 sentences, explain why bond prices fall when interest rates rise.",Investment & Risk,Interest Rates & Bonds,confirm,They are inverse of each other.,50.00,1,2026-02-06 20:07:20.324029+00
e61756ef-660b-411b-9711-ebd23a96b7b2,pre,Q37_Open_Diagnose,"You were asked: Which insurance protects you if you cause an accident that injures someone? Options were A) Health insurance, B) Homeowner's insurance, C) Auto liability coverage. You answered [student's answer] with high confidence. In 1-2 sentences, explain your reasoning for that answer.",Investment & Risk,Insurance Types,diagnose,"my answer did not show up. \""You were asked: Which insurance protects you if you cause an accident that injures someone? Options were A) Health insurance, B) Homeowner's insurance, C) Auto liability coverage. You answered [student's answer] with high confidence. In 1-2 sentences, explain your reasoning for that answer.\",50.00,1,2026-02-06 20:05:50.855415+00
e61756ef-660b-411b-9711-ebd23a96b7b2,pre,Q3_Open_Confirm,"You were asked whether high inflation means the cost of living is increasing rapidly. You answered ""True,"" which is correct. In 1-2 sentences, explain what inflation means and how it affects everyday life.",Borrowing & Credit,Inflation,confirm,This would greatly affect everyday life for most people. If inflation rises then goods will become more expensive. ,50.00,2,2026-02-06 20:06:32.310808+00
e6b47839-1226-4e68-a334-8d963d0dfac6,pre,Q30_Open_Confirm,"You were asked whether high-return investments are likely to be high risk. You answered ""True,"" which is correct. In 1-2 sentences, explain why high returns are usually associated with high risk.",Investment & Risk,Risk-Return Tradeoff,confirm,If something has a high return you probably put in a large amount of money to make money back.,50.00,2,2026-02-08 21:27:57.823641+00
e6b47839-1226-4e68-a334-8d963d0dfac6,pre,Q35_Open_Confirm,"You were asked whether opportunities to make a lot of money also come with chances to lose a lot. You answered ""True,"" which is correct. In 1-2 sentences, explain why high reward opportunities typically involve high risk.",Investment & Risk,Risk-Return Relationship,confirm,"You must put in money to make interest on it, so if you have the opportunity to make a large sum then you have the opportunity to lose a lot.",50.00,2,2026-02-08 21:28:48.756685+00
e6b47839-1226-4e68-a334-8d963d0dfac6,pre,Q3_Open_Confirm,"You were asked whether high inflation means the cost of living is increasing rapidly. You answered ""True,"" which is correct. In 1-2 sentences, explain what inflation means and how it affects everyday life.",Borrowing & Credit,Inflation,confirm,Everyday items are going to cost more so you must spend more money on goods to survive like food.,50.00,2,2026-02-08 21:27:20.394016+00
e73cd6ba-95da-4cbd-a54c-943db20cbe9d,pre,Q29_Open_Diagnose,"You were asked: If interest rates rise, what typically happens to bond prices? Options were A) They rise, B) They fall, C) They stay the same, D) No relationship. You answered [student's answer] with high confidence. In 1-2 sentences, explain your reasoning for that answer.",Investment & Risk,Interest Rates & Bonds,diagnose,The bond prices rise because inflation causes everything to rise in price except very inelastic goods.,50.00,2,2026-02-04 21:18:02.659171+00
e73cd6ba-95da-4cbd-a54c-943db20cbe9d,pre,Q7_Open_Diagnose,"You were asked: Which group would have the greatest problem during periods of high inflation? Options were A) Young working couples, B) Older working couples saving for retirement, C) Retirees on a fixed income. You answered [student's answer] with high confidence. In 1-2 sentences, explain your reasoning for that answer.",Borrowing & Credit,Inflation (Fixed Income),diagnose,The young working couples do not have any benefits and need to pay for things like rent. They also do not have much money saved up compared to the other older couples.,50.00,2,2026-02-04 21:16:35.331299+00
e83c00f2-b2b6-480d-88da-26f42b72be69,pre,Q39_Open_Diagnose,"You were asked: Are stocks generally riskier than bonds? You answered ""False"" with high confidence. In 1-2 sentences, explain your reasoning for that answer.",Investment & Risk,Stocks vs Bonds Risk,diagnose,"They are not always riskier than bonds, some bonds like high yields or long term, can carry significant risks. Risk can depend on specific investment, not just whether its stock or bond. ",50.00,2,2026-02-07 03:21:28.06483+00
e83c00f2-b2b6-480d-88da-26f42b72be69,pre,Q5_Open_Diagnose,"You were asked: How much should Lyle have set aside for emergency savings? The options were A) $200 or so, B) One month's rent, C) Three or more months of expenses. You answered [student's answer] with high confidence. In 1-2 sentences, explain your reasoning for that answer.",Borrowing & Credit,Emergency Fund,diagnose,"C, three or more months of expenses gives enough financial cushion to cover essentials during job loss or emergencies, while smaller amounts are typically not sufficient. ",50.00,3,2026-02-07 03:17:29.926027+00
e83c00f2-b2b6-480d-88da-26f42b72be69,pre,Q8_Open_Diagnose,"You were asked: What can Jayden likely negotiate with an auto loan lender? Options were A) Interest rate only, B) Down payment only, C) Both, D) Neither. You answered [student's answer] with high confidence. In 1-2 sentences, explain your reasoning for that answer.",Borrowing & Credit,Auto Loans,diagnose,"C, Both the interest rate and down payment can be negotiated, since lenders can adjust rate based on creditworthiness and accept different down payment amounts to reduce risk. ",50.00,2,2026-02-07 03:19:03.702641+00
e8c71b32-2d82-4a09-b999-a7137a795786,pre,Q10_Open_Diagnose,"You were asked: Which statement about credit reports is FALSE? Options were A) Employers use them to screen applicants, B) They include a credit worthiness assessment, C) They are provided by a single source. You answered [student's answer] with high confidence, indicating you thought that statement was false. In 1-2 sentences, explain your reasoning.",Borrowing & Credit,Credit Reports,diagnose,"I do not believe that employers use credit scores to screen applicants. I believe that job applications consider a resume and other factors, other than your credit score, and not sure if it is completely legal. ",50.00,2,2026-02-05 00:31:40.329907+00
e8c71b32-2d82-4a09-b999-a7137a795786,pre,Q1_Open_Diagnose,"You were asked: If you put $100 in a savings account at 2% annual interest, how much would you have after 5 years? The options were: A) More than $102, B) Exactly $102, C) Less than $102. You answered [student's answer] with high confidence. In 1-2 sentences, explain your reasoning for that answer.",Borrowing & Credit,Compound Interest,diagnose,Even if the money grew there would be $10 taken off of the account due to the interest. ,50.00,3,2026-02-05 00:33:59.091225+00
e8c71b32-2d82-4a09-b999-a7137a795786,pre,Q35_Open_Diagnose,"You were asked: If someone offers you the chance to make a lot of money, is there also likely a chance you could lose a lot? You answered ""False"" with high confidence. In 1-2 sentences, explain your reasoning for that answer.",Investment & Risk,Risk-Return Relationship,diagnose,It depends on the person and if someone is trying tohelp me out and I see that they are true in their word I might accept. To me it depends on the level of trust I have for someone.,50.00,3,2026-02-05 00:35:15.361645+00
e9b11d27-e5fa-482f-9063-0e94cf02d70e,pre,Q5_Open_Confirm,"You were asked how much Lyle should have in emergency savings. You answered ""three or more months of living expenses,"" which is correct. In 1-2 sentences, explain why financial experts recommend this amount.",Borrowing & Credit,Emergency Fund,confirm,This is so you can cover essential costs if you lose your income or face an unexpected emergency. ,50.00,2,2026-02-02 20:46:52.607684+00
ea4ea633-e8e5-4a7f-b0dc-42b5ff94007f,pre,Q2_Open_Confirm,"You were asked whether a 15-year mortgage has higher monthly payments but lower total interest than a 30-year mortgage. You answered ""True,"" which is correct. In 1-2 sentences, explain why total interest is lower on the shorter mortgage.",Borrowing & Credit,Borrowing/Mortgages,confirm,Because the lender is taking less risk on a shorter mortgage.,50.00,3,2026-02-05 21:37:50.179235+00
ea4ea633-e8e5-4a7f-b0dc-42b5ff94007f,pre,Q38_Open_Diagnose,"You were asked: Which investment best protects purchasing power during sudden high inflation? Options were A) 10-year fixed bond, B) Bank CD, C) 25-year fixed mortgage (debt), D) House with fixed mortgage. You answered [student's answer] with high confidence. In 1-2 sentences, explain your reasoning for that answer.",Investment & Risk,Inflation Protection,diagnose,"With a fixed rate mortgage, your monthly payments stay the same, but you’re paying them back with cheaper future dollars.",50.00,3,2026-02-05 21:36:51.879195+00
ea4ea633-e8e5-4a7f-b0dc-42b5ff94007f,pre,Q7_Open_Diagnose,"You were asked: Which group would have the greatest problem during periods of high inflation? Options were A) Young working couples, B) Older working couples saving for retirement, C) Retirees on a fixed income. You answered [student's answer] with high confidence. In 1-2 sentences, explain your reasoning for that answer.",Borrowing & Credit,Inflation (Fixed Income),diagnose,"B, because they are trying to most likely save money in their retirement fun but costs are so expensive it is hard to save.",50.00,3,2026-02-05 21:35:41.45188+00
ea96803e-3d0c-4c7c-9e54-32222c3008fd,pre,Q2_Open_Confirm,"You were asked whether a 15-year mortgage has higher monthly payments but lower total interest than a 30-year mortgage. You answered ""True,"" which is correct. In 1-2 sentences, explain why total interest is lower on the shorter mortgage.",Borrowing & Credit,Borrowing/Mortgages,confirm,It is shorter because you are borrowing money for less time.,50.00,2,2026-02-02 18:14:10.020883+00
ea96803e-3d0c-4c7c-9e54-32222c3008fd,pre,Q36_Open_Confirm,"You were asked whether saving money in more than one place reduces the risk of losing everything. You answered ""True,"" which is correct. In 1-2 sentences, explain why spreading your savings across multiple places is safer.",Investment & Risk,Diversification Principle,confirm,"It is safer because it reduces risk. If one bank account has a problem, you do not lose all of your money. ",50.00,2,2026-02-02 18:15:26.496623+00
ea96803e-3d0c-4c7c-9e54-32222c3008fd,pre,Q9_Open_Confirm,"You were asked about the primary advantage of making a household budget. You answered ""ensures funds are available for bill paying and saving,"" which is correct. In 1-2 sentences, explain how a budget helps achieve this.",Borrowing & Credit,Budgeting,confirm,A budget ensures funds are available for bill paying and saving by planning how income is spent before the money is used,50.00,2,2026-02-02 18:15:00.557488+00
eaa323a5-7f8d-44f1-805a-4667d93c4046,pre,Q10_Open_Confirm,"You were asked which statement about credit reports is FALSE. You correctly identified that ""your credit report is provided by a single source"" is false. In 1-2 sentences, explain why this statement is false.",Borrowing & Credit,Credit Reports,confirm,"Your credit report can come from multiple sources whether its from spending at a store, buying a house, buying groceries, paying things back in time, etc.",50.00,2,2026-02-02 23:24:06.033197+00
eaa323a5-7f8d-44f1-805a-4667d93c4046,pre,Q39_Open_Diagnose,"You were asked: Are stocks generally riskier than bonds? You answered ""False"" with high confidence. In 1-2 sentences, explain your reasoning for that answer.",Investment & Risk,Stocks vs Bonds Risk,diagnose,"I don’t know if this is true, but in my own experience I believe stocks are less riskier than bonds. I have learned more about stocks so I trust my own capability to know when things are risky or not, but I do not know much about bonds.",50.00,2,2026-02-02 23:23:01.764341+00
eaa323a5-7f8d-44f1-805a-4667d93c4046,pre,Q9_Open_Confirm,"You were asked about the primary advantage of making a household budget. You answered ""ensures funds are available for bill paying and saving,"" which is correct. In 1-2 sentences, explain how a budget helps achieve this.",Borrowing & Credit,Budgeting,confirm,"If you keep a budget, things won’t go over the spending amount so that there will always be enough funds to pay for bills and enought to save in a separate account.",50.00,2,2026-02-02 23:24:50.893154+00
eadf8ea1-499b-418d-91a7-af8c89ca3245,pre,Q11_Open_Confirm,"You were asked whether buying a single company's stock is safer than a stock mutual fund. You answered ""False,"" which is correct. In 1-2 sentences, explain why a mutual fund is generally safer than a single stock.",Risk Management,Diversification (Stock vs Fund),confirm,im not sure,50.00,2,2026-02-04 00:31:24.771783+00
eadf8ea1-499b-418d-91a7-af8c89ca3245,pre,Q35_Open_Diagnose,"You were asked: If someone offers you the chance to make a lot of money, is there also likely a chance you could lose a lot? You answered ""False"" with high confidence. In 1-2 sentences, explain your reasoning for that answer.",Investment & Risk,Risk-Return Relationship,diagnose,yiou have to spend money to make money so you could lose a lot,50.00,2,2026-02-04 00:31:24.771783+00
eadf8ea1-499b-418d-91a7-af8c89ca3245,pre,Q36_Open_Diagnose,"You were asked: Is it less likely you'll lose all your money if you save it in more than one place? You answered ""False"" with high confidence. In 1-2 sentences, explain your reasoning for that answer.",Investment & Risk,Diversification Principle,diagnose,i actually think it's true. because it will be in separate places ,50.00,3,2026-02-04 00:31:24.771783+00
eb7f893e-dcf3-4994-bc3a-4de6667b1cd9,pre,Q12_Open_Diagnose,"You were asked: What is the primary function of health insurance? Options were A) Protect against large unexpected bills, B) Cover routine health care, C) Pay for elective procedures. You answered [student's answer] with high confidence. In 1-2 sentences, explain your reasoning for that answer.",Risk Management,Health Insurance Purpose,diagnose,I chose B because people usually don't plan on having to go to the emergency room and everyone goes to the doctor's for visits. While the other options are important as well it is important to focus on daily life.,50.00,2,2026-02-02 21:26:09.064468+00
eb7f893e-dcf3-4994-bc3a-4de6667b1cd9,pre,Q13_Open_Confirm,"You were asked what a home insurance deductible represents. You answered ""the amount you pay before insurance covers damages,"" which is correct. In 1-2 sentences, explain how a deductible works when you file a claim.",Risk Management,Insurance Deductible,confirm,A deductible works when you file a claim by the insurance showing how much they are willing to pay and you pay the amount you owe.,50.00,1,2026-02-02 21:27:24.279473+00
eb7f893e-dcf3-4994-bc3a-4de6667b1cd9,pre,Q31_Open_Confirm,"You were asked what the stock market does. You answered ""brings together buyers and sellers of stocks,"" which is correct. In 1-2 sentences, explain why this function is important.",Investment & Risk,Stock Market Function,confirm,This function is important because then how would people know to buy stocks.,50.00,1,2026-02-02 21:29:04.288774+00
ec1df9f3-511b-44c1-85e1-0a64482aa0c8,pre,Q36_Open_Diagnose,"You were asked: Is it less likely you'll lose all your money if you save it in more than one place? You answered ""False"" with high confidence. In 1-2 sentences, explain your reasoning for that answer.",Investment & Risk,Diversification Principle,diagnose,Diversified investments generate less risk and allow for losses to be absorbed,50.00,3,2026-02-08 21:00:44.356271+00
ec1e962d-de25-4ecd-b353-c2b07e7c44d7,pre,Q29_Open_Diagnose,"You were asked: If interest rates rise, what typically happens to bond prices? Options were A) They rise, B) They fall, C) They stay the same, D) No relationship. You answered [student's answer] with high confidence. In 1-2 sentences, explain your reasoning for that answer.",Investment & Risk,Interest Rates & Bonds,diagnose,They fall as bonds and interest rates are inversely related. ,50.00,3,2026-02-09 05:49:20.007867+00
ec1e962d-de25-4ecd-b353-c2b07e7c44d7,pre,Q32_Open_Diagnose,"You were asked: Over a long time period (10-20 years), which asset normally gives the highest return? Options were A) Savings accounts, B) Bonds, C) Stocks. You answered [student's answer] with high confidence. In 1-2 sentences, explain your reasoning for that answer.",Investment & Risk,Long-Term Asset Returns,diagnose,"Stocks give you the highest return as with stocks because of the risk you take the market generally rewards you with profit if your investments are well coordinated, by investing in stocks though riskier you have the opportunity to receive greater benefit.",50.00,3,2026-02-09 05:46:16.978793+00
ec37f58a-7c43-4204-b163-e6a33601e864,pre,Q30_Open_Diagnose,"You were asked: An investment with a high return is likely to be high risk. True or false? You answered ""False"" with high confidence. In 1-2 sentences, explain your reasoning for that answer.",Investment & Risk,Risk-Return Tradeoff,diagnose,"False, because it has high returns, but it doesn't always have to be a high risk.",50.00,2,2026-02-06 17:03:13.060165+00
ec37f58a-7c43-4204-b163-e6a33601e864,pre,Q36_Open_Diagnose,"You were asked: Is it less likely you'll lose all your money if you save it in more than one place? You answered ""False"" with high confidence. In 1-2 sentences, explain your reasoning for that answer.",Investment & Risk,Diversification Principle,diagnose,"False, because you can put in savings or invest or stocks.",50.00,2,2026-02-06 17:05:25.076639+00
ec37f58a-7c43-4204-b163-e6a33601e864,pre,Q6_Open_Diagnose,"You were asked: A successful effort to lower inflation would likely be accompanied by which of the following? Options were A) A decrease in the general level of prices, B) A slower increase in prices, C) An increase in employment. You answered [student's answer] with high confidence. In 1-2 sentences, explain your reasoning for that answer.",Borrowing & Credit,Inflation (Lowering),diagnose,An increase in employment would lower inflation because money would be going to thre employees.,50.00,1,2026-02-06 17:01:50.320692+00
ec830597-86d0-4ad4-8258-98e27653d0ef,pre,Q2_Open_Confirm,"You were asked whether a 15-year mortgage has higher monthly payments but lower total interest than a 30-year mortgage. You answered ""True,"" which is correct. In 1-2 sentences, explain why total interest is lower on the shorter mortgage.",Borrowing & Credit,Borrowing/Mortgages,confirm,"Usually, in a higher monthly payment, the interest is lower since they're getting their return faster. In a 30 year period the interest rate will be higher becuase your getting the money back to them in 30 years.",50.00,3,2026-02-08 18:57:05.922032+00
ed6ca357-cf92-499c-8954-022e0a4c228f,pre,Q10_Open_Diagnose,"You were asked: Which statement about credit reports is FALSE? Options were A) Employers use them to screen applicants, B) They include a credit worthiness assessment, C) They are provided by a single source. You answered [student's answer] with high confidence, indicating you thought that statement was false. In 1-2 sentences, explain your reasoning.",Borrowing & Credit,Credit Reports,diagnose,I do not think that employers have acsess to your credit score. That would be an invasion of privacy and is not public information,50.00,3,2026-02-03 20:31:45.348617+00
ee173569-e2dd-4d8a-8084-962ed6eee119,pre,Q10_Open_Diagnose,"You were asked: Which statement about credit reports is FALSE? Options were A) Employers use them to screen applicants, B) They include a credit worthiness assessment, C) They are provided by a single source. You answered [student's answer] with high confidence, indicating you thought that statement was false. In 1-2 sentences, explain your reasoning.",Borrowing & Credit,Credit Reports,diagnose,It would be considered discriminatory to base a job application on a factor that does not represent the employee's capability of doing the job.,50.00,3,2026-02-05 03:32:36.132167+00
ee173569-e2dd-4d8a-8084-962ed6eee119,pre,Q38_Open_Diagnose,"You were asked: Which investment best protects purchasing power during sudden high inflation? Options were A) 10-year fixed bond, B) Bank CD, C) 25-year fixed mortgage (debt), D) House with fixed mortgage. You answered [student's answer] with high confidence. In 1-2 sentences, explain your reasoning for that answer.",Investment & Risk,Inflation Protection,diagnose,"The best option is the fixed bond because it is an asset that is not adjusted for inflation. When inflation is high, interest rates are also high. ",50.00,2,2026-02-05 03:35:12.576351+00
ee173569-e2dd-4d8a-8084-962ed6eee119,pre,Q8_Open_Diagnose,"You were asked: What can Jayden likely negotiate with an auto loan lender? Options were A) Interest rate only, B) Down payment only, C) Both, D) Neither. You answered [student's answer] with high confidence. In 1-2 sentences, explain your reasoning for that answer.",Borrowing & Credit,Auto Loans,diagnose,"The auto lender does not determine interest rates; the Fed does. He can however, negotiate how much he pays monthly for his car loan. ",50.00,3,2026-02-05 03:34:21.144831+00
eff29bec-edee-49c8-8e06-57a9695b5f13,pre,Q12_Open_Diagnose,"You were asked: What is the primary function of health insurance? Options were A) Protect against large unexpected bills, B) Cover routine health care, C) Pay for elective procedures. You answered [student's answer] with high confidence. In 1-2 sentences, explain your reasoning for that answer.",Risk Management,Health Insurance Purpose,diagnose,"Routine health care, is usually cheaper then other medical bills, and therefore can be easier paid by health insurance companies.",50.00,1,2026-02-04 19:17:24.856144+00
eff29bec-edee-49c8-8e06-57a9695b5f13,pre,Q31_Open_Confirm,"You were asked what the stock market does. You answered ""brings together buyers and sellers of stocks,"" which is correct. In 1-2 sentences, explain why this function is important.",Investment & Risk,Stock Market Function,confirm,It is important as it is trustworthy and lowers the risk of the individuals or companies getting scammed.,50.00,1,2026-02-04 19:21:04.526594+00
eff29bec-edee-49c8-8e06-57a9695b5f13,pre,Q39_Open_Confirm,"You were asked whether stocks are generally riskier than bonds. You answered ""True,"" which is correct. In 1-2 sentences, explain why stocks are considered riskier than bonds.",Investment & Risk,Stocks vs Bonds Risk,confirm,"Bonds you get a constant give back whether that give back is high or not depends on what the bond is and it can change, but you still always receive some sort of percentage. While Stocks you are at risk of not getting any give back at all.",50.00,1,2026-02-04 19:19:22.167345+00
f0ce898b-f5a4-4058-87eb-607a13f452a2,pre,Q29_Open_Diagnose,"You were asked: If interest rates rise, what typically happens to bond prices? Options were A) They rise, B) They fall, C) They stay the same, D) No relationship. You answered [student's answer] with high confidence. In 1-2 sentences, explain your reasoning for that answer.",Investment & Risk,Interest Rates & Bonds,diagnose,"A) To match the increase of interest which the government needs to pay out, the price of bonds would have to increase as well. ",50.00,3,2026-02-09 03:14:00.592282+00
f0ce898b-f5a4-4058-87eb-607a13f452a2,pre,Q6_Open_Diagnose,"You were asked: A successful effort to lower inflation would likely be accompanied by which of the following? Options were A) A decrease in the general level of prices, B) A slower increase in prices, C) An increase in employment. You answered [student's answer] with high confidence. In 1-2 sentences, explain your reasoning for that answer.",Borrowing & Credit,Inflation (Lowering),diagnose,"B) low inflation means prices are still increasing, just at a slow pace. ",50.00,3,2026-02-09 03:11:41.864536+00
f0ce898b-f5a4-4058-87eb-607a13f452a2,pre,Q8_Open_Diagnose,"You were asked: What can Jayden likely negotiate with an auto loan lender? Options were A) Interest rate only, B) Down payment only, C) Both, D) Neither. You answered [student's answer] with high confidence. In 1-2 sentences, explain your reasoning for that answer.",Borrowing & Credit,Auto Loans,diagnose,He could negotiate his interest rate if he has a good enough credit score. ,50.00,3,2026-02-09 03:10:25.174254+00
f1d12714-9dbd-4e4a-8768-c8a24f57e475,pre,Q38_Open_Confirm,"You were asked which investment best protects purchasing power during sudden high inflation. You answered ""a house financed with a fixed-rate mortgage,"" which is correct. In 1-2 sentences, explain why this protects against inflation.",Investment & Risk,Inflation Protection,confirm,"Maria can afford up to $1,500 per month for housing. A 15-year mortgage at 6% would cost $1,400/month. A 30-year mortgage at 6.5% would cost $1,100/month. If she wants to pay the least total amount over the life of the loan, which should she choose?",50.00,3,2026-02-02 16:34:57.851703+00
f1e8edbe-fcc0-4f45-90fe-854b398e05f3,pre,Q12_Open_Confirm,"You were asked about the primary function of health insurance. You answered ""protect against large unexpected medical bills,"" which is correct. In 1-2 sentences, explain why this is the main purpose of health insurance.",Risk Management,Health Insurance Purpose,confirm,"Health insurance is supposed to help you with the expensive medical bills that are unexpected. Risk will spread, but will immensely help with the cost of medical bills.",50.00,3,2026-02-02 17:04:31.264148+00
f1e8edbe-fcc0-4f45-90fe-854b398e05f3,pre,Q33_Open_Confirm,"You were asked: If 1,000 people each buy a lottery ticket with a 1% chance of winning, how many winners would you expect? You answered ""10,"" which is correct. In 1-2 sentences, explain how you calculated this.",Investment & Risk,Probability (% to Count),confirm,1000 x .01 = 10,50.00,2,2026-02-02 17:06:48.371189+00
f1e8edbe-fcc0-4f45-90fe-854b398e05f3,pre,Q6_Open_Diagnose,"You were asked: A successful effort to lower inflation would likely be accompanied by which of the following? Options were A) A decrease in the general level of prices, B) A slower increase in prices, C) An increase in employment. You answered [student's answer] with high confidence. In 1-2 sentences, explain your reasoning for that answer.",Borrowing & Credit,Inflation (Lowering),diagnose,I thought about lowering inflation and the slow rate of price rising. Although that doesn't mean that a good policy would ensure a slower increase in prices.,50.00,1,2026-02-02 17:01:59.954476+00
f280bb5e-0e40-4149-bd5a-9787d7073c33,pre,Q29_Open_Diagnose,"You were asked: If interest rates rise, what typically happens to bond prices? Options were A) They rise, B) They fall, C) They stay the same, D) No relationship. You answered [student's answer] with high confidence. In 1-2 sentences, explain your reasoning for that answer.",Investment & Risk,Interest Rates & Bonds,diagnose,"I'm pretty sure they state the same. I might've answered incorrectly when it was first asked. I'm not really sure, but that was my guess based on how I think bonds might work.",50.00,3,2026-02-07 22:48:45.559358+00
f280bb5e-0e40-4149-bd5a-9787d7073c33,pre,Q3_Open_Diagnose,"You were asked: High inflation means that the cost of living is increasing rapidly. True or false? You answered ""False"" with high confidence. In 1-2 sentences, explain your reasoning for that answer.",Borrowing & Credit,Inflation,diagnose,High inflation can cause different consequences besides just cost of living increases. The statement seemed too exclusive.,50.00,2,2026-02-07 22:46:58.609185+00
f280bb5e-0e40-4149-bd5a-9787d7073c33,pre,Q8_Open_Diagnose,"You were asked: What can Jayden likely negotiate with an auto loan lender? Options were A) Interest rate only, B) Down payment only, C) Both, D) Neither. You answered [student's answer] with high confidence. In 1-2 sentences, explain your reasoning for that answer.",Borrowing & Credit,Auto Loans,diagnose,"I don't know what [student's answer] means but I'm pretty sure I answered both. It was a guess, but I'm pretty sure people negotiate those. I don't own a car though.",50.00,3,2026-02-07 22:48:00.130313+00
f2867473-8be8-4bcc-ba23-5d563545cdb6,pre,Q2_Open_Confirm,"You were asked whether a 15-year mortgage has higher monthly payments but lower total interest than a 30-year mortgage. You answered ""True,"" which is correct. In 1-2 sentences, explain why total interest is lower on the shorter mortgage.",Borrowing & Credit,Borrowing/Mortgages,confirm,"You are making less payments over a span of 15 years. As a result, there are less interest payments.",50.00,1,2026-02-02 22:46:31.473392+00
f2867473-8be8-4bcc-ba23-5d563545cdb6,pre,Q30_Open_Confirm,"You were asked whether high-return investments are likely to be high risk. You answered ""True,"" which is correct. In 1-2 sentences, explain why high returns are usually associated with high risk.",Investment & Risk,Risk-Return Tradeoff,confirm,"It is the principle in finance that the higher the risk, the greater the reward. However, this also means the greater the chance for loss. ",50.00,1,2026-02-02 22:47:35.856076+00
f2867473-8be8-4bcc-ba23-5d563545cdb6,pre,Q3_Open_Confirm,"You were asked whether high inflation means the cost of living is increasing rapidly. You answered ""True,"" which is correct. In 1-2 sentences, explain what inflation means and how it affects everyday life.",Borrowing & Credit,Inflation,confirm,"Inflation means the cost of living increases overall. This would be an increase in taxes, as well as groceries and other daily necessities.",50.00,2,2026-02-02 22:45:17.673114+00
f294de3c-f300-4571-b29e-a1c0e2bc68fe,pre,Q30_Open_Confirm,"You were asked whether high-return investments are likely to be high risk. You answered ""True,"" which is correct. In 1-2 sentences, explain why high returns are usually associated with high risk.",Investment & Risk,Risk-Return Tradeoff,confirm,"If people put their money into an asset with a high reward, there is still a high risk as they are only putting their money into one asset. A high reward is more an effect for people having faith in a high risk investment.",50.00,2,2026-02-05 21:10:29.198307+00
f294de3c-f300-4571-b29e-a1c0e2bc68fe,pre,Q40_Open_Confirm,"You were asked about a key factor in the 2007-2008 financial crisis. You answered ""widespread failure to properly assess and manage financial risk,"" which is correct. In 1-2 sentences, explain how poor risk management contributed to the crisis.",Investment & Risk,2008 Financial Crisis,confirm,People didn't consider the risk of their investments and were overspending. This led to many people losing their money due to the inflation that occurred also around that time.,50.00,2,2026-02-05 21:15:15.150047+00
f2d8b9ff-321b-4afb-95f8-adc85600dc22,pre,Q10_Open_Confirm,"You were asked which statement about credit reports is FALSE. You correctly identified that ""your credit report is provided by a single source"" is false. In 1-2 sentences, explain why this statement is false.",Borrowing & Credit,Credit Reports,confirm,"I'm unsure how to explain because I don't know too much about credit reports, but I assume people have multiple sources instead of just relying on 1.",50.00,1,2026-02-04 00:42:35.309757+00
f2d8b9ff-321b-4afb-95f8-adc85600dc22,pre,Q13_Open_Confirm,"You were asked what a home insurance deductible represents. You answered ""the amount you pay before insurance covers damages,"" which is correct. In 1-2 sentences, explain how a deductible works when you file a claim.",Risk Management,Insurance Deductible,confirm,They review your claim and give you the money that they owe.,50.00,1,2026-02-04 00:42:35.309757+00
f2d8b9ff-321b-4afb-95f8-adc85600dc22,pre,Q7_Open_Confirm,"You were asked which group has the greatest problem during high inflation. You answered ""retirees living on a fixed income,"" which is correct. In 1-2 sentences, explain why fixed-income retirees struggle most during inflation.",Borrowing & Credit,Inflation (Fixed Income),confirm,"Retirees living on a fixed income may struggle the most because when you retire you put aside a certain amount of income to live comfortably without having to worry about going back to work, so with the rise of inflation, that could cause living expenses to get very expensive to the point where you might have to go back into the workforce.",50.00,1,2026-02-04 00:42:35.309757+00
f3785b23-528b-43e1-836e-052236412329,pre,Q29_Open_Diagnose,"You were asked: If interest rates rise, what typically happens to bond prices? Options were A) They rise, B) They fall, C) They stay the same, D) No relationship. You answered [student's answer] with high confidence. In 1-2 sentences, explain your reasoning for that answer.",Investment & Risk,Interest Rates & Bonds,diagnose,"when interest rates rise, bonds offer higher yields making them less wantable\n",50.00,3,2026-02-07 21:00:13.79512+00
f3785b23-528b-43e1-836e-052236412329,pre,Q31_Open_Diagnose,"You were asked: What does the stock market do? Options were A) Results in gains for investors, B) Guarantees investors a profit, C) Brings buyers and sellers together. You answered [student's answer] with high confidence. In 1-2 sentences, explain your reasoning for that answer.",Investment & Risk,Stock Market Function,diagnose,price is based on supply and demand which depends on how much investors come together,50.00,3,2026-02-07 21:01:38.279557+00
f3785b23-528b-43e1-836e-052236412329,pre,Q7_Open_Diagnose,"You were asked: Which group would have the greatest problem during periods of high inflation? Options were A) Young working couples, B) Older working couples saving for retirement, C) Retirees on a fixed income. You answered [student's answer] with high confidence. In 1-2 sentences, explain your reasoning for that answer.",Borrowing & Credit,Inflation (Fixed Income),diagnose,ppl with fixed income will be making the same amount as before no matter the inflation rate ,50.00,3,2026-02-07 20:59:13.569904+00
f3bea241-95ef-46b6-8be3-53e1091a61e8,pre,Q32_Open_Confirm,"You were asked which asset normally gives the highest return over a long time period like 10-20 years. You answered ""stocks,"" which is correct. In 1-2 sentences, explain why stocks tend to outperform savings accounts and bonds over long periods.",Investment & Risk,Long-Term Asset Returns,confirm,i really dont know to be honest.,50.00,1,2026-02-07 22:28:02.831495+00
f3bea241-95ef-46b6-8be3-53e1091a61e8,pre,Q33_Open_Diagnose,"You were asked: If 1,000 people buy lottery tickets with a 1% chance of winning, how many winners would you expect? Options were A) 5, B) 8, C) 10, D) 12. You answered [student's answer] with high confidence. In 1-2 sentences, explain how you arrived at that answer.",Investment & Risk,Probability (% to Count),diagnose,5 because it was the lowest option i could choose.,50.00,1,2026-02-07 22:27:01.805819+00
f3bea241-95ef-46b6-8be3-53e1091a61e8,pre,Q34_Open_Confirm,"You were asked whether spreading money among different assets increases, decreases, or maintains risk. You answered ""decreases,"" which is correct. In 1-2 sentences, explain why diversification reduces risk.",Investment & Risk,Diversification Effect,confirm,because if you lose money in one asset you still that retained value in the other assets you still own.\n,50.00,2,2026-02-07 22:27:30.598322+00
f530d35d-8db4-484e-84e1-9931b7dfab48,pre,Q12_Open_Diagnose,"You were asked: What is the primary function of health insurance? Options were A) Protect against large unexpected bills, B) Cover routine health care, C) Pay for elective procedures. You answered [student's answer] with high confidence. In 1-2 sentences, explain your reasoning for that answer.",Risk Management,Health Insurance Purpose,diagnose,"Health insurance is usually there to cover routine health care. Often, people are encouraged to pay for health care because the price can cover many emergencies and routine check-ups on one's health.",50.00,1,2026-02-07 19:33:04.724591+00
f530d35d-8db4-484e-84e1-9931b7dfab48,pre,Q6_Open_Diagnose,"You were asked: A successful effort to lower inflation would likely be accompanied by which of the following? Options were A) A decrease in the general level of prices, B) A slower increase in prices, C) An increase in employment. You answered [student's answer] with high confidence. In 1-2 sentences, explain your reasoning for that answer.",Borrowing & Credit,Inflation (Lowering),diagnose,"A decrease in general prices would allow people to make more money, adding more money into the economy to use. An increase in inflation would increase prices, decreasing the amount of money circulating within an economy.",50.00,3,2026-02-07 19:30:43.259303+00
f530d35d-8db4-484e-84e1-9931b7dfab48,pre,Q7_Open_Diagnose,"You were asked: Which group would have the greatest problem during periods of high inflation? Options were A) Young working couples, B) Older working couples saving for retirement, C) Retirees on a fixed income. You answered [student's answer] with high confidence. In 1-2 sentences, explain your reasoning for that answer.",Borrowing & Credit,Inflation (Fixed Income),diagnose,"Living on a fixed income means that their income doesn't change regardless of circumstances, so if the value of their fixed income is decreasing due to inflation, they are going to have more problems.",50.00,3,2026-02-07 19:31:38.561615+00
f53ef19d-adc3-4a9e-8cc2-479149134d4c,pre,Q29_Open_Diagnose,"You were asked: If interest rates rise, what typically happens to bond prices? Options were A) They rise, B) They fall, C) They stay the same, D) No relationship. You answered [student's answer] with high confidence. In 1-2 sentences, explain your reasoning for that answer.",Investment & Risk,Interest Rates & Bonds,diagnose,as interest rates go up the prices of bonds also go up due to the fact that they’re worth more money and more people would want to buy them. A case of supply and demand,50.00,2,2026-02-05 05:14:55.277096+00
f53ef19d-adc3-4a9e-8cc2-479149134d4c,pre,Q40_Open_Diagnose,"You were asked: What was a key factor in the 2007-2008 financial crisis? Options were A) Strong regulation, B) Failure to manage risk, C) High savings rates, D) Low borrowing. You answered [student's answer] with high confidence. In 1-2 sentences, explain your reasoning for that answer.",Investment & Risk,2008 Financial Crisis,diagnose,It is A because they were handing out mortgages left to right to people without knowing who could pay what ultimately leaving the housing market to crash.,50.00,3,2026-02-05 05:15:37.281376+00
f53ef19d-adc3-4a9e-8cc2-479149134d4c,pre,Q5_Open_Diagnose,"You were asked: How much should Lyle have set aside for emergency savings? The options were A) $200 or so, B) One month's rent, C) Three or more months of expenses. You answered [student's answer] with high confidence. In 1-2 sentences, explain your reasoning for that answer.",Borrowing & Credit,Emergency Fund,diagnose,I believe it is B due to the fact that next month lyle could lose his job. Since he lost his job he has no income coming in so that money he saved can pay for his rent so he still has a place to live.,50.00,2,2026-02-05 05:13:22.689161+00
f5ab0424-eeb3-4b50-bc19-0ba6c8226193,pre,Q29_Open_Diagnose,"You were asked: If interest rates rise, what typically happens to bond prices? Options were A) They rise, B) They fall, C) They stay the same, D) No relationship. You answered [student's answer] with high confidence. In 1-2 sentences, explain your reasoning for that answer.",Investment & Risk,Interest Rates & Bonds,diagnose,They fall (option C) because they become they become less attractive compared to other bonds that might have lower.,50.00,2,2026-02-07 00:34:04.918295+00
f5ab0424-eeb3-4b50-bc19-0ba6c8226193,pre,Q38_Open_Confirm,"You were asked which investment best protects purchasing power during sudden high inflation. You answered ""a house financed with a fixed-rate mortgage,"" which is correct. In 1-2 sentences, explain why this protects against inflation.",Investment & Risk,Inflation Protection,confirm,"Because even during a sudden increase in inflation, they would still pay the same interest, so it would not really affect them, they are basically protected from sudden fluctuations.",50.00,3,2026-02-07 00:36:32.351878+00
f5ab0424-eeb3-4b50-bc19-0ba6c8226193,pre,Q7_Open_Diagnose,"You were asked: Which group would have the greatest problem during periods of high inflation? Options were A) Young working couples, B) Older working couples saving for retirement, C) Retirees on a fixed income. You answered [student's answer] with high confidence. In 1-2 sentences, explain your reasoning for that answer.",Borrowing & Credit,Inflation (Fixed Income),diagnose,"I believe that C (Fixed income) are the ones that would suffer the most, since they live on a fixed or static income, which means that even if things get more expensive, they'll still have the same income, causing them to maybe not have enough to live on those prices.",50.00,3,2026-02-07 00:30:55.234835+00
f68f45f1-a00a-4519-8d7c-10bf2595d20d,pre,Q11_Open_Confirm,"You were asked whether buying a single company's stock is safer than a stock mutual fund. You answered ""False,"" which is correct. In 1-2 sentences, explain why a mutual fund is generally safer than a single stock.",Risk Management,Diversification (Stock vs Fund),confirm,"a mutual fund takes money from multiple investors while a single stock takes money from only one, so generally it is again better to put your eggs in multiple baskets opposed to just one as multiple people can grow your money in different ways while one person can only grow your money in one way.",50.00,3,2026-02-07 20:12:55.973036+00
f68f45f1-a00a-4519-8d7c-10bf2595d20d,pre,Q36_Open_Diagnose,"You were asked: Is it less likely you'll lose all your money if you save it in more than one place? You answered ""False"" with high confidence. In 1-2 sentences, explain your reasoning for that answer.",Investment & Risk,Diversification Principle,diagnose,"I believe that you won't lose all your money if you spread it between multiple places because you wouldn't be putting all of your eggs in one basket, if all your money is in one company then that company goes bankrupt you're in trouble. However, if you have your money spread between companies and only one of those companies goes bankrupt then you have other things to fall back on. ",50.00,3,2026-02-07 20:06:23.04659+00
f68f45f1-a00a-4519-8d7c-10bf2595d20d,pre,Q40_Open_Diagnose,"You were asked: What was a key factor in the 2007-2008 financial crisis? Options were A) Strong regulation, B) Failure to manage risk, C) High savings rates, D) Low borrowing. You answered [student's answer] with high confidence. In 1-2 sentences, explain your reasoning for that answer.",Investment & Risk,2008 Financial Crisis,diagnose,"For this question I answered C.) High savings risk because during the 2007-2008 financial crisis, I believe this answer to be true because I have seen many jokes on the internet about people born in the early 2000's saying things like \""Instead of learning how to walk I should've been buying a house in 2007.\"" So I know because of those jokes that the prices of homes were steadily decreasing so it would've been very beneficial to have bought a house at the time if possible. ",50.00,3,2026-02-07 20:08:30.567664+00
f72070f1-ac93-44a2-847d-966ff32151e8,pre,Q29_Open_Diagnose,"You were asked: If interest rates rise, what typically happens to bond prices? Options were A) They rise, B) They fall, C) They stay the same, D) No relationship. You answered [student's answer] with high confidence. In 1-2 sentences, explain your reasoning for that answer.",Investment & Risk,Interest Rates & Bonds,diagnose,they fall because people are less likely to spend more amounts of money when interest is high,50.00,2,2026-02-03 20:51:53.673946+00
f72070f1-ac93-44a2-847d-966ff32151e8,pre,Q5_Open_Confirm,"You were asked how much Lyle should have in emergency savings. You answered ""three or more months of living expenses,"" which is correct. In 1-2 sentences, explain why financial experts recommend this amount.",Borrowing & Credit,Emergency Fund,confirm,"anything can happen, and so its best to have a good amount of money saved for the times you may need it",50.00,3,2026-02-03 20:51:53.673946+00
f7bd4372-1c55-4a58-a92e-fbfce81eaed0,pre,Q30_Open_Diagnose,"You were asked: An investment with a high return is likely to be high risk. True or false? You answered ""False"" with high confidence. In 1-2 sentences, explain your reasoning for that answer.",Investment & Risk,Risk-Return Tradeoff,diagnose,"I answered False because a high return does not automatically mean high risk in every case. Some investments can have strong returns due to factors like long time horizons, diversification, or favorable market conditions without being inherently high risk.",50.00,3,2026-02-06 03:21:15.521038+00
f7bd4372-1c55-4a58-a92e-fbfce81eaed0,pre,Q7_Open_Diagnose,"You were asked: Which group would have the greatest problem during periods of high inflation? Options were A) Young working couples, B) Older working couples saving for retirement, C) Retirees on a fixed income. You answered [student's answer] with high confidence. In 1-2 sentences, explain your reasoning for that answer.",Borrowing & Credit,Inflation (Fixed Income),diagnose,I chose Retirees on a fixed income because inflation makes everyday expenses rise while their income doesn’t increase at the same pace. That means their purchasing power drops the most compared to working couples who can potentially earn more over time.,50.00,3,2026-02-06 03:17:49.883476+00
f7bd4372-1c55-4a58-a92e-fbfce81eaed0,pre,Q8_Open_Diagnose,"You were asked: What can Jayden likely negotiate with an auto loan lender? Options were A) Interest rate only, B) Down payment only, C) Both, D) Neither. You answered [student's answer] with high confidence. In 1-2 sentences, explain your reasoning for that answer.",Borrowing & Credit,Auto Loans,diagnose,"I chose Both because auto lenders can often adjust the interest rate based on credit and competition, and the down payment is flexible depending on what the borrower can put down Since both terms affect the loan’s total cost and risk, they’re commonly negotiable.",50.00,3,2026-02-06 03:19:09.653273+00
f7eafe3f-b998-4ee9-a32f-e092e7ef664f,pre,Q36_Open_Diagnose,"You were asked: Is it less likely you'll lose all your money if you save it in more than one place? You answered ""False"" with high confidence. In 1-2 sentences, explain your reasoning for that answer.",Investment & Risk,Diversification Principle,diagnose,I am not sure why.,50.00,2,2026-02-03 05:38:38.461989+00
f7eafe3f-b998-4ee9-a32f-e092e7ef664f,pre,Q37_Open_Confirm,"You were asked which insurance protects you if you cause an accident that injures someone. You answered ""auto insurance liability coverage,"" which is correct. In 1-2 sentences, explain what liability coverage does.",Investment & Risk,Insurance Types,confirm,It is because I have a similar insurance.,50.00,3,2026-02-03 05:38:38.461989+00
f9e59f01-e550-49ff-bafe-07e604bce5d7,pre,Q10_Open_Diagnose,"You were asked: Which statement about credit reports is FALSE? Options were A) Employers use them to screen applicants, B) They include a credit worthiness assessment, C) They are provided by a single source. You answered [student's answer] with high confidence, indicating you thought that statement was false. In 1-2 sentences, explain your reasoning.",Borrowing & Credit,Credit Reports,diagnose,"I choose option C as FALSE because credit reports do not come from a single institution; instead, they are collected and generated by multiple credit bureaus separately.",50.00,3,2026-02-04 00:17:03.700313+00
f9e59f01-e550-49ff-bafe-07e604bce5d7,pre,Q37_Open_Diagnose,"You were asked: Which insurance protects you if you cause an accident that injures someone? Options were A) Health insurance, B) Homeowner's insurance, C) Auto liability coverage. You answered [student's answer] with high confidence. In 1-2 sentences, explain your reasoning for that answer.",Investment & Risk,Insurance Types,diagnose,"I choose C. Because if you cause an accident while driving and injure someone else, liability insurance is used to cover the medical expenses and compensation for injuries of the other party.",50.00,3,2026-02-04 00:17:03.700313+00
f9e59f01-e550-49ff-bafe-07e604bce5d7,pre,Q5_Open_Diagnose,"You were asked: How much should Lyle have set aside for emergency savings? The options were A) $200 or so, B) One month's rent, C) Three or more months of expenses. You answered [student's answer] with high confidence. In 1-2 sentences, explain your reasoning for that answer.",Borrowing & Credit,Emergency Fund,diagnose,"i choose C, as Emergency savings should cover at least three months basic living expenses to deal with risks such as unemployment, emergencies or sudden large expenditures",50.00,3,2026-02-04 00:17:03.700313+00
fa1ca58e-250b-48ef-a8a9-8977a9cacfd1,pre,Q13_Open_Confirm,"You were asked what a home insurance deductible represents. You answered ""the amount you pay before insurance covers damages,"" which is correct. In 1-2 sentences, explain how a deductible works when you file a claim.",Risk Management,Insurance Deductible,confirm,You would have to pay money before insurance covers the damage. Assuming the claim gets approved. ,50.00,1,2026-02-03 21:07:54.063099+00
fa1ca58e-250b-48ef-a8a9-8977a9cacfd1,pre,Q36_Open_Confirm,"You were asked whether saving money in more than one place reduces the risk of losing everything. You answered ""True,"" which is correct. In 1-2 sentences, explain why spreading your savings across multiple places is safer.",Investment & Risk,Diversification Principle,confirm,"Spreading savings across multiple places is safer than investing money in one place because if one place has a high risk, it can be overlooked by another place where the reward may be higher. ",50.00,2,2026-02-03 21:07:54.063099+00
fa1ca58e-250b-48ef-a8a9-8977a9cacfd1,pre,Q4_Open_Confirm,"You were asked: If you lend $25 to a friend and he gives you $25 back the next day, how much interest has he paid? You answered ""$0,"" which is correct. In 1-2 sentences, explain why the interest is $0.",Borrowing & Credit,Borrowing/Interest,confirm,The interest would be $0 because if you lend $25 and receive $25 back then you gained $0 interest.,50.00,2,2026-02-03 21:07:54.063099+00
fa3707a1-b0aa-4bda-818d-8fffaa810e62,pre,Q10_Open_Diagnose,"You were asked: Which statement about credit reports is FALSE? Options were A) Employers use them to screen applicants, B) They include a credit worthiness assessment, C) They are provided by a single source. You answered [student's answer] with high confidence, indicating you thought that statement was false. In 1-2 sentences, explain your reasoning.",Borrowing & Credit,Credit Reports,diagnose,Your credit report isn't relevant to employers because they aren't giving you credit. That would only be relevant to lenders.,50.00,3,2026-02-08 21:36:52.930424+00
fa3707a1-b0aa-4bda-818d-8fffaa810e62,pre,Q40_Open_Confirm,"You were asked about a key factor in the 2007-2008 financial crisis. You answered ""widespread failure to properly assess and manage financial risk,"" which is correct. In 1-2 sentences, explain how poor risk management contributed to the crisis.",Investment & Risk,2008 Financial Crisis,confirm,"I don't know too much about how this happened, but I'm pretty sure it had to do with banks giving out too many loans with not enough protection against financial risk in the sense that they didn't really have a backup if borrowers failed to pay back the loans.",50.00,2,2026-02-08 21:39:42.585525+00
fa3707a1-b0aa-4bda-818d-8fffaa810e62,pre,Q6_Open_Diagnose,"You were asked: A successful effort to lower inflation would likely be accompanied by which of the following? Options were A) A decrease in the general level of prices, B) A slower increase in prices, C) An increase in employment. You answered [student's answer] with high confidence. In 1-2 sentences, explain your reasoning for that answer.",Borrowing & Credit,Inflation (Lowering),diagnose,"Inflation is the result of an increase in the aggregate price level of a given country's economy, so if successful policy is implemented to reduce inflation, it is synonymous with the price level decreasing.",50.00,3,2026-02-08 21:37:55.736102+00
fae40171-d895-4602-8959-a15d21fbe0e3,pre,Q29_Open_Diagnose,"You were asked: If interest rates rise, what typically happens to bond prices? Options were A) They rise, B) They fall, C) They stay the same, D) No relationship. You answered [student's answer] with high confidence. In 1-2 sentences, explain your reasoning for that answer.",Investment & Risk,Interest Rates & Bonds,diagnose,"When the interest rates rise, then bonds pay higher. Therefore to compete there price is droping",50.00,2,2026-02-02 21:18:28.555282+00
fae40171-d895-4602-8959-a15d21fbe0e3,pre,Q5_Open_Diagnose,"You were asked: How much should Lyle have set aside for emergency savings? The options were A) $200 or so, B) One month's rent, C) Three or more months of expenses. You answered [student's answer] with high confidence. In 1-2 sentences, explain your reasoning for that answer.",Borrowing & Credit,Emergency Fund,diagnose,Having three or more months of expenses gives protection if income pauses or an emergency happens. Even though smaller amounts wouldn't be enough to cover real financial shocks.,50.00,2,2026-02-02 21:16:22.929217+00
fae40171-d895-4602-8959-a15d21fbe0e3,pre,Q6_Open_Diagnose,"You were asked: A successful effort to lower inflation would likely be accompanied by which of the following? Options were A) A decrease in the general level of prices, B) A slower increase in prices, C) An increase in employment. You answered [student's answer] with high confidence. In 1-2 sentences, explain your reasoning for that answer.",Borrowing & Credit,Inflation (Lowering),diagnose,Lowering inflation means prices still go but not at the same rate as before. That's why a successful effort would lead to a slower increase in prices.,50.00,2,2026-02-02 21:14:36.626215+00
fbb0242d-61f3-4a59-b3aa-3fe3de656de5,pre,Q32_Open_Diagnose,"You were asked: Over a long time period (10-20 years), which asset normally gives the highest return? Options were A) Savings accounts, B) Bonds, C) Stocks. You answered [student's answer] with high confidence. In 1-2 sentences, explain your reasoning for that answer.",Investment & Risk,Long-Term Asset Returns,diagnose,"Since it holds funds the longest, and increases in value long term..",50.00,3,2026-02-09 07:10:29.984923+00
fbb0242d-61f3-4a59-b3aa-3fe3de656de5,pre,Q6_Open_Diagnose,"You were asked: A successful effort to lower inflation would likely be accompanied by which of the following? Options were A) A decrease in the general level of prices, B) A slower increase in prices, C) An increase in employment. You answered [student's answer] with high confidence. In 1-2 sentences, explain your reasoning for that answer.",Borrowing & Credit,Inflation (Lowering),diagnose,"Since inflation is ultimately the amount that prices go up, inflation being reduced would reduce the speed in which their prices increase.",50.00,2,2026-02-09 07:09:17.835+00
fc4d1c94-7997-48ee-9577-d60bc9ae074d,pre,Q36_Open_Diagnose,"You were asked: Is it less likely you'll lose all your money if you save it in more than one place? You answered ""False"" with high confidence. In 1-2 sentences, explain your reasoning for that answer.",Investment & Risk,Diversification Principle,diagnose,"Because the more spread out our investments the least volatile your money is, if you put all your eggs into one basket then it becomes a all or nothing chance.",50.00,3,2026-02-05 22:57:41.242985+00
fc4d1c94-7997-48ee-9577-d60bc9ae074d,pre,Q38_Open_Diagnose,"You were asked: Which investment best protects purchasing power during sudden high inflation? Options were A) 10-year fixed bond, B) Bank CD, C) 25-year fixed mortgage (debt), D) House with fixed mortgage. You answered [student's answer] with high confidence. In 1-2 sentences, explain your reasoning for that answer.",Investment & Risk,Inflation Protection,diagnose,I chose the fixed bond because you will continue to earn just as much regardless of the macroeconomic situation.,50.00,2,2026-02-05 22:58:18.806134+00
fc4d1c94-7997-48ee-9577-d60bc9ae074d,pre,Q8_Open_Diagnose,"You were asked: What can Jayden likely negotiate with an auto loan lender? Options were A) Interest rate only, B) Down payment only, C) Both, D) Neither. You answered [student's answer] with high confidence. In 1-2 sentences, explain your reasoning for that answer.",Borrowing & Credit,Auto Loans,diagnose,"I chose interest rate because interest rates are negotiable amongst many investments and is a reflection of your credit as well as how long you want to finance the vehicle for, the more time than the lower your interest rate can be, or you can get a cosignee to reduce it as well.",50.00,3,2026-02-05 22:55:58.489691+00
fd220b6c-07b6-424c-b707-52d12136846d,pre,Q10_Open_Diagnose,"You were asked: Which statement about credit reports is FALSE? Options were A) Employers use them to screen applicants, B) They include a credit worthiness assessment, C) They are provided by a single source. You answered [student's answer] with high confidence, indicating you thought that statement was false. In 1-2 sentences, explain your reasoning.",Borrowing & Credit,Credit Reports,diagnose,C because I do not know but I think this is correct ,50.00,2,2026-02-02 20:57:14.886802+00
fd220b6c-07b6-424c-b707-52d12136846d,pre,Q13_Open_Diagnose,"You were asked: What does a home insurance deductible represent? Options were A) Amount you pay before insurance covers damages, B) Monthly premium for coverage, C) Maximum amount insurance will pay. You answered [student's answer] with high confidence. In 1-2 sentences, explain your reasoning for that answer.",Risk Management,Insurance Deductible,diagnose,C because I know it’s correct ,50.00,2,2026-02-02 20:57:56.05993+00
fd48824e-7934-4977-ac6e-129c23489db3,pre,Q10_Open_Diagnose,"You were asked: Which statement about credit reports is FALSE? Options were A) Employers use them to screen applicants, B) They include a credit worthiness assessment, C) They are provided by a single source. You answered [student's answer] with high confidence, indicating you thought that statement was false. In 1-2 sentences, explain your reasoning.",Borrowing & Credit,Credit Reports,diagnose,I think B is false because someone's credit worthiness is based on a number. An assessment wouldn't be necessary which is why its false.,50.00,1,2026-02-03 23:04:47.716155+00
fd48824e-7934-4977-ac6e-129c23489db3,pre,Q36_Open_Diagnose,"You were asked: Is it less likely you'll lose all your money if you save it in more than one place? You answered ""False"" with high confidence. In 1-2 sentences, explain your reasoning for that answer.",Investment & Risk,Diversification Principle,diagnose,I answered false with high confidence because if you save it in various places it is less likely for all of the companies to loose your money. They have a better chance of being managed effectively. ,50.00,2,2026-02-03 23:04:47.716155+00
fd48824e-7934-4977-ac6e-129c23489db3,pre,Q6_Open_Diagnose,"You were asked: A successful effort to lower inflation would likely be accompanied by which of the following? Options were A) A decrease in the general level of prices, B) A slower increase in prices, C) An increase in employment. You answered [student's answer] with high confidence. In 1-2 sentences, explain your reasoning for that answer.",Borrowing & Credit,Inflation (Lowering),diagnose,I Chose A because if general level of prices lowered than the effort to lower inflation would occur as well. If products were less money than gas would be too. ,50.00,2,2026-02-03 23:04:47.716155+00
fde640ea-792d-4292-a7eb-1f34f004da1b,pre,Q10_Open_Diagnose,"You were asked: Which statement about credit reports is FALSE? Options were A) Employers use them to screen applicants, B) They include a credit worthiness assessment, C) They are provided by a single source. You answered [student's answer] with high confidence, indicating you thought that statement was false. In 1-2 sentences, explain your reasoning.",Borrowing & Credit,Credit Reports,diagnose,I think that option C is false becasue I am pretty sure that there are three sources that give  credit scores. ,50.00,3,2026-02-08 03:57:06.639842+00
fde640ea-792d-4292-a7eb-1f34f004da1b,pre,Q32_Open_Diagnose,"You were asked: Over a long time period (10-20 years), which asset normally gives the highest return? Options were A) Savings accounts, B) Bonds, C) Stocks. You answered [student's answer] with high confidence. In 1-2 sentences, explain your reasoning for that answer.",Investment & Risk,Long-Term Asset Returns,diagnose,I think that the correct option is C because stocks are more risky but would give high returns. ,50.00,3,2026-02-08 04:00:05.497284+00
fde640ea-792d-4292-a7eb-1f34f004da1b,pre,Q38_Open_Diagnose,"You were asked: Which investment best protects purchasing power during sudden high inflation? Options were A) 10-year fixed bond, B) Bank CD, C) 25-year fixed mortgage (debt), D) House with fixed mortgage. You answered [student's answer] with high confidence. In 1-2 sentences, explain your reasoning for that answer.",Investment & Risk,Inflation Protection,diagnose,I think that option D is correct because the house with a fixed mortgage would keep the past payment and not be affected as much by inflation. ,50.00,1,2026-02-08 03:58:44.838333+00
fe65c4ec-e7b1-4afc-9c1c-c784c4a9a0f4,pre,Q40_Open_Confirm,"You were asked about a key factor in the 2007-2008 financial crisis. You answered ""widespread failure to properly assess and manage financial risk,"" which is correct. In 1-2 sentences, explain how poor risk management contributed to the crisis.",Investment & Risk,2008 Financial Crisis,confirm,The lowly assessed risk management lead to the widespread failure. Which roughly translates to because it wasn’t managed correctly higher risks were taken then necessary and that lead to the failure that is seen.,50.00,1,2026-02-09 23:39:25.444538+00
fe65c4ec-e7b1-4afc-9c1c-c784c4a9a0f4,pre,Q6_Open_Diagnose,"You were asked: A successful effort to lower inflation would likely be accompanied by which of the following? Options were A) A decrease in the general level of prices, B) A slower increase in prices, C) An increase in employment. You answered [student's answer] with high confidence. In 1-2 sentences, explain your reasoning for that answer.",Borrowing & Credit,Inflation (Lowering),diagnose,I feel like generally lowering prices all around would help the lower the issues cause with inflation. ,50.00,2,2026-02-09 23:37:59.536642+00
fe6b9874-1bd0-499f-ad55-4a43cb79c720,pre,Q10_Open_Diagnose,"You were asked: Which statement about credit reports is FALSE? Options were A) Employers use them to screen applicants, B) They include a credit worthiness assessment, C) They are provided by a single source. You answered [student's answer] with high confidence, indicating you thought that statement was false. In 1-2 sentences, explain your reasoning.",Borrowing & Credit,Credit Reports,diagnose,"Credit reports are not used by employers to screen applicants, rather they are used by banks and lenders to evaluate your credit worthiness for loaning money.",50.00,3,2026-02-02 22:07:18.253448+00
fe6b9874-1bd0-499f-ad55-4a43cb79c720,pre,Q40_Open_Diagnose,"You were asked: What was a key factor in the 2007-2008 financial crisis? Options were A) Strong regulation, B) Failure to manage risk, C) High savings rates, D) Low borrowing. You answered [student's answer] with high confidence. In 1-2 sentences, explain your reasoning for that answer.",Investment & Risk,2008 Financial Crisis,diagnose,"High savings rates contributed to large pools of excess capital, ",50.00,3,2026-02-02 22:10:58.261587+00
fe6b9874-1bd0-499f-ad55-4a43cb79c720,pre,Q6_Open_Diagnose,"You were asked: A successful effort to lower inflation would likely be accompanied by which of the following? Options were A) A decrease in the general level of prices, B) A slower increase in prices, C) An increase in employment. You answered [student's answer] with high confidence. In 1-2 sentences, explain your reasoning for that answer.",Borrowing & Credit,Inflation (Lowering),diagnose,"Inflation correlates directly with the general level of prices, so if inflation were to lower than there would likely be a decrease in prices.",50.00,3,2026-02-02 22:07:48.560196+00
fec0c923-e487-47ba-a82f-d93f02a167f7,pre,Q12_Open_Diagnose,"You were asked: What is the primary function of health insurance? Options were A) Protect against large unexpected bills, B) Cover routine health care, C) Pay for elective procedures. You answered [student's answer] with high confidence. In 1-2 sentences, explain your reasoning for that answer.",Risk Management,Health Insurance Purpose,diagnose,I answered B. Their main job is to cover routine health care. They do not cover elective procedures and you can still have to pay large unexpected bills sometimes. ,50.00,3,2026-02-06 18:23:34.870002+00
fec0c923-e487-47ba-a82f-d93f02a167f7,pre,Q36_Open_Diagnose,"You were asked: Is it less likely you'll lose all your money if you save it in more than one place? You answered ""False"" with high confidence. In 1-2 sentences, explain your reasoning for that answer.",Investment & Risk,Diversification Principle,diagnose,Diversifying your assets protects you from losing all your money in one bad investment. One bad investment can be covered by 5 good ones. ,50.00,3,2026-02-06 18:24:12.757754+00
fec0c923-e487-47ba-a82f-d93f02a167f7,pre,Q6_Open_Diagnose,"You were asked: A successful effort to lower inflation would likely be accompanied by which of the following? Options were A) A decrease in the general level of prices, B) A slower increase in prices, C) An increase in employment. You answered [student's answer] with high confidence. In 1-2 sentences, explain your reasoning for that answer.",Borrowing & Credit,Inflation (Lowering),diagnose,I think I put down A but I believe that B is the correct answer. An increase in employment will lead to inflation going up and A is incorrect as prices decreasing is maybe more deflation. ,50.00,3,2026-02-06 18:22:49.702591+00
ff9872fb-973c-4f28-a170-e7a0a23a5de9,pre,Q38_Open_Diagnose,"You were asked: Which investment best protects purchasing power during sudden high inflation? Options were A) 10-year fixed bond, B) Bank CD, C) 25-year fixed mortgage (debt), D) House with fixed mortgage. You answered [student's answer] with high confidence. In 1-2 sentences, explain your reasoning for that answer.",Investment & Risk,Inflation Protection,diagnose,"I can't see what I put for some reason. But if I had to answer again I'd say 10 year fixed bond because it's essentially risk free. Whereas although I know mortgage backed securities are safe too, I think that there's more risk than fixed rate.",50.00,2,2026-02-02 16:47:03.344672+00
ff9872fb-973c-4f28-a170-e7a0a23a5de9,pre,Q3_Open_Diagnose,"You were asked: High inflation means that the cost of living is increasing rapidly. True or false? You answered ""False"" with high confidence. In 1-2 sentences, explain your reasoning for that answer.",Borrowing & Credit,Inflation,diagnose,"Now that I think about it, I'd say it's true because with prices increase with high inflation meaning cost of living would naturally rise.",50.00,2,2026-02-02 16:45:33.372619+00
ff9872fb-973c-4f28-a170-e7a0a23a5de9,pre,Q8_Open_Confirm,"You were asked what Jayden can negotiate when getting an auto loan. You answered ""both interest rate and down payment,"" which is correct. In 1-2 sentences, explain why it's possible to negotiate these terms.",Borrowing & Credit,Auto Loans,confirm,"Well you can negotiate interest rate based on your previous history and credit score, and down payement is totally up to the buyer because if you want to pay more now and accrue less interest than so be it.",50.00,2,2026-02-02 16:49:03.520055+00
