profile_id,user_id,course_id,gender,race_ethnicity,age_range,first_language,work_experience,prior_financial_products,self_rated_financial_knowledge,financial_stress_frequency,household_income,parental_education,first_generation_college,has_student_loan_debt,research_consent,completed_at
b1a5f146-4903-4788-8f2d-58b65e057634,2e113363-d3c8-472f-a407-73be07b754f8,7d2803a4-967a-4b5b-aaa7-e76fea38ab03,female,Hispanic or Latino,above-20,spanish,full-time,"[""credit-card"", ""student-loan""]",moderate,often,,less-than-high-school,yes,yes,t,2026-02-02 06:04:53.055167+00
8bb82e65-7896-4ab8-9025-91cd2d348b88,facf977a-47b6-4337-9f44-2036767c8c9c,7d2803a4-967a-4b5b-aaa7-e76fea38ab03,female,White or Caucasian,20-or-under,english,part-time,"[""none""]",low,sometimes,,some-college-no-degree,no,no,t,2026-02-02 06:04:57.955254+00
90a74ac6-522a-4883-9510-9b51d0a859a1,55471591-dfec-456f-b7ae-0399529f8aab,7d2803a4-967a-4b5b-aaa7-e76fea38ab03,female,Hispanic or Latino,20-or-under,english,part-time,"[""student-loan""]",low,often,,some-college-no-degree,no,yes,t,2026-02-02 13:52:58.077224+00
072e406f-febb-4ec8-be45-8a14a40c8b7f,6caa1b09-447d-4de9-b5fc-73f52b172660,7d2803a4-967a-4b5b-aaa7-e76fea38ab03,male,White or Caucasian,above-20,english,full-time,"[""credit-card"", ""student-loan"", ""auto-loan""]",low,always,,some-college-no-degree,yes,yes,t,2026-02-02 14:02:00.855306+00
a18e79f2-3d01-431f-9f15-e82a4cb8480f,6a724941-d859-4fe7-84ee-916232c3931d,7d2803a4-967a-4b5b-aaa7-e76fea38ab03,male,White or Caucasian,20-or-under,english,part-time,"[""credit-card"", ""student-loan""]",moderate,sometimes,,associate-degree,yes,yes,t,2026-02-02 14:28:38.745921+00
5d8fc3de-0d05-4190-8f37-11648078459f,334215c7-e772-4902-97f5-a5155524a1b1,7d2803a4-967a-4b5b-aaa7-e76fea38ab03,female,White or Caucasian,20-or-under,english,part-time,"[""student-loan""]",moderate,rarely,,graduate-or-professional-degree,yes,no,t,2026-02-02 14:42:31.381558+00
86d9e788-9c04-4ee0-b17d-62e7c32c70e7,0e01535f-fddc-409e-810b-fd3ded7d2ac2,7d2803a4-967a-4b5b-aaa7-e76fea38ab03,male,White or Caucasian,20-or-under,english,no-work-experience,"[""credit-card""]",very-high,sometimes,,high-school-diploma-or-ged,no,no,t,2026-02-02 14:45:52.16044+00
7ddd757f-447f-4b9c-b4de-9588c73f878f,e1bb1f62-1118-49e0-b13a-9ecc47e050a3,7d2803a4-967a-4b5b-aaa7-e76fea38ab03,female,White or Caucasian,20-or-under,english,part-time,"[""credit-card""]",low,rarely,,bachelors-degree,no,no,t,2026-02-02 14:50:39.472448+00
c1de47eb-c798-4fd6-9d9b-1827711e09cf,d8434543-92f1-4089-af65-17b258c2d622,7d2803a4-967a-4b5b-aaa7-e76fea38ab03,male,White or Caucasian,20-or-under,english,part-time,"[""student-loan"", ""investment-account""]",moderate,often,,associate-degree,no,prefer-not-to-say,t,2026-02-02 15:27:36.078393+00
5ba75d0b-a883-4cbe-9bbe-e6032094902d,77d2f9c3-1da7-4e3d-b468-043d952e68d9,7d2803a4-967a-4b5b-aaa7-e76fea38ab03,male,Asian,20-or-under,english,part-time,"[""student-loan"", ""credit-card"", ""investment-account"", ""insurance""]",moderate,sometimes,,dont-know,prefer-not-to-say,no,t,2026-02-02 15:53:21.814701+00
1507dc9e-24f5-4092-824f-0359ed7a00c7,7591ede2-3417-4e0e-ae52-e565734fcb12,7d2803a4-967a-4b5b-aaa7-e76fea38ab03,female,Asian,20-or-under,english,part-time,"[""credit-card"", ""student-loan""]",low,sometimes,,associate-degree,no,yes,t,2026-02-02 15:54:41.416581+00
7c46870f-f7a3-44ea-a7ca-e7caedbd5f4c,ddd1cdc2-aba7-4af4-8507-8258d5930a67,7d2803a4-967a-4b5b-aaa7-e76fea38ab03,male,White or Caucasian,20-or-under,english,no-work-experience,"[""none""]",moderate,rarely,,graduate-or-professional-degree,no,no,t,2026-02-02 15:54:46.702082+00
dbb20dc3-399c-452e-aa62-b9c4e30e3f85,f49e3d55-f798-4290-9878-37f35896b684,7d2803a4-967a-4b5b-aaa7-e76fea38ab03,female,White or Caucasian,20-or-under,english,part-time,"[""credit-card"", ""investment-account""]",moderate,sometimes,,graduate-or-professional-degree,no,no,t,2026-02-02 16:13:10.089826+00
bbcd9444-1d5c-4b17-98f8-1621a4028096,681bc1cb-c0bb-489e-9b78-dcd25f5daa38,7d2803a4-967a-4b5b-aaa7-e76fea38ab03,male,White or Caucasian,20-or-under,english,part-time,"[""investment-account"", ""credit-card""]",low,sometimes,,associate-degree,no,yes,t,2026-02-02 16:20:11.449067+00
965df9f1-a475-43cb-9442-cd8b845c9271,71245483-9729-4560-aa36-0bfaaec176a1,7d2803a4-967a-4b5b-aaa7-e76fea38ab03,male,White or Caucasian,20-or-under,english,full-time,"[""credit-card"", ""investment-account""]",high,often,,graduate-or-professional-degree,no,no,t,2026-02-02 16:22:17.344586+00
f77010af-f1ba-454d-b9a7-a864ac1e9a33,f9fa96e7-82a6-4bca-a7bd-98ae82704598,7d2803a4-967a-4b5b-aaa7-e76fea38ab03,female,White or Caucasian,20-or-under,english,full-time,"[""credit-card"", ""student-loan""]",moderate,often,,some-college-no-degree,yes,yes,,2026-02-02 16:26:54.223024+00
ac228eac-008c-4a1e-8a7d-9602e8a97f1f,283582df-980f-4f96-b37d-f3c25436d613,7d2803a4-967a-4b5b-aaa7-e76fea38ab03,female,White or Caucasian,20-or-under,english,part-time,"[""credit-card"", ""student-loan"", ""investment-account""]",moderate,often,,graduate-or-professional-degree,no,yes,t,2026-02-02 16:32:59.970557+00
ccd3ac1c-952a-4085-9098-5858a9bb1aaa,62569261-a935-4afc-92a4-ef62129cda33,7d2803a4-967a-4b5b-aaa7-e76fea38ab03,female,White or Caucasian,20-or-under,english,part-time,"[""credit-card""]",moderate,sometimes,,bachelors-degree,no,no,t,2026-02-02 16:44:38.332724+00
eb30bb27-395b-48c5-a876-e2222c72af65,4ee923b2-a270-46f6-9ac0-f8c08dd35129,7d2803a4-967a-4b5b-aaa7-e76fea38ab03,female,Two or more racial or ethnic backgrounds,20-or-under,english,part-time,"[""credit-card""]",low,never,,graduate-or-professional-degree,no,no,t,2026-02-02 16:45:24.916451+00
a1ba128c-1920-4513-beca-55f313c162e7,c2239f35-637e-453e-81ce-4058d54d456c,7d2803a4-967a-4b5b-aaa7-e76fea38ab03,female,White or Caucasian,20-or-under,russian,part-time,"[""investment-account"", ""credit-card""]",moderate,never,,graduate-or-professional-degree,no,no,t,2026-02-02 16:48:38.752871+00
a3eb2f9e-e888-46af-b0f4-17a727ed6c34,af5e84a6-172e-4226-8de6-0f43ded6df71,7d2803a4-967a-4b5b-aaa7-e76fea38ab03,male,Hispanic or Latino,20-or-under,english,part-time,"[""credit-card"", ""student-loan"", ""investment-account""]",moderate,sometimes,,bachelors-degree,no,yes,t,2026-02-02 16:55:27.979685+00
0a998bc3-ff9a-43eb-82b1-009ddb210f73,4700d520-514f-4a51-b486-18789d305b1f,7d2803a4-967a-4b5b-aaa7-e76fea38ab03,male,White or Caucasian,20-or-under,english,part-time,"[""credit-card"", ""investment-account""]",moderate,rarely,,bachelors-degree,no,no,,2026-02-02 16:56:05.709849+00
914f55c0-2fb7-4e8a-8548-73df7b8c0c63,43c4f8cd-0e70-4007-8fe0-13ede925fad0,7d2803a4-967a-4b5b-aaa7-e76fea38ab03,female,Two or more racial or ethnic backgrounds,20-or-under,english,full-time,"[""credit-card"", ""investment-account""]",moderate,sometimes,,graduate-or-professional-degree,no,no,t,2026-02-02 16:59:28.614614+00
177b6f1d-3a23-418a-9029-2662b3136fb2,849d3686-c9c5-42d5-8213-f346f963b279,7d2803a4-967a-4b5b-aaa7-e76fea38ab03,female,Hispanic or Latino,20-or-under,spanish,part-time,"[""credit-card"", ""student-loan""]",moderate,sometimes,,bachelors-degree,no,yes,t,2026-02-02 17:08:59.771661+00
da3b3366-9016-4a47-863d-d489c4f8dd76,dc80d78d-ee7a-46e6-9839-a4d23876568f,7d2803a4-967a-4b5b-aaa7-e76fea38ab03,female,White or Caucasian,20-or-under,english,part-time,"[""credit-card""]",low,sometimes,,graduate-or-professional-degree,no,no,,2026-02-02 17:12:39.504768+00
7b53463b-5298-4916-8731-eed47403a281,87267ca3-9fd7-4216-8afc-3a0033bc4659,7d2803a4-967a-4b5b-aaa7-e76fea38ab03,female,White or Caucasian,prefer-not-to-answer,english,part-time,"[""credit-card""]",low,rarely,,some-college-no-degree,no,no,t,2026-02-02 17:26:06.992585+00
a5a964a8-1ef7-4b0c-b938-9d69cb26a6e2,2a093996-e13c-49bd-ad4f-2485ce689172,7d2803a4-967a-4b5b-aaa7-e76fea38ab03,female,White or Caucasian,20-or-under,english,part-time,"[""student-loan""]",moderate,often,,high-school-diploma-or-ged,no,prefer-not-to-say,t,2026-02-02 17:28:41.13212+00
86eebbce-3ad1-48ad-857c-62e8fa589ca5,9b4d383a-2207-4bb9-9e53-14b8931757ee,7d2803a4-967a-4b5b-aaa7-e76fea38ab03,female,White or Caucasian,20-or-under,english,no-work-experience,"[""credit-card""]",moderate,rarely,,high-school-diploma-or-ged,no,no,t,2026-02-02 17:29:28.576064+00
b308bdec-044d-419c-9cc1-31fef51037c3,8f2cb546-6d29-46c7-8e0e-5ae2e4b5483e,7d2803a4-967a-4b5b-aaa7-e76fea38ab03,female,White or Caucasian,20-or-under,english,part-time,"[""credit-card"", ""investment-account""]",high,often,,graduate-or-professional-degree,no,no,t,2026-02-02 17:34:25.220873+00
4c8a477f-8028-4831-84f3-4a84d06d3d12,f58d556e-8120-44bb-849d-4cfc0a45e6c2,7d2803a4-967a-4b5b-aaa7-e76fea38ab03,female,White or Caucasian,20-or-under,english,part-time,"[""credit-card"", ""investment-account""]",moderate,sometimes,,graduate-or-professional-degree,no,no,t,2026-02-02 17:43:17.550586+00
4c5b0b90-2b36-48b9-b7e2-f4b743f6253d,9eb9c822-2342-4ddf-b5b9-f1a26a915b22,7d2803a4-967a-4b5b-aaa7-e76fea38ab03,female,Asian,20-or-under,english,part-time,"[""student-loan""]",low,rarely,,high-school-diploma-or-ged,no,yes,t,2026-02-02 17:46:36.799809+00
a5dfa8b0-f482-4082-8136-19fbaaf36ccf,e1431661-7edd-4e41-a964-8ba25bc21484,7d2803a4-967a-4b5b-aaa7-e76fea38ab03,female,Asian,20-or-under,english,part-time,"[""credit-card"", ""insurance""]",moderate,often,,high-school-diploma-or-ged,yes,no,t,2026-02-02 18:05:35.351755+00
76f6c873-082e-4d2e-a828-2ea091619399,88b02cfe-9c4c-4b43-ba7f-bf1dace95343,7d2803a4-967a-4b5b-aaa7-e76fea38ab03,male,White or Caucasian,20-or-under,other,part-time,"[""credit-card""]",moderate,often,,high-school-diploma-or-ged,yes,yes,t,2026-02-02 18:12:49.79015+00
75ae802e-17ce-47e7-8b06-aaa486901c87,851516a8-590d-4142-bdbb-40230eaa1b98,7d2803a4-967a-4b5b-aaa7-e76fea38ab03,female,Hispanic or Latino,20-or-under,english,part-time,"[""none"", ""prefer-not-to-answer""]",high,never,,associate-degree,no,no,t,2026-02-02 18:17:03.88381+00
da9b1f36-7c9b-4e47-9c79-f557b56c1958,b205be68-59cb-4664-8e71-54640c623bd2,7d2803a4-967a-4b5b-aaa7-e76fea38ab03,female,Hispanic or Latino,20-or-under,english,part-time,"[""credit-card""]",low,often,,high-school-diploma-or-ged,yes,prefer-not-to-say,t,2026-02-02 18:18:08.800676+00
d85f847a-2710-4e7e-bcc4-66e0e3ebdcec,652f2261-700e-4d2b-89ee-607e107bceb3,7d2803a4-967a-4b5b-aaa7-e76fea38ab03,female,White or Caucasian,20-or-under,english,part-time,"[""investment-account""]",high,never,,bachelors-degree,no,no,t,2026-02-02 18:20:01.35968+00
493a2d75-76c8-44e3-9114-7a9aff824969,d77d4868-dfe0-4076-b6a1-3c326e7ca77c,7d2803a4-967a-4b5b-aaa7-e76fea38ab03,male,Other,20-or-under,english,no-work-experience,"[""investment-account""]",moderate,sometimes,,bachelors-degree,no,no,,2026-02-02 18:23:06.874064+00
599e0950-6c7a-4acb-bda2-a9d2c7300490,f863b3e8-2674-43d3-98eb-5273cc4a21f0,7d2803a4-967a-4b5b-aaa7-e76fea38ab03,female,White or Caucasian,20-or-under,english,part-time,"[""credit-card""]",low,often,,bachelors-degree,no,no,t,2026-02-02 18:27:13.845446+00
53390179-0f83-4ad7-822e-8360ae531275,bc78cc98-6048-4813-ae7e-a2ce8eabe4d0,7d2803a4-967a-4b5b-aaa7-e76fea38ab03,female,White or Caucasian,20-or-under,english,part-time,"[""credit-card""]",low,never,,graduate-or-professional-degree,no,no,t,2026-02-02 18:35:25.253393+00
d1402d07-029c-4731-ac15-d96bcda6b5bc,a05a3302-d07c-4603-a39b-20916255952c,7d2803a4-967a-4b5b-aaa7-e76fea38ab03,female,White or Caucasian,above-20,english,full-time,"[""credit-card"", ""student-loan""]",moderate,sometimes,,some-college-no-degree,no,yes,t,2026-02-02 18:49:24.499365+00
e9d7caf8-cca9-40c2-aa30-932dc17bc4c1,1dadf029-d80a-4fe8-bcfa-63efd1fcb618,7d2803a4-967a-4b5b-aaa7-e76fea38ab03,female,White or Caucasian,20-or-under,english,no-work-experience,"[""credit-card"", ""investment-account""]",low,rarely,,graduate-or-professional-degree,no,no,t,2026-02-02 18:51:12.296186+00
586fb53e-0318-4a20-b9ce-8db61ea58644,b209e15f-9e16-4d94-8771-f35b94a55db5,7d2803a4-967a-4b5b-aaa7-e76fea38ab03,male,White or Caucasian,20-or-under,english,part-time,"[""investment-account""]",high,never,,graduate-or-professional-degree,no,no,t,2026-02-02 18:58:23.704143+00
e3023ce1-e0a9-45d0-a8cb-e59a7cfcd0a0,9d9e5222-a09a-4155-92c2-d859aa541a52,7d2803a4-967a-4b5b-aaa7-e76fea38ab03,female,White or Caucasian,20-or-under,english,part-time,"[""credit-card""]",moderate,rarely,,graduate-or-professional-degree,no,no,t,2026-02-02 19:04:56.754589+00
001e31f2-684a-499e-92e4-fdb54e2e878f,cb519c63-e632-4734-aac5-2bda2b962d40,7d2803a4-967a-4b5b-aaa7-e76fea38ab03,female,White or Caucasian,20-or-under,english,no-work-experience,"[""credit-card""]",low,rarely,,graduate-or-professional-degree,no,no,t,2026-02-02 19:06:20.847164+00
ff70f2eb-299d-4181-841e-e783c3aa5860,c625ad8a-e8ab-44b9-babd-70559b56cefd,7d2803a4-967a-4b5b-aaa7-e76fea38ab03,female,White or Caucasian,20-or-under,russian,part-time,"[""credit-card"", ""student-loan"", ""insurance"", ""investment-account""]",moderate,sometimes,,bachelors-degree,no,yes,t,2026-02-02 19:32:27.264143+00
dbdc9257-683f-4eda-bcc2-c451060ede55,76054a09-3a64-4b5e-ac78-29c72e48462f,7d2803a4-967a-4b5b-aaa7-e76fea38ab03,female,Asian,20-or-under,english,part-time,"[""credit-card"", ""investment-account""]",high,always,,some-college-no-degree,yes,no,t,2026-02-02 19:42:06.582056+00
1d56f9e2-95b0-481f-ad1d-155c2e8745da,dd9ba1d1-5cc9-41d0-a676-4fe106f2cf39,7d2803a4-967a-4b5b-aaa7-e76fea38ab03,female,Black or African American,20-or-under,english,full-time,"[""credit-card"", ""student-loan""]",low,often,,high-school-diploma-or-ged,no,no,t,2026-02-02 19:43:43.547346+00
8850a20d-dd4f-40be-8bd7-d181fd9037ae,9a5be23a-0ff8-4455-b7e4-fd95d3e199d4,7d2803a4-967a-4b5b-aaa7-e76fea38ab03,female,White or Caucasian,above-20,english,part-time,"[""student-loan""]",moderate,always,,graduate-or-professional-degree,yes,yes,t,2026-02-02 19:47:59.649451+00
10a9b3da-210e-4f6c-bc2e-2d648e4133f1,99f58f86-72df-42d3-84f8-ac892a29d9b7,7d2803a4-967a-4b5b-aaa7-e76fea38ab03,male,White or Caucasian,20-or-under,english,part-time,"[""prefer-not-to-answer""]",moderate,sometimes,,some-college-no-degree,no,no,,2026-02-02 19:50:02.61778+00
a98b5672-987c-4ba4-8a34-d89b3d66de3c,a9948e1a-9d8f-46cd-843b-31b5da7e9943,7d2803a4-967a-4b5b-aaa7-e76fea38ab03,female,White or Caucasian,20-or-under,english,part-time,"[""investment-account"", ""insurance"", ""credit-card""]",moderate,rarely,,bachelors-degree,no,no,t,2026-02-02 19:50:13.792032+00
79d09ccf-e632-45ea-8029-fb1b85598bc3,c6cc8e85-0b7c-4c9b-936f-63378be7525f,7d2803a4-967a-4b5b-aaa7-e76fea38ab03,male,White or Caucasian,20-or-under,english,full-time,"[""student-loan"", ""investment-account""]",low,rarely,,associate-degree,no,yes,t,2026-02-02 19:56:38.599271+00
a8ea9b81-26ef-4322-af39-6fbedd119deb,8557be96-8d5c-43e6-82c3-9c7ce0e3637b,7d2803a4-967a-4b5b-aaa7-e76fea38ab03,male,White or Caucasian,20-or-under,english,part-time,"[""investment-account"", ""credit-card""]",moderate,sometimes,,graduate-or-professional-degree,no,no,t,2026-02-02 20:05:27.902729+00
0fb90ce5-d0d9-4f1b-aceb-46d8e0850749,f5d0b8e1-7c50-4a2d-9865-edb56bd7920c,7d2803a4-967a-4b5b-aaa7-e76fea38ab03,female,White or Caucasian,20-or-under,english,part-time,"[""credit-card""]",low,rarely,,graduate-or-professional-degree,no,no,t,2026-02-02 20:15:32.943094+00
c45c125d-bb92-4cf3-8993-0ab2e6c130df,3415449e-8c26-4205-8cf5-8af73a85de19,7d2803a4-967a-4b5b-aaa7-e76fea38ab03,male,Two or more racial or ethnic backgrounds,20-or-under,english,part-time,"[""credit-card"", ""investment-account""]",moderate,sometimes,,graduate-or-professional-degree,no,prefer-not-to-say,t,2026-02-02 20:20:59.158719+00
f63fcc3e-5f57-484e-b794-bf43dd5a59b3,0335337a-0116-45ea-ba76-65076a62d40a,7d2803a4-967a-4b5b-aaa7-e76fea38ab03,male,White or Caucasian,20-or-under,english,part-time,"[""credit-card"", ""investment-account""]",moderate,rarely,,graduate-or-professional-degree,yes,no,t,2026-02-02 20:23:09.074715+00
cb2b6f0e-9f5e-4869-ba81-d69d454e8a4d,02fb1e18-2c77-447d-abc5-c94b3e849efa,7d2803a4-967a-4b5b-aaa7-e76fea38ab03,male,Two or more racial or ethnic backgrounds,20-or-under,spanish,part-time,"[""credit-card"", ""investment-account""]",moderate,rarely,,graduate-or-professional-degree,no,no,,2026-02-02 20:26:36.599524+00
7060a3cf-4444-4bd8-b7c7-ba85c41fc3e9,46e86e64-81a7-4030-81ed-d31e1d75ac2e,7d2803a4-967a-4b5b-aaa7-e76fea38ab03,female,Asian,20-or-under,english,part-time,"[""none""]",low,sometimes,,bachelors-degree,no,no,t,2026-02-02 20:31:10.737137+00
7b909bfa-2a88-45ef-9c51-586cc8d5fb6d,37b79b9d-7ee4-4eb5-a1ba-37839edfef17,7d2803a4-967a-4b5b-aaa7-e76fea38ab03,female,White or Caucasian,20-or-under,english,part-time,"[""credit-card"", ""insurance""]",low,rarely,,graduate-or-professional-degree,no,no,t,2026-02-02 20:39:58.965703+00
5d620878-6a19-4ed2-a5e5-7dfdccf92a23,010e87c8-d3f6-401b-bc8a-beb610e9cf0d,7d2803a4-967a-4b5b-aaa7-e76fea38ab03,male,White or Caucasian,20-or-under,english,part-time,"[""prefer-not-to-answer""]",moderate,sometimes,,some-college-no-degree,yes,prefer-not-to-say,,2026-02-02 20:40:25.847243+00
5fc25f55-b1b7-4b2a-856a-4b0d4cb1e3fe,8429083f-4d18-40ac-829d-13cbef201786,7d2803a4-967a-4b5b-aaa7-e76fea38ab03,female,White or Caucasian,20-or-under,english,part-time,"[""student-loan""]",moderate,rarely,,high-school-diploma-or-ged,no,no,t,2026-02-02 20:46:08.077912+00
d32b7f5a-e75a-45b5-a7bf-dcdfe188a254,dd106dfa-683b-445f-829d-82e29987624c,7d2803a4-967a-4b5b-aaa7-e76fea38ab03,female,Hispanic or Latino,20-or-under,english,part-time,"[""credit-card"", ""insurance""]",moderate,sometimes,,high-school-diploma-or-ged,yes,no,,2026-02-02 20:47:00.113469+00
114ec710-5110-48b5-8be5-7071ae967cb3,e2f1f4f1-37b2-4f91-9404-bb61228be1af,7d2803a4-967a-4b5b-aaa7-e76fea38ab03,male,White or Caucasian,above-20,other,part-time,"[""investment-account""]",moderate,often,,prefer-not-to-answer,yes,no,t,2026-02-02 20:50:58.921193+00
c7f3ed2a-94aa-4f51-9163-db99a3ba8226,e35fa725-8f92-4b9b-b9aa-23a17f51eae4,7d2803a4-967a-4b5b-aaa7-e76fea38ab03,male,Hispanic or Latino,above-20,english,full-time,"[""credit-card"", ""student-loan"", ""auto-loan"", ""investment-account"", ""insurance""]",moderate,sometimes,,high-school-diploma-or-ged,yes,yes,t,2026-02-02 20:57:14.384121+00
9d6d4152-3e36-4d21-a0bb-0021c0e9c95c,b461e70b-1350-4db6-8ca1-a63ec493c3ee,7d2803a4-967a-4b5b-aaa7-e76fea38ab03,female,White or Caucasian,20-or-under,english,part-time,"[""credit-card"", ""student-loan"", ""investment-account""]",moderate,rarely,,some-college-no-degree,no,prefer-not-to-say,,2026-02-02 20:58:03.09415+00
50bfb53c-b54f-449c-b337-69e9545041b2,291c292d-9b14-4d33-b2d5-2dc2473bb8a8,7d2803a4-967a-4b5b-aaa7-e76fea38ab03,male,Black or African American,20-or-under,english,part-time,"[""credit-card"", ""investment-account""]",high,never,,bachelors-degree,no,no,,2026-02-02 21:03:21.174691+00
35e5b313-2cd5-4e13-9df3-67e2b3b23ecc,55b1aab8-72eb-4591-8b81-917baa996b8b,7d2803a4-967a-4b5b-aaa7-e76fea38ab03,female,Asian,20-or-under,english,part-time,"[""credit-card"", ""investment-account""]",moderate,sometimes,,some-college-no-degree,yes,no,t,2026-02-02 21:06:34.152968+00
77f1a28a-1ec9-41d0-8ec6-0261a6921628,5e7b38f3-91b1-49e1-a49a-4358f48ba1e0,7d2803a4-967a-4b5b-aaa7-e76fea38ab03,female,Asian,20-or-under,english,part-time,"[""credit-card"", ""investment-account""]",moderate,often,,graduate-or-professional-degree,no,no,t,2026-02-02 21:06:38.708705+00
e421fb96-ec05-4c42-8e47-f9e774ee9f93,6ffbf2b0-6fee-40c1-bf98-0d33199ad1e9,7d2803a4-967a-4b5b-aaa7-e76fea38ab03,female,White or Caucasian,20-or-under,english,part-time,"[""credit-card"", ""insurance""]",moderate,often,,associate-degree,yes,prefer-not-to-say,t,2026-02-02 21:08:48.973845+00
8428f2fe-9543-423f-a64d-bda681e8fcc7,9aaf4e15-3c5f-47bd-b133-891f8cb54b2a,7d2803a4-967a-4b5b-aaa7-e76fea38ab03,female,Asian,above-20,english,part-time,"[""credit-card"", ""student-loan""]",moderate,often,,bachelors-degree,yes,yes,,2026-02-02 21:12:29.684092+00
8f0bd93d-2cf7-4ee5-9545-ee729ee8589a,04c824fe-256a-4b2f-8fbd-611efb6977a4,7d2803a4-967a-4b5b-aaa7-e76fea38ab03,female,Hispanic or Latino,20-or-under,spanish,no-work-experience,"[""none""]",moderate,rarely,,graduate-or-professional-degree,no,no,t,2026-02-02 21:16:59.218548+00
03372046-e854-4a38-a60e-845cd5cdfce6,cff19c86-9872-4d22-9e1c-74f1d0755dfc,7d2803a4-967a-4b5b-aaa7-e76fea38ab03,male,White or Caucasian,20-or-under,english,full-time,"[""credit-card""]",moderate,sometimes,,associate-degree,no,no,t,2026-02-02 21:17:22.861791+00
9baf7fc4-0261-4022-a155-61ca3cb2510f,d1d51dcc-cf70-46f1-a2dd-1b8c11d4a862,7d2803a4-967a-4b5b-aaa7-e76fea38ab03,female,White or Caucasian,above-20,english,full-time,"[""credit-card""]",low,sometimes,,graduate-or-professional-degree,no,no,,2026-02-02 21:21:18.112341+00
f42847a8-8a93-45e1-8ffe-a6582ac76fcc,4577ff0e-5639-42c6-a3a5-657ea84967ff,7d2803a4-967a-4b5b-aaa7-e76fea38ab03,male,White or Caucasian,above-20,other,no-work-experience,"[""none""]",low,often,,graduate-or-professional-degree,yes,no,t,2026-02-02 21:22:43.171011+00
1e258129-d988-4246-b68c-e617eb5d063d,b6a218a0-b9c9-48e1-a7f0-825d7b8673d5,7d2803a4-967a-4b5b-aaa7-e76fea38ab03,female,Hispanic or Latino,20-or-under,spanish,no-work-experience,"[""credit-card""]",moderate,sometimes,,graduate-or-professional-degree,no,no,t,2026-02-02 21:23:00.14122+00
c5d50f6b-c4a4-4b94-b150-40e72874614c,99dcaf4b-66a6-4e33-9988-692075410ca0,7d2803a4-967a-4b5b-aaa7-e76fea38ab03,female,Two or more racial or ethnic backgrounds,20-or-under,other,part-time,"[""credit-card"", ""investment-account""]",moderate,never,,bachelors-degree,no,no,,2026-02-02 21:23:03.875595+00
e65d9e1c-6f54-4cdc-824d-6c48208dfee5,40c39fd0-de18-4d69-8c91-f9b1257fe7c9,7d2803a4-967a-4b5b-aaa7-e76fea38ab03,female,White or Caucasian,20-or-under,english,part-time,"[""investment-account""]",moderate,sometimes,,graduate-or-professional-degree,no,no,t,2026-02-02 21:29:19.253907+00
5f2b0224-91c2-4d59-91ed-dbfe45bc1de8,c437cc95-97d3-4da1-bad2-3bc3a2e6047c,7d2803a4-967a-4b5b-aaa7-e76fea38ab03,female,White or Caucasian,20-or-under,english,part-time,"[""credit-card"", ""investment-account""]",moderate,never,,graduate-or-professional-degree,no,no,t,2026-02-02 21:30:55.032394+00
a9a66e43-2318-46ea-b811-3bfcb7cc3514,d0ae771b-ff49-4bb5-b287-f1be801ec39b,7d2803a4-967a-4b5b-aaa7-e76fea38ab03,female,White or Caucasian,20-or-under,english,no-work-experience,"[""credit-card"", ""student-loan""]",low,often,,bachelors-degree,no,yes,t,2026-02-02 21:32:56.106172+00
181185fc-1bd8-47ee-a8f1-d1b8cd3a954b,508bffbc-6a26-46a9-9a65-15e3a6d074ba,7d2803a4-967a-4b5b-aaa7-e76fea38ab03,female,White or Caucasian,20-or-under,english,part-time,"[""credit-card""]",low,sometimes,,graduate-or-professional-degree,no,no,t,2026-02-02 21:45:10.935908+00
b197cee5-95b9-42f1-b6e8-2e5f0658b3b3,9e49264d-0a86-4871-9dcf-169ce19349b6,7d2803a4-967a-4b5b-aaa7-e76fea38ab03,male,White or Caucasian,20-or-under,english,part-time,"[""credit-card"", ""student-loan"", ""investment-account""]",high,rarely,,graduate-or-professional-degree,no,prefer-not-to-say,t,2026-02-02 21:47:26.421606+00
4ffc3c7b-f8bb-45e4-979b-6e495ed0490a,75a14cd3-0ce8-4aaf-ac1b-9f22299f277b,7d2803a4-967a-4b5b-aaa7-e76fea38ab03,female,Hispanic or Latino,20-or-under,spanish,part-time,"[""none""]",very-low,rarely,,less-than-high-school,yes,no,t,2026-02-02 21:47:45.601914+00
743377e3-ea1c-4e59-91b6-162b6e7404b6,023df988-f3ab-4259-8146-7d50c655bd5c,7d2803a4-967a-4b5b-aaa7-e76fea38ab03,male,White or Caucasian,20-or-under,english,part-time,"[""credit-card"", ""investment-account""]",moderate,sometimes,,bachelors-degree,no,no,,2026-02-02 21:54:02.761382+00
6f644235-4186-4b6f-8970-b3b3f7edb6bd,c0554152-e611-431e-a579-b5ca5a80067d,7d2803a4-967a-4b5b-aaa7-e76fea38ab03,male,White or Caucasian,20-or-under,english,part-time,"[""credit-card"", ""student-loan""]",moderate,sometimes,,bachelors-degree,no,prefer-not-to-say,t,2026-02-02 21:54:36.254002+00
04818829-8774-4866-ab94-fc5b28225aef,3ea44c6e-88b9-4522-8f3f-40d7b4c90b91,7d2803a4-967a-4b5b-aaa7-e76fea38ab03,female,Two or more racial or ethnic backgrounds,20-or-under,english,part-time,"[""student-loan""]",low,always,,bachelors-degree,no,no,t,2026-02-02 22:00:47.663291+00
54c11199-19c8-4a97-b942-e94d83ef417d,66463ff1-b84c-49cf-b596-bebb3cb7ae59,7d2803a4-967a-4b5b-aaa7-e76fea38ab03,male,Asian,above-20,other,prefer-not-to-answer,"[""investment-account"", ""credit-card"", ""insurance""]",moderate,sometimes,,bachelors-degree,yes,yes,t,2026-02-02 22:01:12.159528+00
4dfadc25-44b3-46a4-a239-545e22ca0cf6,3c3b26e6-7be9-40dc-9f15-f8b1a643ae39,7d2803a4-967a-4b5b-aaa7-e76fea38ab03,female,White or Caucasian,20-or-under,english,part-time,"[""credit-card"", ""student-loan"", ""investment-account""]",moderate,rarely,,graduate-or-professional-degree,no,yes,t,2026-02-02 22:11:57.470946+00
82d1ee16-5d11-4213-8eb4-225433c56783,4b17aa77-3ca9-4922-a5ea-4efd79ee66fe,7d2803a4-967a-4b5b-aaa7-e76fea38ab03,female,Black or African American,20-or-under,english,part-time,"[""none""]",low,sometimes,,bachelors-degree,no,no,t,2026-02-02 22:16:52.177426+00
d46638e8-1a5f-4dbb-abdd-669618a94976,8bc37878-d5fa-4b3f-bce5-98f3d53c5e79,7d2803a4-967a-4b5b-aaa7-e76fea38ab03,female,,20-or-under,english,part-time,"[""credit-card""]",moderate,sometimes,,,,,t,2026-02-02 22:28:25.052205+00
14994015-61db-4120-a75d-4ab5a729a00c,7dae1cf1-09db-4dc6-a693-ada7ad74ce8b,7d2803a4-967a-4b5b-aaa7-e76fea38ab03,female,,20-or-under,english,part-time,"[""credit-card""]",moderate,sometimes,,,,,t,2026-02-02 22:29:08.861048+00
23587c40-ddc0-4030-a1e4-2a2987e9a276,91a304ee-a063-47f7-991f-a311337a9a4a,7d2803a4-967a-4b5b-aaa7-e76fea38ab03,female,White or Caucasian,20-or-under,english,full-time,"[""credit-card""]",very-low,always,,bachelors-degree,no,yes,f,2026-02-02 22:48:49.820133+00
90637a55-2755-42cd-b952-44b068284568,84ee2f03-59b7-4e86-b2b7-8eaba8988fb5,7d2803a4-967a-4b5b-aaa7-e76fea38ab03,female,White or Caucasian,20-or-under,english,part-time,"[""credit-card""]",low,rarely,,bachelors-degree,no,no,,2026-02-02 22:58:06.154964+00
25a81e80-5795-4582-a8bd-edc1644ddfa0,75c720c1-4f80-4712-97a7-badd664c646c,7d2803a4-967a-4b5b-aaa7-e76fea38ab03,female,Hispanic or Latino,20-or-under,spanish,part-time,"[""credit-card"", ""insurance""]",very-low,often,,high-school-diploma-or-ged,yes,no,,2026-02-02 23:00:52.190286+00
abd2591e-8d27-430a-9c05-4b6361563a10,2f66bf5a-5af0-4b7b-83f9-111a66bb4273,7d2803a4-967a-4b5b-aaa7-e76fea38ab03,male,White or Caucasian,20-or-under,english,part-time,"[""student-loan"", ""investment-account""]",moderate,always,,bachelors-degree,no,no,t,2026-02-02 23:04:32.908057+00
260bfec0-7fb0-4a09-8be5-057aeae813c3,02983dd8-4be1-472f-bfe2-d76c6fa6b0a9,7d2803a4-967a-4b5b-aaa7-e76fea38ab03,female,Hispanic or Latino,20-or-under,spanish,part-time,"[""student-loan""]",moderate,often,,less-than-high-school,yes,yes,,2026-02-02 23:13:13.242016+00
f9533140-09d3-4abc-a5e4-ac6047587f8a,a7c2bdef-8caa-49a3-9e03-0149a4757ec2,7d2803a4-967a-4b5b-aaa7-e76fea38ab03,female,White or Caucasian,20-or-under,english,part-time,"[""credit-card"", ""student-loan""]",low,often,,graduate-or-professional-degree,no,no,t,2026-02-02 23:20:55.760287+00
23037260-373f-475c-9728-f9a3322b1ac6,adce47bc-400d-46ed-9f52-c15f1096f89c,7d2803a4-967a-4b5b-aaa7-e76fea38ab03,female,Two or more racial or ethnic backgrounds,20-or-under,english,part-time,"[""student-loan""]",low,often,,graduate-or-professional-degree,no,yes,,2026-02-02 23:35:04.041718+00
d2832f27-0396-4425-98cd-34df8cb22e10,39f85a15-e8f1-46c2-b3e8-c6dc70b8ce47,7d2803a4-967a-4b5b-aaa7-e76fea38ab03,female,Black or African American,20-or-under,english,full-time,"[""none""]",moderate,often,,graduate-or-professional-degree,no,yes,t,2026-02-02 23:35:17.165265+00
1da9a76c-4c27-44cc-91ed-6ccf80ae0d66,a3cc269e-371d-4206-beac-1c875b4eaba7,7d2803a4-967a-4b5b-aaa7-e76fea38ab03,male,Black or African American,20-or-under,other,no-work-experience,"[""credit-card"", ""student-loan""]",moderate,sometimes,,prefer-not-to-answer,yes,prefer-not-to-say,,2026-02-02 23:56:21.391861+00
c1b99b5c-f5cd-45c3-a6ac-e1505cd7d38c,42ae7bf0-67e8-4b95-98c6-ac7ed5933545,7d2803a4-967a-4b5b-aaa7-e76fea38ab03,male,Hispanic or Latino,20-or-under,english,full-time,"[""credit-card"", ""student-loan"", ""auto-loan"", ""insurance""]",moderate,often,,high-school-diploma-or-ged,yes,yes,t,2026-02-03 00:04:39.251146+00
5755f931-0110-4a93-a4f7-4eff4fc9d7c8,2a7a36c4-a2ad-4c08-9072-0d715a0f6a3a,7d2803a4-967a-4b5b-aaa7-e76fea38ab03,male,White or Caucasian,20-or-under,english,part-time,"[""credit-card"", ""investment-account"", ""insurance""]",moderate,rarely,,prefer-not-to-answer,yes,no,t,2026-02-03 00:12:27.887524+00
b54e699a-5a60-4002-b39a-d5628a4dab40,56f5306b-77a3-45e6-89df-d161e08ea49a,7d2803a4-967a-4b5b-aaa7-e76fea38ab03,male,White or Caucasian,20-or-under,english,no-work-experience,"[""investment-account""]",moderate,sometimes,,dont-know,no,no,,2026-02-03 00:14:17.349723+00
51469bf1-7a4c-4fd4-8022-6fee9f977c16,54fd4ad9-0536-49e7-9684-ebd0eb46cd7a,7d2803a4-967a-4b5b-aaa7-e76fea38ab03,male,White or Caucasian,above-20,english,full-time,"[""credit-card"", ""student-loan"", ""investment-account""]",moderate,sometimes,,prefer-not-to-answer,prefer-not-to-say,prefer-not-to-say,,2026-02-03 00:15:17.224929+00
02894516-4066-4bc9-83a1-b35da52c4cc0,f683ba27-13b6-4cda-9256-92c3f0265ee1,7d2803a4-967a-4b5b-aaa7-e76fea38ab03,female,Asian,20-or-under,chinese,part-time,"[""credit-card""]",moderate,sometimes,,prefer-not-to-answer,prefer-not-to-say,no,t,2026-02-03 00:37:13.965194+00
c7bc702a-6fd1-4fdf-b2b7-67c25348a934,76032b04-d4fe-4ae7-a9ec-1c55d8c81de1,7d2803a4-967a-4b5b-aaa7-e76fea38ab03,male,Hispanic or Latino,20-or-under,english,no-work-experience,"[""credit-card"", ""student-loan""]",moderate,rarely,,graduate-or-professional-degree,no,prefer-not-to-say,t,2026-02-03 00:38:12.761362+00
1be0ac4d-701f-45a6-841a-223534dc626d,d01c173b-f1d8-400c-8615-7be949197a3a,7d2803a4-967a-4b5b-aaa7-e76fea38ab03,male,White or Caucasian,20-or-under,english,no-work-experience,"[""credit-card""]",moderate,sometimes,,associate-degree,no,no,t,2026-02-03 00:43:10.6985+00
ae30741a-d84b-4a33-ab00-f43a1d5dba84,b4829a74-0b46-4201-a619-312b7677a97c,7d2803a4-967a-4b5b-aaa7-e76fea38ab03,male,Asian,20-or-under,english,part-time,"[""credit-card""]",moderate,sometimes,,graduate-or-professional-degree,prefer-not-to-say,prefer-not-to-say,t,2026-02-03 01:05:55.798893+00
88bb46c4-5d8b-4796-a8b7-8964c64c371d,8d629e7d-ca42-4d58-89a4-a688bccdc094,7d2803a4-967a-4b5b-aaa7-e76fea38ab03,female,Hispanic or Latino,20-or-under,russian,part-time,"[""credit-card"", ""student-loan"", ""auto-loan"", ""investment-account""]",high,often,,bachelors-degree,no,no,t,2026-02-03 02:14:32.55294+00
8b931b70-2167-4fd4-8cb8-b6fd096cf1dc,5b3765b2-f5d8-4d7c-9b5a-cc443b342553,7d2803a4-967a-4b5b-aaa7-e76fea38ab03,female,Two or more racial or ethnic backgrounds,above-20,english,part-time,"[""credit-card"", ""student-loan""]",high,always,,high-school-diploma-or-ged,yes,yes,t,2026-02-03 02:18:40.752076+00
713054d1-3bcb-4031-a336-a9b34da8f35f,c557daab-cee0-46db-88ba-e6598a6461da,7d2803a4-967a-4b5b-aaa7-e76fea38ab03,male,Hispanic or Latino,20-or-under,other,full-time,"[""credit-card"", ""student-loan"", ""investment-account""]",moderate,often,,bachelors-degree,no,yes,t,2026-02-03 02:32:23.933918+00
6b343820-0ed0-4ae0-a898-75edc6022155,6d33b20e-965f-4174-afa2-2f30905ed7f5,7d2803a4-967a-4b5b-aaa7-e76fea38ab03,male,Asian,20-or-under,other,part-time,"[""credit-card"", ""student-loan"", ""investment-account""]",high,sometimes,,bachelors-degree,no,yes,t,2026-02-03 02:32:41.879049+00
ccb5218b-a738-4cc7-b12b-826a9817257e,d713be91-e944-4154-b2b6-89eb5d95fdde,7d2803a4-967a-4b5b-aaa7-e76fea38ab03,female,Hispanic or Latino,20-or-under,english,part-time,"[""credit-card"", ""investment-account""]",low,sometimes,,high-school-diploma-or-ged,yes,no,t,2026-02-03 02:34:40.01585+00
7b3b5dda-9993-4ed4-b7b6-fc29d942b904,52d0e41d-f574-47c0-afcc-d55f29f71c96,7d2803a4-967a-4b5b-aaa7-e76fea38ab03,female,White or Caucasian,20-or-under,english,full-time,"[""credit-card"", ""student-loan"", ""investment-account"", ""insurance""]",very-high,sometimes,,associate-degree,no,yes,t,2026-02-03 03:06:35.242233+00
0b15fa1b-c35a-45cf-8f08-f94032eb79b5,94257b0c-54b3-47f1-b0eb-782105e1e230,7d2803a4-967a-4b5b-aaa7-e76fea38ab03,male,White or Caucasian,20-or-under,english,part-time,"[""credit-card"", ""investment-account""]",moderate,rarely,,some-college-no-degree,yes,no,t,2026-02-03 04:19:30.420753+00
2ef36957-5334-4aa8-af24-74c4bdd96429,422632cf-ecd9-4798-a90b-aed4f5977661,7d2803a4-967a-4b5b-aaa7-e76fea38ab03,male,White or Caucasian,above-20,english,part-time,"[""credit-card"", ""investment-account"", ""insurance""]",moderate,sometimes,,graduate-or-professional-degree,no,prefer-not-to-say,t,2026-02-03 05:08:06.550354+00
cb2298b4-2a82-4a27-b410-6f74b8c04b18,340c26eb-9301-4590-b0de-ce596cb527e7,7d2803a4-967a-4b5b-aaa7-e76fea38ab03,male,White or Caucasian,above-20,english,part-time,"[""credit-card"", ""student-loan"", ""auto-loan""]",moderate,sometimes,,some-college-no-degree,no,no,t,2026-02-03 05:38:25.278942+00
fb875e11-6ac8-4baa-953f-d1d0564475c1,f9ffadd4-dc2f-4af0-b387-c285c52435fa,7d2803a4-967a-4b5b-aaa7-e76fea38ab03,male,Hispanic or Latino,20-or-under,spanish,part-time,"[""insurance""]",low,sometimes,,graduate-or-professional-degree,no,no,t,2026-02-03 15:35:06.181976+00
1bc0bc28-d662-4e6c-8f5d-223b84ce857f,971e8ee8-4b54-4e24-884d-8aad79928cf4,7d2803a4-967a-4b5b-aaa7-e76fea38ab03,female,Hispanic or Latino,20-or-under,spanish,part-time,"[""credit-card"", ""insurance""]",moderate,rarely,,graduate-or-professional-degree,no,no,t,2026-02-03 17:53:23.899587+00
459a29f1-bd6a-406d-9f6f-4d091ab39dfa,11cb4187-2f10-4e39-8662-0d49f2a3bced,7d2803a4-967a-4b5b-aaa7-e76fea38ab03,male,White or Caucasian,20-or-under,english,no-work-experience,"[""student-loan""]",very-high,rarely,,graduate-or-professional-degree,no,no,t,2026-02-03 18:12:35.951319+00
f65ee40d-77b1-4204-b32f-cba6de5ee548,3d01d355-a8f0-48e2-9f72-b35dc35c6ca0,7d2803a4-967a-4b5b-aaa7-e76fea38ab03,female,White or Caucasian,20-or-under,english,part-time,"[""student-loan""]",moderate,often,,high-school-diploma-or-ged,yes,yes,t,2026-02-03 19:29:28.046386+00
2f3435a0-1ebd-4d26-b124-3419670415ca,ee0659f9-44fb-448a-a2da-863a02a7aea8,7d2803a4-967a-4b5b-aaa7-e76fea38ab03,female,Hispanic or Latino,20-or-under,english,part-time,"[""credit-card"", ""investment-account"", ""insurance""]",high,sometimes,,bachelors-degree,yes,yes,t,2026-02-03 19:35:15.807909+00
1c61b5c5-4df8-48f5-bb65-d87d316dfb04,c22cfc0a-a36a-4f19-a8bb-e2dc4bad8093,7d2803a4-967a-4b5b-aaa7-e76fea38ab03,female,Black or African American,20-or-under,english,no-work-experience,"[""none""]",low,sometimes,,high-school-diploma-or-ged,yes,no,t,2026-02-03 19:36:32.28944+00
82cc3f0d-8ffe-4173-af36-35f803193a8b,c75404fe-1e81-43e3-b5e7-f119d9f4f868,7d2803a4-967a-4b5b-aaa7-e76fea38ab03,female,White or Caucasian,20-or-under,english,part-time,"[""credit-card"", ""investment-account""]",low,sometimes,,graduate-or-professional-degree,no,no,t,2026-02-03 20:19:08.708691+00
d6542946-5e2a-4005-8d67-34c6c154f523,c1a3224c-6d9a-40ca-8676-57b4c63374db,7d2803a4-967a-4b5b-aaa7-e76fea38ab03,female,Asian,20-or-under,english,part-time,"[""prefer-not-to-answer""]",moderate,often,,graduate-or-professional-degree,no,no,t,2026-02-03 20:26:05.373046+00
1df3c1e8-77af-467a-9676-7ee78ff816c8,0b3d2cbd-2aa0-479e-9719-20771a357f08,7d2803a4-967a-4b5b-aaa7-e76fea38ab03,female,White or Caucasian,20-or-under,english,part-time,"[""none""]",moderate,sometimes,,high-school-diploma-or-ged,no,no,,2026-02-03 20:28:56.823497+00
0097b9c9-7e23-4d77-afd9-ba0c9d5a8cb5,7c926ff2-5b72-4810-96da-8e48becdf8e5,7d2803a4-967a-4b5b-aaa7-e76fea38ab03,female,Two or more racial or ethnic backgrounds,20-or-under,english,part-time,"[""credit-card"", ""investment-account""]",low,never,,bachelors-degree,no,no,t,2026-02-03 20:31:01.979994+00
29b33640-1af0-41a4-8671-05eb088bc8c6,cfa38b79-8bf6-4c20-85a9-95c1449c703f,7d2803a4-967a-4b5b-aaa7-e76fea38ab03,female,Asian,20-or-under,english,full-time,"[""credit-card"", ""student-loan""]",moderate,sometimes,,bachelors-degree,no,yes,t,2026-02-03 20:36:18.610464+00
cb3db182-dfd9-4bb2-875b-88e3d5a4c054,5a6e3fff-312b-4e03-9c0d-4adf0363b120,7d2803a4-967a-4b5b-aaa7-e76fea38ab03,female,White or Caucasian,20-or-under,english,part-time,"[""none""]",low,often,,bachelors-degree,no,prefer-not-to-say,t,2026-02-03 20:38:28.052263+00
0210c65b-f05b-4bce-b275-6ff53eef02c4,e1a9b300-6c72-4c92-a245-5be095d389fe,7d2803a4-967a-4b5b-aaa7-e76fea38ab03,female,Asian,20-or-under,english,no-work-experience,"[""credit-card""]",moderate,never,,high-school-diploma-or-ged,yes,no,,2026-02-03 20:41:23.034385+00
b2b5ca60-5337-49f2-b478-1e149c4692a9,2d453998-3c0c-4625-a32e-262ba06df72d,7d2803a4-967a-4b5b-aaa7-e76fea38ab03,female,White or Caucasian,20-or-under,english,part-time,"[""credit-card"", ""investment-account""]",moderate,rarely,,graduate-or-professional-degree,no,no,t,2026-02-03 20:41:30.383129+00
ad7f56be-0507-42b7-bb54-4440f96e5a95,82b623c1-f1ab-449c-a574-7c6b203cdb7c,7d2803a4-967a-4b5b-aaa7-e76fea38ab03,female,Two or more racial or ethnic backgrounds,20-or-under,english,part-time,"[""credit-card""]",moderate,sometimes,,graduate-or-professional-degree,no,no,t,2026-02-03 20:45:33.612915+00
0c8bf8b4-7505-44f6-99c8-4a9d693e83d5,500780b3-4ef1-4072-9df5-d8706c7413e6,7d2803a4-967a-4b5b-aaa7-e76fea38ab03,female,White or Caucasian,above-20,other,part-time,"[""none""]",low,rarely,,high-school-diploma-or-ged,yes,no,t,2026-02-03 20:46:59.287025+00
50239330-e66a-48f4-9553-bfe27d5422e4,f90ae637-da15-416e-97be-5e06c9b24657,7d2803a4-967a-4b5b-aaa7-e76fea38ab03,female,White or Caucasian,20-or-under,english,part-time,"[""none""]",moderate,never,,graduate-or-professional-degree,no,no,t,2026-02-03 20:55:44.93484+00
5f3e431f-3a6e-448a-8c06-bb65faef279f,cb22c9f7-ed10-41be-b6ba-4fc4060d03ef,7d2803a4-967a-4b5b-aaa7-e76fea38ab03,female,White or Caucasian,20-or-under,english,part-time,"[""credit-card"", ""student-loan""]",moderate,rarely,,bachelors-degree,no,no,t,2026-02-03 20:56:06.73049+00
e3b004b5-ec4d-4310-9f1b-d3cd97797f38,4078f18f-92fd-47b2-95a5-a309cffae3b2,7d2803a4-967a-4b5b-aaa7-e76fea38ab03,female,White or Caucasian,20-or-under,english,part-time,"[""student-loan""]",low,always,,graduate-or-professional-degree,no,yes,t,2026-02-03 21:05:14.830471+00
c2679965-6cfa-499e-9bee-d10d5562a445,97a75d67-2b12-45c8-a614-9a22f62895de,7d2803a4-967a-4b5b-aaa7-e76fea38ab03,female,Asian,20-or-under,english,prefer-not-to-answer,"[""prefer-not-to-answer""]",prefer-not-to-answer,prefer-not-to-answer,,prefer-not-to-answer,prefer-not-to-say,prefer-not-to-say,t,2026-02-03 21:16:42.98478+00
346167ca-44c6-42d9-8cc5-8a2ca9b7ff14,658fd9b5-05e5-4010-8838-b41783ec6f87,7d2803a4-967a-4b5b-aaa7-e76fea38ab03,female,Hispanic or Latino,20-or-under,spanish,part-time,"[""student-loan""]",low,sometimes,,bachelors-degree,no,yes,t,2026-02-03 21:18:48.536644+00
7d8aa1e2-5af0-4262-ae01-1bf1e58790c3,9479acfe-a2d3-4136-b833-55e312d870b9,7d2803a4-967a-4b5b-aaa7-e76fea38ab03,female,Black or African American,20-or-under,english,part-time,"[""credit-card""]",moderate,never,,bachelors-degree,no,no,t,2026-02-03 21:38:09.699274+00
0d707b83-8065-4f00-b20b-504d782d18d5,cd200376-5af8-443c-afae-7bc4603392fa,7d2803a4-967a-4b5b-aaa7-e76fea38ab03,male,White or Caucasian,20-or-under,english,part-time,"[""student-loan"", ""credit-card"", ""investment-account""]",high,sometimes,,graduate-or-professional-degree,no,yes,t,2026-02-03 21:41:01.713976+00
6bee1943-db11-4437-b4b3-94e34e842451,07a68879-4de9-49d4-ab96-6b3edf71584c,7d2803a4-967a-4b5b-aaa7-e76fea38ab03,male,Hispanic or Latino,20-or-under,english,part-time,"[""student-loan"", ""investment-account""]",moderate,always,,high-school-diploma-or-ged,yes,yes,t,2026-02-03 21:43:26.015326+00
6066d1b6-4dc5-4470-8c7d-b27cdf78db68,d98d990d-853c-4a3d-afe8-fd1c7ac76d60,7d2803a4-967a-4b5b-aaa7-e76fea38ab03,female,White or Caucasian,20-or-under,english,part-time,"[""none""]",moderate,sometimes,,bachelors-degree,no,no,t,2026-02-03 21:43:45.088422+00
6b36f77b-ea11-40dc-944b-7e71d34492ca,67f5efd9-ae98-4a23-8733-051b48bb7e10,7d2803a4-967a-4b5b-aaa7-e76fea38ab03,female,White or Caucasian,20-or-under,english,part-time,"[""credit-card""]",moderate,rarely,,bachelors-degree,no,no,t,2026-02-03 22:05:56.189477+00
f1a710e0-6d61-4b3e-af34-9be71e041158,8fe4de6e-3e07-4a3c-a5de-99c9db8f1334,7d2803a4-967a-4b5b-aaa7-e76fea38ab03,female,White or Caucasian,20-or-under,english,part-time,"[""credit-card"", ""student-loan""]",moderate,sometimes,,bachelors-degree,no,no,t,2026-02-03 22:21:03.254638+00
00b6dbc5-4517-4af5-9f85-0880c573c5fe,b1d99bce-35fd-4138-ac1a-974c9caec4d0,7d2803a4-967a-4b5b-aaa7-e76fea38ab03,female,Asian,20-or-under,other,no-work-experience,"[""prefer-not-to-answer""]",moderate,sometimes,,some-college-no-degree,no,no,t,2026-02-03 22:25:00.831506+00
1459679c-7e9b-4306-9ecf-25c4b9032631,04c5c80d-c326-4790-9bf9-158af52afabf,7d2803a4-967a-4b5b-aaa7-e76fea38ab03,male,White or Caucasian,20-or-under,english,part-time,"[""credit-card"", ""student-loan""]",moderate,rarely,,bachelors-degree,no,prefer-not-to-say,t,2026-02-03 22:31:34.680236+00
6b68bf39-0613-421b-aabb-b2d33fcfb115,178c493c-db35-47e6-ac7b-bd97eb83aff3,7d2803a4-967a-4b5b-aaa7-e76fea38ab03,female,White or Caucasian,20-or-under,english,part-time,"[""credit-card"", ""investment-account""]",moderate,never,,high-school-diploma-or-ged,no,no,t,2026-02-03 22:40:53.082616+00
727c9876-71fa-469f-b306-ca9b67bc27cb,db0f6506-de3d-4d8a-853e-580bbfc7023b,7d2803a4-967a-4b5b-aaa7-e76fea38ab03,female,White or Caucasian,20-or-under,english,part-time,"[""none""]",moderate,rarely,,dont-know,yes,no,t,2026-02-03 22:49:18.213925+00
db41b56a-5a64-4fc7-bbe9-33213b7a6d0d,e17427d3-cf2f-4d62-8e93-b8ce8da134da,7d2803a4-967a-4b5b-aaa7-e76fea38ab03,female,White or Caucasian,20-or-under,other,full-time,"[""credit-card"", ""student-loan"", ""investment-account"", ""insurance""]",high,often,,some-college-no-degree,yes,yes,t,2026-02-03 22:51:17.313636+00
3fc326e1-7de0-42bf-aeba-a53682c5f225,e81a391a-d49f-4b65-b3c2-3ee59d007fa8,7d2803a4-967a-4b5b-aaa7-e76fea38ab03,female,Asian,20-or-under,english,part-time,"[""none""]",moderate,sometimes,,some-college-no-degree,yes,no,t,2026-02-03 22:54:07.990814+00
bb16ab8e-a258-4f82-a694-16b0483d9ced,7a99fae1-34ab-4698-bac7-209da24ae7cd,7d2803a4-967a-4b5b-aaa7-e76fea38ab03,male,Hispanic or Latino,20-or-under,english,part-time,"[""credit-card"", ""student-loan"", ""investment-account""]",low,often,,less-than-high-school,yes,yes,t,2026-02-03 23:19:53.979781+00
85e367df-4b90-4070-aedb-b0074b73bd84,4a5f9226-e48f-416b-b41c-a87ba5c42330,7d2803a4-967a-4b5b-aaa7-e76fea38ab03,female,Black or African American,20-or-under,english,no-work-experience,"[""none""]",low,often,,graduate-or-professional-degree,no,no,t,2026-02-04 00:06:02.466121+00
cb078702-1098-4a80-b31f-f05152642be0,2c851e7c-cead-4588-8766-efb9d7d2f47f,7d2803a4-967a-4b5b-aaa7-e76fea38ab03,male,Hispanic or Latino,20-or-under,english,part-time,"[""credit-card""]",low,rarely,,graduate-or-professional-degree,no,no,t,2026-02-04 00:06:49.9361+00
2a622a41-5ade-40ce-9d96-306c12ff8ed6,95681721-dfc6-40a9-9e15-8a319ee0d942,7d2803a4-967a-4b5b-aaa7-e76fea38ab03,male,White or Caucasian,20-or-under,english,part-time,"[""credit-card"", ""investment-account""]",moderate,rarely,,graduate-or-professional-degree,no,prefer-not-to-say,t,2026-02-04 00:18:38.291109+00
5e5508a5-cff2-4555-b51a-4a536c6a75f7,3a6ea1fb-74ab-465f-bfc1-c5d4b2c7056c,7d2803a4-967a-4b5b-aaa7-e76fea38ab03,female,Black or African American,20-or-under,english,no-work-experience,"[""none""]",moderate,sometimes,,some-college-no-degree,no,prefer-not-to-say,,2026-02-04 00:24:19.790614+00
e60e1b54-4096-48a4-a7d9-ddf4642e41e5,56e4cfcf-1d0f-480d-aae7-0fc77ca5298f,7d2803a4-967a-4b5b-aaa7-e76fea38ab03,female,White or Caucasian,20-or-under,other,no-work-experience,"[""credit-card""]",high,sometimes,,graduate-or-professional-degree,no,no,t,2026-02-04 00:52:43.031973+00
b9d7b6a9-a263-4260-857b-c8e13848eeaa,27653114-c05f-4e18-bdc6-ffedd0cb1112,7d2803a4-967a-4b5b-aaa7-e76fea38ab03,female,Asian,20-or-under,english,no-work-experience,"[""student-loan"", ""credit-card""]",moderate,sometimes,,graduate-or-professional-degree,no,no,t,2026-02-04 01:02:51.095855+00
fde7601a-460c-4f15-a1ef-23b31ffe57b4,a8426467-9223-4486-9d03-8bb006e1e213,7d2803a4-967a-4b5b-aaa7-e76fea38ab03,female,White or Caucasian,20-or-under,other,part-time,"[""credit-card"", ""insurance""]",high,rarely,,high-school-diploma-or-ged,no,prefer-not-to-say,t,2026-02-04 01:10:08.884797+00
efbaf708-09ea-4b13-bb4a-648c98161fc3,25ed0053-d2b4-46c0-89b8-438ca2858b95,7d2803a4-967a-4b5b-aaa7-e76fea38ab03,female,Hispanic or Latino,above-20,other,full-time,"[""credit-card"", ""investment-account"", ""insurance""]",moderate,sometimes,,less-than-high-school,yes,no,t,2026-02-04 01:10:58.141894+00
a0100d7e-b6e6-4eac-a9ff-5fdc62e6a02d,28f84910-7f85-4044-adf7-98d07966a788,7d2803a4-967a-4b5b-aaa7-e76fea38ab03,female,White or Caucasian,20-or-under,other,part-time,"[""credit-card"", ""student-loan"", ""investment-account""]",moderate,sometimes,,bachelors-degree,yes,prefer-not-to-say,t,2026-02-04 01:21:11.424393+00
a4fa8d5e-fba6-4218-af61-8d570961564b,e8d0e3f0-3c24-4de2-88f1-a9f2b6b49e8b,7d2803a4-967a-4b5b-aaa7-e76fea38ab03,female,White or Caucasian,20-or-under,other,no-work-experience,"[""credit-card""]",moderate,sometimes,,graduate-or-professional-degree,no,no,,2026-02-04 01:56:09.244623+00
36bb599a-dbcf-4340-973c-227e40e8b405,6d20bce9-2501-4123-8ec6-8decf5a29666,7d2803a4-967a-4b5b-aaa7-e76fea38ab03,male,Asian,20-or-under,english,part-time,"[""credit-card"", ""student-loan"", ""investment-account""]",moderate,often,,high-school-diploma-or-ged,no,no,t,2026-02-04 02:32:17.93772+00
39de6090-1b2c-41a6-b96a-8ed8f3706f58,0e5d16bd-930d-45a7-affd-94321b87a32d,7d2803a4-967a-4b5b-aaa7-e76fea38ab03,female,Hispanic or Latino,20-or-under,english,part-time,"[""student-loan""]",moderate,often,,high-school-diploma-or-ged,yes,no,t,2026-02-04 02:44:27.220381+00
d22c6f11-bff2-4e81-b49a-e9379dc53391,d9fc12a2-5bb6-4a3f-a9e9-67f9bdfd797c,7d2803a4-967a-4b5b-aaa7-e76fea38ab03,female,Black or African American,20-or-under,english,part-time,"[""credit-card"", ""insurance"", ""student-loan""]",moderate,rarely,,graduate-or-professional-degree,no,no,,2026-02-04 03:00:31.652515+00
05060b38-46cf-4339-bbe7-668fcdf52154,db1f4ea5-3270-41f7-b372-860f7b189b41,7d2803a4-967a-4b5b-aaa7-e76fea38ab03,male,Hispanic or Latino,20-or-under,english,part-time,"[""credit-card"", ""student-loan""]",low,sometimes,,bachelors-degree,no,no,,2026-02-04 03:04:56.659293+00
fc8a8f08-db36-402a-b086-444a335133d5,53617188-3d8a-4133-8087-c76d8d5f6f98,7d2803a4-967a-4b5b-aaa7-e76fea38ab03,female,Asian,20-or-under,english,part-time,"[""investment-account""]",low,rarely,,graduate-or-professional-degree,no,no,t,2026-02-04 03:10:59.943119+00
6f62b593-34de-4537-afa0-dfaa9692977d,a8e632f4-965a-4ebb-bf35-931107406303,7d2803a4-967a-4b5b-aaa7-e76fea38ab03,female,Hispanic or Latino,20-or-under,spanish,part-time,"[""none""]",moderate,sometimes,,less-than-high-school,yes,no,t,2026-02-04 03:21:53.156152+00
7459c249-3305-4b88-9dd9-68d52367daf9,26d21e36-bea7-48c1-b348-eb3a35bb56ac,7d2803a4-967a-4b5b-aaa7-e76fea38ab03,female,White or Caucasian,20-or-under,other,part-time,"[""credit-card"", ""student-loan""]",moderate,sometimes,,some-college-no-degree,yes,yes,t,2026-02-04 03:47:42.684763+00
0cf80e69-8574-40f2-85bf-2c6a6e15dfd8,677295aa-f661-4156-968e-51b7c6f0eb9d,7d2803a4-967a-4b5b-aaa7-e76fea38ab03,female,White or Caucasian,20-or-under,english,no-work-experience,"[""none""]",moderate,rarely,,graduate-or-professional-degree,no,no,t,2026-02-04 04:11:21.265448+00
e0251bc7-94f7-4f92-93c0-1c1387a7d2f2,a51dee54-47e9-4e57-951e-060b6a26d845,7d2803a4-967a-4b5b-aaa7-e76fea38ab03,female,Asian,20-or-under,english,part-time,"[""none""]",low,never,,bachelors-degree,no,prefer-not-to-say,t,2026-02-04 05:32:46.871754+00
23d7a4e3-c3b0-44df-a194-3fa9d091d27a,223c2925-62f2-43b9-998e-f44c86831c68,7d2803a4-967a-4b5b-aaa7-e76fea38ab03,male,White or Caucasian,20-or-under,english,full-time,"[""student-loan""]",moderate,sometimes,,graduate-or-professional-degree,no,yes,t,2026-02-04 05:34:58.476429+00
f90809b1-fcb8-4870-91c3-b493d2e9bae4,98ddb8f9-b7b3-48da-a7e9-ff1dc8164f65,7d2803a4-967a-4b5b-aaa7-e76fea38ab03,male,White or Caucasian,20-or-under,english,part-time,"[""investment-account"", ""credit-card""]",high,sometimes,,high-school-diploma-or-ged,prefer-not-to-say,prefer-not-to-say,,2026-02-04 14:36:43.155637+00
f8a96d2b-db03-486f-8cd7-fac56fe52641,adc4de3c-30c1-46bf-a97f-fb9b583d0245,7d2803a4-967a-4b5b-aaa7-e76fea38ab03,female,White or Caucasian,above-20,english,full-time,"[""credit-card"", ""student-loan"", ""investment-account""]",moderate,sometimes,,high-school-diploma-or-ged,yes,no,t,2026-02-04 15:15:10.591303+00
56513885-28e1-49a6-b1ab-4e803f72a8a3,cbdd9926-0c31-4a6c-9b7e-edd20642518c,7d2803a4-967a-4b5b-aaa7-e76fea38ab03,prefer-not-to-say,Prefer not to say,prefer-not-to-answer,prefer-not-to-answer,prefer-not-to-answer,"[""investment-account""]",moderate,rarely,,bachelors-degree,no,no,t,2026-02-04 15:35:20.581648+00
2f6c1d8a-0b58-4687-bb43-44ab405b59da,cfcca1aa-75ab-4597-9e94-bc14a3372a5f,7d2803a4-967a-4b5b-aaa7-e76fea38ab03,male,Asian,20-or-under,english,part-time,"[""credit-card"", ""investment-account""]",moderate,sometimes,,high-school-diploma-or-ged,yes,no,t,2026-02-04 15:55:37.38962+00
aec429d3-7d47-46fe-92a0-bd50c14ff02a,46f3dca6-ed5c-41fa-ae4c-867b7c7554f6,7d2803a4-967a-4b5b-aaa7-e76fea38ab03,female,White or Caucasian,above-20,english,part-time,"[""credit-card"", ""student-loan""]",low,never,,bachelors-degree,no,prefer-not-to-say,t,2026-02-04 16:34:36.927113+00
a9390c87-8c6f-4655-8138-3ce991faeada,1b13ca04-9348-433a-8d45-6e69e766e1b9,7d2803a4-967a-4b5b-aaa7-e76fea38ab03,male,Black or African American,20-or-under,other,part-time,"[""credit-card""]",low,sometimes,,high-school-diploma-or-ged,yes,no,,2026-02-04 16:42:04.923253+00
db4c72fc-58c2-47b7-837c-478778918437,b84e28c9-b124-4fd6-b6b5-58eebdd763fe,7d2803a4-967a-4b5b-aaa7-e76fea38ab03,male,Hispanic or Latino,above-20,spanish,part-time,"[""credit-card""]",moderate,rarely,,less-than-high-school,yes,no,t,2026-02-04 17:44:33.466499+00
1ade38bb-331b-4144-b97f-4895404d48b2,5589034d-77fa-49d2-9366-e311320cdbf7,7d2803a4-967a-4b5b-aaa7-e76fea38ab03,male,Hispanic or Latino,20-or-under,spanish,part-time,"[""credit-card"", ""insurance""]",moderate,sometimes,,high-school-diploma-or-ged,no,no,t,2026-02-04 17:49:25.012633+00
516e2bc8-d4dc-4044-9a2d-48a5000a9f17,adfc5966-1516-4b34-8301-f3272627dc14,7d2803a4-967a-4b5b-aaa7-e76fea38ab03,male,Asian,20-or-under,english,part-time,"[""investment-account""]",low,often,,graduate-or-professional-degree,no,no,t,2026-02-04 18:00:45.428802+00
3dd062c6-a4d4-4826-ad2d-01be68505d40,72a15e95-887e-4bc6-aa20-3209e1a6279c,7d2803a4-967a-4b5b-aaa7-e76fea38ab03,male,Asian,20-or-under,chinese,part-time,"[""student-loan""]",low,sometimes,,dont-know,yes,yes,,2026-02-04 18:28:37.923839+00
9fad7ed5-f3a5-4fc5-a17c-9deb6d92af8f,1d79a73a-efa0-445a-b144-eec0c7ee2dd7,7d2803a4-967a-4b5b-aaa7-e76fea38ab03,male,Asian,20-or-under,english,no-work-experience,"[""credit-card"", ""investment-account""]",moderate,sometimes,,some-college-no-degree,no,no,t,2026-02-04 18:29:40.209104+00
982b67ed-4297-4e6f-88ed-900578e0a676,3dba0c5e-3dc2-43f6-933b-98e5a82096a6,7d2803a4-967a-4b5b-aaa7-e76fea38ab03,female,White or Caucasian,20-or-under,english,no-work-experience,"[""prefer-not-to-answer""]",low,never,,graduate-or-professional-degree,no,no,t,2026-02-04 18:47:52.740654+00
0ec5e71e-2efd-4faf-86ea-7c6cc3ffcde8,09992b1d-b5b9-44cd-85cf-454400c71204,7d2803a4-967a-4b5b-aaa7-e76fea38ab03,female,Two or more racial or ethnic backgrounds,20-or-under,english,part-time,"[""student-loan"", ""credit-card"", ""insurance""]",very-high,sometimes,,high-school-diploma-or-ged,yes,yes,t,2026-02-04 18:48:11.323592+00
bec66b3b-8966-4701-810d-6caae4dac552,c159fbae-27e3-4122-8a78-514b7eabcc9a,7d2803a4-967a-4b5b-aaa7-e76fea38ab03,female,White or Caucasian,above-20,english,part-time,"[""credit-card"", ""student-loan""]",low,often,,bachelors-degree,no,yes,t,2026-02-04 19:35:01.271364+00
5d73f415-a592-4af6-adc2-1944cd486cea,e24041b6-1a24-4ec7-8993-5af57f0d87bd,7d2803a4-967a-4b5b-aaa7-e76fea38ab03,female,White or Caucasian,20-or-under,english,no-work-experience,"[""credit-card""]",moderate,sometimes,,bachelors-degree,no,no,t,2026-02-04 20:09:08.198321+00
f18df68b-b28f-40f2-b0fc-9f092e6d79df,4a5a3644-4bc2-4011-8bda-cfae4f28739b,7d2803a4-967a-4b5b-aaa7-e76fea38ab03,female,Hispanic or Latino,20-or-under,english,part-time,"[""credit-card"", ""student-loan""]",moderate,often,,less-than-high-school,yes,prefer-not-to-say,t,2026-02-04 20:09:59.260675+00
e025aac8-c01f-4fca-a023-ea88437e8509,7eebf6eb-b686-4cf2-8987-3a2b734a18b7,7d2803a4-967a-4b5b-aaa7-e76fea38ab03,female,White or Caucasian,20-or-under,english,part-time,"[""investment-account""]",low,sometimes,,graduate-or-professional-degree,no,no,t,2026-02-04 20:19:51.780598+00
40056443-bcbb-4908-ac3b-fab4b11bde70,3993b63b-9fde-4569-865f-f5bc87455910,7d2803a4-967a-4b5b-aaa7-e76fea38ab03,male,Hispanic or Latino,20-or-under,english,full-time,"[""credit-card"", ""investment-account""]",high,never,,bachelors-degree,no,no,,2026-02-04 20:29:23.592638+00
f3ba7519-e098-4aa8-b60c-abdae22f961b,b0b6be78-73ec-4a8f-89c6-c8fd4124fd90,7d2803a4-967a-4b5b-aaa7-e76fea38ab03,female,White or Caucasian,20-or-under,english,part-time,"[""credit-card"", ""student-loan""]",low,often,,bachelors-degree,no,yes,,2026-02-04 20:34:36.075573+00
70ca8faf-f000-4a7b-a8e0-2e5742ddf491,5d5b38c9-39bf-4286-a814-f0122e2d7e8e,7d2803a4-967a-4b5b-aaa7-e76fea38ab03,female,White or Caucasian,above-20,prefer-not-to-answer,full-time,"[""credit-card"", ""auto-loan""]",high,never,,associate-degree,yes,no,t,2026-02-04 21:02:25.287003+00
cd5247bc-4ced-43ff-8f2d-19e6a7504bde,2f805fc0-49ae-4d8d-87ad-621575bce411,7d2803a4-967a-4b5b-aaa7-e76fea38ab03,female,Hispanic or Latino,20-or-under,english,part-time,"[""student-loan"", ""investment-account""]",high,often,,bachelors-degree,no,no,t,2026-02-04 21:02:52.131035+00
ed5402f4-83a6-4f5f-9a60-60ef20df58ee,0e8e67ba-970e-4406-a667-64e67b518da0,7d2803a4-967a-4b5b-aaa7-e76fea38ab03,male,Hispanic or Latino,20-or-under,english,part-time,"[""none""]",moderate,prefer-not-to-answer,,some-college-no-degree,no,no,t,2026-02-04 21:59:03.343581+00
da78e155-937f-4b34-a8c6-07552e8491f9,4dc8fb4e-b5a0-4780-b637-98e51d9113d5,7d2803a4-967a-4b5b-aaa7-e76fea38ab03,female,White or Caucasian,above-20,english,part-time,"[""credit-card"", ""student-loan""]",moderate,often,,graduate-or-professional-degree,no,yes,t,2026-02-04 22:21:51.870582+00
8148c00f-b9b4-47a0-9a37-d51fef3e7f44,cf8f6a88-1220-40ab-8bab-489126a20ce3,7d2803a4-967a-4b5b-aaa7-e76fea38ab03,female,Asian,20-or-under,english,part-time,"[""student-loan"", ""credit-card""]",moderate,often,,dont-know,no,prefer-not-to-say,t,2026-02-04 22:45:24.164342+00
208df178-03b0-43ea-913d-52f7cfe90151,34e64a2f-bfac-4f18-978f-c2bca109fa65,7d2803a4-967a-4b5b-aaa7-e76fea38ab03,male,White or Caucasian,20-or-under,english,full-time,"[""prefer-not-to-answer""]",high,rarely,,graduate-or-professional-degree,no,prefer-not-to-say,,2026-02-04 23:30:52.132983+00
e5f468ef-799f-4b19-bffb-c52da3c54dc3,04db1eb9-e15a-4c80-b681-4e6be5a9f700,7d2803a4-967a-4b5b-aaa7-e76fea38ab03,female,White or Caucasian,above-20,english,part-time,"[""credit-card"", ""insurance""]",moderate,sometimes,,less-than-high-school,yes,no,t,2026-02-04 23:55:53.17502+00
84645b15-4a38-4f40-a844-32d2507ab62b,578a2f55-4962-44a2-a1d3-726d7c5986d5,7d2803a4-967a-4b5b-aaa7-e76fea38ab03,female,Asian,20-or-under,english,no-work-experience,"[""none""]",prefer-not-to-answer,never,,high-school-diploma-or-ged,no,no,t,2026-02-04 23:55:56.617371+00
fa60334f-1935-402a-9711-c48f3708d829,462578fc-6412-4bd3-8526-62967d2f73af,7d2803a4-967a-4b5b-aaa7-e76fea38ab03,female,Hispanic or Latino,20-or-under,english,part-time,"[""credit-card"", ""student-loan"", ""auto-loan""]",moderate,often,,high-school-diploma-or-ged,yes,yes,t,2026-02-05 01:59:30.232473+00
8a1e53da-04f3-4669-ae4c-38d12a6b9127,872c4d6d-df49-4c1c-bdc8-718e070112e9,7d2803a4-967a-4b5b-aaa7-e76fea38ab03,female,White or Caucasian,20-or-under,english,part-time,"[""investment-account"", ""insurance""]",high,sometimes,,bachelors-degree,no,no,t,2026-02-05 03:04:00.957783+00
f8dd719e-adb5-4d89-8cc6-dcae455a09b5,e8e8eef9-605b-42bb-a3f8-e4f0e61ff156,7d2803a4-967a-4b5b-aaa7-e76fea38ab03,male,Asian,20-or-under,english,no-work-experience,"[""credit-card"", ""insurance""]",moderate,rarely,,high-school-diploma-or-ged,yes,no,t,2026-02-05 03:10:15.712449+00
87adbacd-7adc-4598-93ad-6ea2eb66af71,92c069ec-1bfc-45d7-b75d-923aa947719a,7d2803a4-967a-4b5b-aaa7-e76fea38ab03,female,Asian,20-or-under,english,part-time,"[""none""]",low,sometimes,,high-school-diploma-or-ged,yes,no,t,2026-02-05 03:23:50.130602+00
283677c8-080e-4bc6-ba81-807faba92565,d2d974a3-5cda-4903-9090-86f0791fdb9b,7d2803a4-967a-4b5b-aaa7-e76fea38ab03,male,White or Caucasian,20-or-under,english,part-time,"[""investment-account"", ""credit-card""]",high,rarely,,bachelors-degree,no,no,t,2026-02-05 04:57:31.242975+00
084c4f2e-6342-471a-82f3-f09d43770945,9fc7af2f-ad5d-46d0-8b01-7153e0f8e004,7d2803a4-967a-4b5b-aaa7-e76fea38ab03,male,Asian,above-20,english,full-time,"[""credit-card"", ""student-loan"", ""auto-loan"", ""investment-account"", ""insurance""]",high,often,,graduate-or-professional-degree,no,yes,t,2026-02-05 11:38:43.661764+00
0fff0409-379b-4d52-bd2c-7b151f809371,36abb522-b7ac-416d-84e1-551015a036d4,7d2803a4-967a-4b5b-aaa7-e76fea38ab03,male,Hispanic or Latino,20-or-under,spanish,full-time,"[""credit-card""]",moderate,rarely,,bachelors-degree,no,no,t,2026-02-05 13:58:52.359956+00
c854bec7-9ccb-473c-a071-8f20b0e81de1,f424c405-55da-4db2-b3e8-4f2235ff1dc2,7d2803a4-967a-4b5b-aaa7-e76fea38ab03,female,White or Caucasian,20-or-under,other,part-time,"[""credit-card"", ""investment-account""]",moderate,never,,graduate-or-professional-degree,no,no,,2026-02-05 14:28:10.264638+00
379c0a06-c517-4072-ac51-95d8b3d34e20,6985865b-65c7-4e91-8505-9e869245429e,7d2803a4-967a-4b5b-aaa7-e76fea38ab03,female,Asian,20-or-under,english,full-time,"[""credit-card""]",moderate,sometimes,,high-school-diploma-or-ged,yes,no,t,2026-02-05 14:37:23.59036+00
31fd4094-704a-4bd3-b0b1-52e488896d3c,51a78d96-5ba3-4b39-a6fe-ce71f6974fba,7d2803a4-967a-4b5b-aaa7-e76fea38ab03,male,Prefer not to say,20-or-under,english,part-time,"[""credit-card""]",moderate,sometimes,,some-college-no-degree,no,no,t,2026-02-05 16:09:03.739363+00
06462c18-95d3-4836-883a-242f3bcc74c6,c1cd0122-899e-4fc2-a75f-77375178725c,7d2803a4-967a-4b5b-aaa7-e76fea38ab03,male,White or Caucasian,20-or-under,other,part-time,"[""student-loan"", ""investment-account""]",high,never,,associate-degree,no,no,t,2026-02-05 16:09:37.420735+00
5df98eec-8813-41c4-9aaa-ba2abaacedb3,8ded5c36-5957-4833-9e6f-76eae7e3b1cc,7d2803a4-967a-4b5b-aaa7-e76fea38ab03,female,White or Caucasian,20-or-under,english,no-work-experience,"[""credit-card"", ""investment-account""]",low,sometimes,,bachelors-degree,no,no,t,2026-02-05 16:31:49.303838+00
2dde0cc0-a593-47dc-8e05-d6b474afd69a,d75bd952-825f-49dd-b9cf-e4151930a059,7d2803a4-967a-4b5b-aaa7-e76fea38ab03,male,Hispanic or Latino,above-20,spanish,full-time,"[""credit-card"", ""insurance"", ""investment-account""]",high,rarely,,graduate-or-professional-degree,no,no,t,2026-02-05 17:00:20.561698+00
68458428-dbf8-4981-8694-5667bf181b0b,6afd970f-cf90-48d5-ba70-e31df9693b10,7d2803a4-967a-4b5b-aaa7-e76fea38ab03,male,Hispanic or Latino,above-20,english,part-time,"[""credit-card"", ""student-loan"", ""investment-account""]",high,never,,some-college-no-degree,yes,yes,t,2026-02-05 17:02:07.584119+00
b67013bf-cac5-441b-9a67-31351bb42442,c697d079-2ee3-4784-94c8-e25d9c5e5ff0,7d2803a4-967a-4b5b-aaa7-e76fea38ab03,male,Two or more racial or ethnic backgrounds,20-or-under,english,part-time,"[""investment-account""]",low,sometimes,,bachelors-degree,no,no,t,2026-02-05 17:02:34.50707+00
56e5e92b-c925-4ecb-b790-ebe8e727e922,5ae9c119-f7bf-47c2-9099-6a92c89f6810,7d2803a4-967a-4b5b-aaa7-e76fea38ab03,female,White or Caucasian,20-or-under,english,part-time,"[""credit-card"", ""student-loan"", ""investment-account""]",moderate,often,,graduate-or-professional-degree,no,yes,,2026-02-05 17:35:19.662957+00
01c5f940-484a-421c-829d-adfa8daa630c,5509958c-52ec-40bc-8be4-4ffad0bdf13b,7d2803a4-967a-4b5b-aaa7-e76fea38ab03,female,White or Caucasian,20-or-under,english,part-time,"[""credit-card"", ""investment-account""]",low,sometimes,,graduate-or-professional-degree,no,no,t,2026-02-05 17:41:06.741936+00
8e6b0191-5474-4798-8dd5-71ad225dcc13,88575909-1cac-4387-af30-e7cdddc527ed,7d2803a4-967a-4b5b-aaa7-e76fea38ab03,male,White or Caucasian,20-or-under,english,part-time,"[""credit-card"", ""auto-loan"", ""investment-account"", ""insurance""]",high,sometimes,,high-school-diploma-or-ged,yes,no,t,2026-02-05 18:18:30.952961+00
a2b24abd-674d-45bf-a3d0-23fa9ad0732f,44b9aad3-71ca-4c00-8c92-e017e129cb8f,7d2803a4-967a-4b5b-aaa7-e76fea38ab03,female,Asian,20-or-under,chinese,part-time,"[""none""]",low,always,,prefer-not-to-answer,yes,prefer-not-to-say,t,2026-02-05 18:57:19.912332+00
73601df6-8805-4a9c-897b-0f108ef263a7,9ea52a27-0345-4d68-98a6-2d5e81bc058a,7d2803a4-967a-4b5b-aaa7-e76fea38ab03,female,White or Caucasian,20-or-under,english,part-time,"[""none""]",low,sometimes,,graduate-or-professional-degree,no,no,t,2026-02-05 20:24:11.54376+00
30452dba-e6f4-4dc5-8e5c-a959707bad24,b06154bb-4df8-4ee7-af71-72f36553148d,7d2803a4-967a-4b5b-aaa7-e76fea38ab03,female,White or Caucasian,20-or-under,english,part-time,"[""student-loan"", ""investment-account""]",moderate,rarely,,graduate-or-professional-degree,no,no,t,2026-02-05 20:53:51.423809+00
7391d7a6-8e2e-4841-860f-50c468c7ca3c,c9b34398-948d-42c2-b9c4-35e60260b407,7d2803a4-967a-4b5b-aaa7-e76fea38ab03,female,Black or African American,20-or-under,english,part-time,"[""credit-card""]",moderate,rarely,,some-college-no-degree,yes,no,t,2026-02-05 21:01:34.787415+00
6034e73e-49a0-4222-91be-3282d0f709c1,b10dfde6-072e-4e9e-a9e8-9e825988e1b9,7d2803a4-967a-4b5b-aaa7-e76fea38ab03,male,White or Caucasian,above-20,english,part-time,"[""credit-card""]",moderate,sometimes,,graduate-or-professional-degree,no,no,t,2026-02-05 21:24:51.8242+00
6fd6dfb0-d3c9-4952-904d-8023d0205d47,7c1e5973-e058-448e-b371-ff44460e3482,7d2803a4-967a-4b5b-aaa7-e76fea38ab03,female,Hispanic or Latino,20-or-under,spanish,no-work-experience,"[""none""]",moderate,rarely,,less-than-high-school,yes,no,t,2026-02-05 22:16:14.501585+00
90d3c84e-f626-4258-a56c-8547595c1920,a58f1eba-f082-4305-b630-d347e37a3b3c,7d2803a4-967a-4b5b-aaa7-e76fea38ab03,male,White or Caucasian,20-or-under,english,part-time,"[""prefer-not-to-answer""]",low,often,,some-college-no-degree,no,no,t,2026-02-05 22:17:29.960169+00
6b2e7a70-5c0d-4b0b-84f0-b463d3994d48,373f513a-5309-452f-ae44-aa47c95cf1be,7d2803a4-967a-4b5b-aaa7-e76fea38ab03,female,Two or more racial or ethnic backgrounds,above-20,english,full-time,"[""student-loan"", ""credit-card"", ""investment-account""]",high,sometimes,,bachelors-degree,no,yes,t,2026-02-05 22:18:21.068898+00
face244e-6587-4bd0-9f60-656e29864690,7487663a-da02-49b0-94c4-6ab5550631ff,7d2803a4-967a-4b5b-aaa7-e76fea38ab03,female,Hispanic or Latino,20-or-under,spanish,part-time,"[""credit-card""]",moderate,often,,graduate-or-professional-degree,prefer-not-to-say,no,t,2026-02-05 22:19:34.867994+00
bbb9a327-fc94-476c-b782-c0ac27b806c3,26c38bf3-07ac-4f4d-9c77-395de555cdde,7d2803a4-967a-4b5b-aaa7-e76fea38ab03,female,Hispanic or Latino,20-or-under,english,part-time,"[""none""]",low,rarely,,graduate-or-professional-degree,no,no,,2026-02-05 22:21:35.641047+00
1adfc424-84ba-4056-8ee7-d1f5b1d2dd6d,0209cf8e-0f9d-4ee1-bd63-2f93f8900f6f,7d2803a4-967a-4b5b-aaa7-e76fea38ab03,female,White or Caucasian,20-or-under,english,part-time,"[""student-loan""]",moderate,often,,graduate-or-professional-degree,no,yes,t,2026-02-05 22:21:36.02104+00
88dd771a-9f4e-44b5-bbc0-2b734b379da9,5ca30c44-f901-4ff4-95dd-fccfd6e8b3b8,7d2803a4-967a-4b5b-aaa7-e76fea38ab03,male,White or Caucasian,20-or-under,english,full-time,"[""investment-account"", ""credit-card""]",high,often,,graduate-or-professional-degree,no,yes,t,2026-02-05 22:27:53.964479+00
a77235bc-842b-4808-b83e-a311f4188600,3dcd0573-65c6-4aa8-831e-a7148df8b341,7d2803a4-967a-4b5b-aaa7-e76fea38ab03,female,White or Caucasian,20-or-under,english,part-time,"[""credit-card"", ""student-loan"", ""investment-account""]",moderate,rarely,,bachelors-degree,no,prefer-not-to-say,t,2026-02-05 22:30:53.123255+00
e88687dd-b403-41ad-a5bb-d528da4a9f0c,1fb6c20a-b45a-409c-a7ee-bddc3a87eb64,7d2803a4-967a-4b5b-aaa7-e76fea38ab03,male,Hispanic or Latino,above-20,spanish,full-time,"[""credit-card""]",moderate,sometimes,,high-school-diploma-or-ged,yes,no,t,2026-02-05 22:39:50.883088+00
0532ebbc-8ef9-4109-b510-40678698e306,f700eee8-a911-4f4f-b732-c02afc302f7f,7d2803a4-967a-4b5b-aaa7-e76fea38ab03,male,Hispanic or Latino,above-20,english,part-time,"[""credit-card"", ""investment-account""]",moderate,always,,dont-know,yes,no,t,2026-02-05 22:40:50.782476+00
474864ff-9ee8-49a2-9d7a-418ef48c6833,bd26a440-df34-4027-83e7-1e88bd82f752,7d2803a4-967a-4b5b-aaa7-e76fea38ab03,female,Hispanic or Latino,20-or-under,english,part-time,"[""credit-card""]",moderate,sometimes,,high-school-diploma-or-ged,no,no,t,2026-02-05 22:47:19.906104+00
20a2d10d-8f43-47e3-9f13-caeaa2637059,6240ce10-73c5-4d18-9973-f0defeeb2be1,7d2803a4-967a-4b5b-aaa7-e76fea38ab03,female,Two or more racial or ethnic backgrounds,20-or-under,english,part-time,"[""credit-card"", ""student-loan""]",moderate,sometimes,,less-than-high-school,yes,yes,t,2026-02-05 22:48:01.259974+00
f1dff9a4-b75c-47d0-b833-fb0ca7ea8d22,f60a4cb8-ca6c-4987-99bf-f4d3e1c4c9ba,7d2803a4-967a-4b5b-aaa7-e76fea38ab03,female,Asian,20-or-under,english,no-work-experience,"[""prefer-not-to-answer""]",moderate,sometimes,,graduate-or-professional-degree,no,no,t,2026-02-05 22:52:23.309637+00
e2ee4e49-46f9-4086-a077-5563db0c523f,a973f54a-b847-4950-bac8-c412598afa6a,7d2803a4-967a-4b5b-aaa7-e76fea38ab03,male,White or Caucasian,20-or-under,english,part-time,"[""credit-card"", ""student-loan"", ""investment-account""]",moderate,rarely,,bachelors-degree,no,no,t,2026-02-05 23:54:59.093504+00
a1402fc3-84a2-41a2-849c-0f57c91ac618,27902b06-d34d-4f81-a316-a4ba4ceb13cd,7d2803a4-967a-4b5b-aaa7-e76fea38ab03,female,White or Caucasian,20-or-under,english,no-work-experience,"[""none""]",moderate,rarely,,less-than-high-school,yes,no,t,2026-02-06 00:16:52.190254+00
ede2cbea-17e5-445d-a53a-3dcf39fbea37,66100cec-ec3e-4478-a5cd-046786a408ad,7d2803a4-967a-4b5b-aaa7-e76fea38ab03,female,Hispanic or Latino,20-or-under,spanish,no-work-experience,"[""none""]",moderate,sometimes,,less-than-high-school,yes,no,t,2026-02-06 00:48:30.961032+00
7510de18-16df-41e3-94b0-0109ab12aaf8,2946ca66-b38e-4b6d-a10b-13579832dd14,7d2803a4-967a-4b5b-aaa7-e76fea38ab03,male,White or Caucasian,20-or-under,other,part-time,"[""student-loan"", ""investment-account""]",high,never,,associate-degree,yes,no,t,2026-02-06 01:13:39.654416+00
efc643c1-2aca-4864-a75b-ac03a6c7b511,2d56888a-fb4f-4f3f-ac94-efbf0d8ef553,7d2803a4-967a-4b5b-aaa7-e76fea38ab03,male,White or Caucasian,20-or-under,english,full-time,"[""credit-card""]",moderate,sometimes,,high-school-diploma-or-ged,yes,no,t,2026-02-06 01:42:56.415411+00
127dcd01-2109-4859-826a-7a1904704c2d,0154b794-0ced-4ba0-bb83-f26ba2fa39fa,7d2803a4-967a-4b5b-aaa7-e76fea38ab03,male,White or Caucasian,20-or-under,english,part-time,"[""credit-card"", ""investment-account""]",high,never,,graduate-or-professional-degree,no,prefer-not-to-say,,2026-02-06 02:18:29.656192+00
cbbcc741-e517-4112-99aa-9ad7c0b0e2cd,ff55cac5-f2f9-40da-87f8-20ec5343260d,7d2803a4-967a-4b5b-aaa7-e76fea38ab03,male,White or Caucasian,20-or-under,english,part-time,"[""credit-card""]",moderate,sometimes,,bachelors-degree,no,no,t,2026-02-06 02:19:52.221342+00
2d1c5d8f-c250-470d-b42e-2d6d858609e9,cd948a1e-e119-4dd4-bf4e-1b651a68f1d6,7d2803a4-967a-4b5b-aaa7-e76fea38ab03,female,Hispanic or Latino,20-or-under,spanish,no-work-experience,"[""credit-card""]",high,rarely,,graduate-or-professional-degree,no,yes,t,2026-02-06 02:24:03.225777+00
44c0e152-cecc-427c-a755-f727a4ba1a14,c96c5ba9-5932-46f6-9e84-e9612e30f89c,7d2803a4-967a-4b5b-aaa7-e76fea38ab03,female,Black or African American,20-or-under,english,part-time,"[""credit-card"", ""investment-account""]",low,sometimes,,high-school-diploma-or-ged,no,no,t,2026-02-06 03:26:12.406921+00
c3fceef1-2e84-49a3-8f14-d97ac5eda923,c1cd4e08-bd1a-4e3d-87c5-2b186980984d,7d2803a4-967a-4b5b-aaa7-e76fea38ab03,male,Hispanic or Latino,above-20,spanish,part-time,"[""credit-card"", ""investment-account""]",moderate,sometimes,,some-college-no-degree,yes,yes,t,2026-02-06 03:31:34.747651+00
1b9e72ec-12cb-45b0-86d7-8f4c4bbb26e1,2f4eaf1b-2f5c-4a2c-a997-662b1f70bd29,7d2803a4-967a-4b5b-aaa7-e76fea38ab03,female,Two or more racial or ethnic backgrounds,20-or-under,english,part-time,"[""student-loan""]",moderate,sometimes,,graduate-or-professional-degree,no,prefer-not-to-say,t,2026-02-06 04:27:43.586583+00
eb091518-aec6-4346-8672-a19f20c760a7,e4ea5cb1-bf24-44b1-80f3-c343e92a8c63,7d2803a4-967a-4b5b-aaa7-e76fea38ab03,female,White or Caucasian,20-or-under,other,part-time,"[""none""]",moderate,sometimes,,graduate-or-professional-degree,no,no,t,2026-02-06 05:15:26.912969+00
23b83a33-86f6-436c-9e5d-93798953e624,45428779-c79e-4c9d-9228-4cdeb7bbbe74,7d2803a4-967a-4b5b-aaa7-e76fea38ab03,female,White or Caucasian,20-or-under,english,part-time,"[""credit-card"", ""investment-account""]",moderate,sometimes,,bachelors-degree,no,no,t,2026-02-06 05:21:09.505156+00
a97e01d5-56fe-41da-9f20-d2b9a4f378a9,63e04b4d-158b-4a73-82b0-4381426893e7,7d2803a4-967a-4b5b-aaa7-e76fea38ab03,male,White or Caucasian,20-or-under,english,part-time,"[""investment-account""]",moderate,rarely,,graduate-or-professional-degree,no,no,,2026-02-06 05:45:42.144492+00
82d5f79e-6b03-43d5-b945-1c42e92afcba,85f61c5a-eff7-43cd-bb76-bc308510fcf9,7d2803a4-967a-4b5b-aaa7-e76fea38ab03,female,Hispanic or Latino,20-or-under,english,part-time,"[""credit-card"", ""student-loan""]",moderate,often,,bachelors-degree,no,yes,t,2026-02-06 06:10:27.366188+00
f6908b84-2ee2-40d8-8532-e2600096bd70,debb1db7-508a-4a31-82dc-d069126a4b42,7d2803a4-967a-4b5b-aaa7-e76fea38ab03,male,White or Caucasian,above-20,russian,full-time,"[""credit-card"", ""student-loan"", ""investment-account""]",high,often,,high-school-diploma-or-ged,yes,yes,t,2026-02-06 13:03:02.187893+00
7e47a194-3983-4f80-aa76-064cfb86b2d2,d4dbc2aa-3336-424d-845d-933f3edb2062,7d2803a4-967a-4b5b-aaa7-e76fea38ab03,female,White or Caucasian,20-or-under,english,full-time,"[""credit-card"", ""student-loan"", ""investment-account""]",moderate,always,,bachelors-degree,no,yes,,2026-02-06 14:28:54.08291+00
55ea77ea-3d00-4619-a819-19ce716804f4,3a00fbdb-ea33-483d-b82e-df3d81c04f0a,7d2803a4-967a-4b5b-aaa7-e76fea38ab03,female,Hispanic or Latino,20-or-under,spanish,part-time,"[""credit-card"", ""investment-account""]",moderate,sometimes,,graduate-or-professional-degree,yes,no,t,2026-02-06 15:34:12.496322+00
a2f215e8-bbb2-463e-9458-707b6a1ea2fd,a20dbb19-4803-4a70-b3d3-5e07419f11ec,7d2803a4-967a-4b5b-aaa7-e76fea38ab03,female,Hispanic or Latino,20-or-under,spanish,no-work-experience,"[""credit-card""]",moderate,sometimes,,less-than-high-school,yes,no,,2026-02-06 16:33:58.375215+00
d0a409f4-a039-4962-b5fb-68bd35f82471,ca5d122a-d91b-4d32-8d92-136a848a0183,7d2803a4-967a-4b5b-aaa7-e76fea38ab03,female,Asian,20-or-under,english,no-work-experience,"[""student-loan""]",low,often,,bachelors-degree,no,no,,2026-02-06 16:35:15.758515+00
bffc1c32-4099-4c93-916a-9f3d27734aa2,6acf8f16-8915-435f-9dac-a890eff3c47b,7d2803a4-967a-4b5b-aaa7-e76fea38ab03,male,White or Caucasian,above-20,english,part-time,"[""credit-card"", ""investment-account"", ""student-loan""]",high,sometimes,,prefer-not-to-answer,no,prefer-not-to-say,t,2026-02-06 16:37:17.421861+00
caac1d96-3d1e-4851-ae99-eae3020fccd5,43a6975d-8f14-486b-b48a-43695e6adfdc,7d2803a4-967a-4b5b-aaa7-e76fea38ab03,male,Two or more racial or ethnic backgrounds,20-or-under,english,part-time,"[""credit-card"", ""investment-account""]",moderate,rarely,,graduate-or-professional-degree,no,no,t,2026-02-06 16:47:13.230547+00
aad43b21-899e-4efc-a9ae-a16eca957362,62a9753b-a56f-4358-8df1-693d6bd38bbb,7d2803a4-967a-4b5b-aaa7-e76fea38ab03,female,Two or more racial or ethnic backgrounds,20-or-under,english,part-time,"[""student-loan"", ""auto-loan""]",moderate,often,,bachelors-degree,no,yes,t,2026-02-06 16:53:09.561325+00
48d95c57-eb03-4422-b6fc-b621cba58911,2e90c419-b94b-4b0d-ba3f-288382840b2d,7d2803a4-967a-4b5b-aaa7-e76fea38ab03,male,White or Caucasian,20-or-under,spanish,part-time,"[""none""]",high,sometimes,,graduate-or-professional-degree,no,no,t,2026-02-06 17:08:30.992314+00
28649c21-88b6-4997-9899-00222b4933df,0dfbf126-a53d-45a3-a99d-d4320b021927,7d2803a4-967a-4b5b-aaa7-e76fea38ab03,female,Hispanic or Latino,20-or-under,spanish,part-time,"[""credit-card"", ""auto-loan""]",low,sometimes,,associate-degree,yes,no,t,2026-02-06 17:59:09.677778+00
d2e004b9-411c-4870-a2f7-c765e776097f,9b3025b9-f7d0-40cb-a95e-9604be2ffa2b,7d2803a4-967a-4b5b-aaa7-e76fea38ab03,male,White or Caucasian,20-or-under,prefer-not-to-answer,prefer-not-to-answer,"[""credit-card"", ""investment-account""]",high,sometimes,,prefer-not-to-answer,prefer-not-to-say,no,,2026-02-06 18:13:08.738493+00
84e9269d-1312-498d-83e7-80a2da4455f5,5166cba8-7907-40d9-b7d4-649d2f7fc1db,7d2803a4-967a-4b5b-aaa7-e76fea38ab03,female,Other,20-or-under,english,part-time,"[""credit-card"", ""student-loan""]",moderate,often,,high-school-diploma-or-ged,no,yes,t,2026-02-06 18:17:03.124312+00
fe0b743d-5115-4e0c-8b2e-c10993fc5aba,24e2fc24-58d0-4d4e-8954-a395aa6c54df,7d2803a4-967a-4b5b-aaa7-e76fea38ab03,male,White or Caucasian,20-or-under,english,part-time,"[""credit-card"", ""investment-account""]",high,sometimes,,high-school-diploma-or-ged,no,prefer-not-to-say,,2026-02-06 18:39:00.517225+00
cbf75fed-1da4-4434-a0e8-7d3d1a126dd7,c05c3d0d-5689-4b8f-bce1-26b53fdc23bc,7d2803a4-967a-4b5b-aaa7-e76fea38ab03,female,White or Caucasian,20-or-under,english,part-time,"[""credit-card""]",moderate,often,,bachelors-degree,no,no,t,2026-02-06 18:44:12.580354+00
3dae316d-e6b1-43fd-9cce-31c4e5031069,081170cf-888d-4248-b97f-ccbfcaf07935,7d2803a4-967a-4b5b-aaa7-e76fea38ab03,female,White or Caucasian,20-or-under,english,part-time,"[""investment-account""]",low,sometimes,,some-college-no-degree,no,prefer-not-to-say,t,2026-02-06 18:50:37.3324+00
7ed84e73-820d-4b60-9837-5e49ec4c85c9,136cf5ce-8759-479b-80fd-8df0740965b6,7d2803a4-967a-4b5b-aaa7-e76fea38ab03,male,White or Caucasian,20-or-under,english,full-time,"[""none""]",low,sometimes,,associate-degree,no,no,t,2026-02-06 18:51:24.584953+00
e62f7a4d-84d7-4d0e-88bc-9c1f6238c1db,efc922fc-df4d-400d-84fe-b02f8c902d21,7d2803a4-967a-4b5b-aaa7-e76fea38ab03,female,Hispanic or Latino,20-or-under,english,no-work-experience,"[""credit-card""]",low,sometimes,,bachelors-degree,no,yes,t,2026-02-06 19:03:28.800057+00
dc5db3a2-3ddd-47fe-9613-5c51e6b2b292,436de47b-6218-4533-8946-ba1ca2965f6b,7d2803a4-967a-4b5b-aaa7-e76fea38ab03,prefer-not-to-say,Prefer not to say,prefer-not-to-answer,prefer-not-to-answer,prefer-not-to-answer,"[""prefer-not-to-answer""]",moderate,rarely,,prefer-not-to-answer,prefer-not-to-say,prefer-not-to-say,,2026-02-06 19:04:13.621902+00
05ac9cec-03f2-4652-888d-c50187624ee9,6abf9f8d-205e-4d0a-8c16-9bdf3fe6c577,7d2803a4-967a-4b5b-aaa7-e76fea38ab03,male,Hispanic or Latino,above-20,english,part-time,"[""student-loan""]",moderate,sometimes,,some-college-no-degree,yes,yes,f,2026-02-06 19:09:14.103291+00
57988775-028d-4a5a-822a-0722677ec543,89a42f53-1b0a-45ca-88ea-65902b88497b,7d2803a4-967a-4b5b-aaa7-e76fea38ab03,male,White or Caucasian,20-or-under,english,part-time,"[""credit-card""]",moderate,sometimes,,bachelors-degree,no,no,t,2026-02-06 19:54:29.81887+00
f8f8c833-7f18-44f9-8ce1-5faa7e3e1b9b,c06222da-1592-495f-bf69-cbb1a525aee8,7d2803a4-967a-4b5b-aaa7-e76fea38ab03,female,White or Caucasian,above-20,english,part-time,"[""credit-card"", ""student-loan""]",moderate,rarely,,graduate-or-professional-degree,yes,yes,,2026-02-06 20:01:48.186214+00
f56dff74-8f60-4b98-a943-7d35366e336a,17b5c40f-ae6e-4f13-a731-472b0623779f,7d2803a4-967a-4b5b-aaa7-e76fea38ab03,female,Black or African American,20-or-under,english,no-work-experience,"[""student-loan""]",moderate,sometimes,,bachelors-degree,no,prefer-not-to-say,t,2026-02-06 21:17:14.005151+00
4d48ab84-6a5d-4309-bf4d-b67dad9077f9,433a74d7-d61e-419c-b9f8-ab07e4e13688,7d2803a4-967a-4b5b-aaa7-e76fea38ab03,male,Hispanic or Latino,20-or-under,spanish,no-work-experience,"[""none""]",very-low,often,,less-than-high-school,yes,no,t,2026-02-06 21:23:14.249121+00
27ae37c8-0feb-4a1a-88e4-4a59396bc21b,fd06849b-274b-4405-bd45-b7e9ec997631,7d2803a4-967a-4b5b-aaa7-e76fea38ab03,male,Hispanic or Latino,20-or-under,spanish,full-time,"[""credit-card""]",moderate,rarely,,high-school-diploma-or-ged,yes,no,t,2026-02-06 21:49:10.756626+00
f964644b-9ed8-43aa-8587-3043101f969f,ff0ad9d9-401f-4fe3-9388-8f453d7d400c,7d2803a4-967a-4b5b-aaa7-e76fea38ab03,female,Hispanic or Latino,20-or-under,spanish,part-time,"[""credit-card"", ""student-loan""]",low,often,,high-school-diploma-or-ged,yes,yes,t,2026-02-06 21:56:05.124507+00
fbfefaab-af5d-49be-958e-83a1e7292acf,fc7ce629-8e5f-4054-ae6a-dadf3fb425ef,7d2803a4-967a-4b5b-aaa7-e76fea38ab03,male,White or Caucasian,above-20,english,part-time,"[""investment-account"", ""insurance""]",low,sometimes,,bachelors-degree,no,no,t,2026-02-06 22:07:15.570314+00
b8d69cfa-6a6d-4375-a61d-c80b83877bc0,1d2a2f35-dbc4-497d-9b0a-4b386dbff104,7d2803a4-967a-4b5b-aaa7-e76fea38ab03,female,White or Caucasian,20-or-under,english,part-time,"[""student-loan""]",low,often,,bachelors-degree,no,yes,t,2026-02-06 22:46:53.276783+00
32ab3e42-2f46-44aa-863e-822a9b6c1ff6,6f482579-b96c-4d52-b719-ae647180e8d7,7d2803a4-967a-4b5b-aaa7-e76fea38ab03,male,White or Caucasian,20-or-under,english,no-work-experience,"[""credit-card"", ""investment-account""]",moderate,rarely,,bachelors-degree,no,no,t,2026-02-06 23:38:37.519944+00
46bd1379-1b15-41c2-93b6-b81dd81f1865,efa8cdc3-6721-4bf7-bab2-9250b0cda105,7d2803a4-967a-4b5b-aaa7-e76fea38ab03,female,Two or more racial or ethnic backgrounds,20-or-under,english,no-work-experience,"[""credit-card""]",moderate,sometimes,,high-school-diploma-or-ged,yes,no,t,2026-02-06 23:57:00.600043+00
5ba70178-a08c-40dd-9a38-c7ba3e1731d9,b13eb18c-ff03-4cfe-982f-2e86d3134d1c,7d2803a4-967a-4b5b-aaa7-e76fea38ab03,male,Asian,above-20,english,full-time,"[""credit-card"", ""student-loan"", ""investment-account""]",high,never,,graduate-or-professional-degree,no,yes,t,2026-02-07 01:03:48.091202+00
0ee2527d-f7cf-42d8-a492-8937a763785c,ef996ca3-149c-4dea-ae3b-74807bdae998,7d2803a4-967a-4b5b-aaa7-e76fea38ab03,male,Hispanic or Latino,20-or-under,english,part-time,"[""prefer-not-to-answer""]",moderate,sometimes,,graduate-or-professional-degree,no,no,t,2026-02-07 02:59:35.546921+00
7dee157c-7183-4159-9071-84fa7eacf378,1159ec1b-c6c0-458e-be6b-f0ccc5bf42a5,7d2803a4-967a-4b5b-aaa7-e76fea38ab03,female,Hispanic or Latino,20-or-under,spanish,full-time,"[""credit-card"", ""student-loan"", ""investment-account""]",very-high,rarely,,high-school-diploma-or-ged,yes,no,t,2026-02-07 04:05:08.047344+00
564942d7-668a-4440-b709-9b801e662025,7fce5aa7-5705-435c-83ab-bf3cb8b15779,7d2803a4-967a-4b5b-aaa7-e76fea38ab03,female,Hispanic or Latino,above-20,spanish,full-time,"[""credit-card"", ""auto-loan"", ""investment-account"", ""insurance""]",moderate,sometimes,,some-college-no-degree,no,no,t,2026-02-07 05:05:01.287896+00
ab5fa88e-3f38-4556-be71-ed43e860494d,e198d1d9-50b1-4c62-b249-0c4e7889b67b,7d2803a4-967a-4b5b-aaa7-e76fea38ab03,male,White or Caucasian,20-or-under,english,part-time,"[""credit-card""]",moderate,sometimes,,associate-degree,yes,no,t,2026-02-07 07:02:00.713721+00
850a281a-8400-46b3-8d83-81e4c7a78345,e80d24fd-1d58-4391-b3bd-0df67bf32f11,7d2803a4-967a-4b5b-aaa7-e76fea38ab03,female,Hispanic or Latino,20-or-under,spanish,no-work-experience,"[""none""]",moderate,often,,high-school-diploma-or-ged,yes,no,,2026-02-07 16:54:11.037381+00
deedf4a0-c27e-4803-a21c-0cd07b2e5a22,cabed7bf-cca4-4707-9363-dcf32f8e8c72,7d2803a4-967a-4b5b-aaa7-e76fea38ab03,female,Asian,20-or-under,english,part-time,"[""credit-card""]",moderate,sometimes,,bachelors-degree,no,no,t,2026-02-07 18:26:38.708279+00
49cb4972-9139-4b6c-b93f-1e9319faa6fe,db423139-872d-4fa3-bf0c-195fd9e1c84a,7d2803a4-967a-4b5b-aaa7-e76fea38ab03,male,White or Caucasian,20-or-under,english,part-time,"[""credit-card"", ""investment-account""]",very-high,rarely,,bachelors-degree,no,no,t,2026-02-07 18:33:54.437505+00
c6f60c20-4d10-486f-b4c1-5b9d0747dc1f,d99f87c6-263d-4886-8d20-c7b603d03df1,7d2803a4-967a-4b5b-aaa7-e76fea38ab03,female,Black or African American,20-or-under,english,prefer-not-to-answer,"[""credit-card""]",moderate,never,,graduate-or-professional-degree,no,no,t,2026-02-07 18:41:37.382569+00
073f1017-80eb-46a2-902d-89116f1abc07,d9beb19a-8221-4a51-9f5b-e3e8d8b651d8,7d2803a4-967a-4b5b-aaa7-e76fea38ab03,female,Hispanic or Latino,20-or-under,prefer-not-to-answer,no-work-experience,"[""none""]",low,sometimes,,less-than-high-school,yes,no,t,2026-02-07 18:55:53.1013+00
ab8b3b39-dba1-4909-bfb8-2fb62e57e1fa,f32eb83c-4b42-41b4-a2e8-60eae40f38f0,7d2803a4-967a-4b5b-aaa7-e76fea38ab03,prefer-not-to-say,Hispanic or Latino,20-or-under,english,part-time,"[""student-loan""]",moderate,often,,less-than-high-school,yes,prefer-not-to-say,,2026-02-07 19:01:19.588231+00
084a693a-3e6e-4a19-b5f5-981e379e879b,eb1af978-c1ed-4bb6-ab0e-fd9ad874e432,7d2803a4-967a-4b5b-aaa7-e76fea38ab03,female,Hispanic or Latino,20-or-under,spanish,part-time,"[""credit-card"", ""student-loan""]",moderate,rarely,,associate-degree,no,no,t,2026-02-07 19:08:02.705632+00
c5067bb3-7d3b-4165-ad3a-ee907d7de976,1f835f8f-ec63-433d-aa6a-5bdbc04eeeae,7d2803a4-967a-4b5b-aaa7-e76fea38ab03,male,Hispanic or Latino,20-or-under,spanish,no-work-experience,"[""credit-card""]",low,rarely,,some-college-no-degree,no,no,,2026-02-07 19:08:42.343706+00
dbc00c64-00e4-425d-89ac-8c1d18c11eab,ec568569-c971-44c0-959f-7d2da5a9dd14,7d2803a4-967a-4b5b-aaa7-e76fea38ab03,male,Asian,20-or-under,english,part-time,"[""credit-card"", ""investment-account""]",moderate,rarely,,bachelors-degree,no,no,t,2026-02-07 19:18:23.812216+00
62a19716-8a4f-4f30-aa91-551c7298404b,e270ff2d-8c43-4155-85da-7b9e0bd46993,7d2803a4-967a-4b5b-aaa7-e76fea38ab03,female,Two or more racial or ethnic backgrounds,20-or-under,english,part-time,"[""credit-card"", ""student-loan"", ""investment-account""]",moderate,always,,some-college-no-degree,yes,yes,t,2026-02-07 19:18:41.305093+00
a29e3638-c9d0-4e4d-b7b2-c0e06f0d41a6,e2466c44-b4e8-45e1-8ca3-3ebdbee7824f,7d2803a4-967a-4b5b-aaa7-e76fea38ab03,female,White or Caucasian,20-or-under,english,no-work-experience,"[""none""]",moderate,never,,high-school-diploma-or-ged,prefer-not-to-say,no,t,2026-02-07 19:20:26.925381+00
ec9b80ed-958c-49ed-94fd-8416d4c29bc5,acc5a7ca-4ac4-47b4-a9d4-1e565130c755,7d2803a4-967a-4b5b-aaa7-e76fea38ab03,female,Hispanic or Latino,20-or-under,english,part-time,"[""credit-card"", ""student-loan""]",moderate,often,,high-school-diploma-or-ged,yes,yes,,2026-02-07 19:20:45.018328+00
faa41716-08d3-4bd6-8e9e-8f3bfbbff021,ba57b317-ce06-44c6-b117-58c8a4b82fc1,7d2803a4-967a-4b5b-aaa7-e76fea38ab03,prefer-not-to-say,Black or African American,20-or-under,english,part-time,"[""student-loan"", ""investment-account""]",moderate,often,,graduate-or-professional-degree,no,yes,t,2026-02-07 19:45:19.341638+00
25836b30-10f0-4742-8e1b-722e8f21ee95,aef45d16-0ee5-4de2-8649-9e1d6cb1eb51,7d2803a4-967a-4b5b-aaa7-e76fea38ab03,male,White or Caucasian,20-or-under,english,part-time,"[""none""]",moderate,rarely,,bachelors-degree,no,no,t,2026-02-07 20:23:47.905556+00
9d6271d4-3d8f-4714-8410-a9cf7cc3d198,16e258fb-5dd7-4314-9cec-38df12efc1f5,7d2803a4-967a-4b5b-aaa7-e76fea38ab03,male,White or Caucasian,above-20,english,part-time,"[""student-loan"", ""credit-card""]",low,sometimes,,bachelors-degree,no,prefer-not-to-say,t,2026-02-07 20:29:58.326702+00
ad2e8db8-d3c8-418d-89da-7b74ad8c353a,929e7e73-2466-484d-9361-8ab004d55c8f,7d2803a4-967a-4b5b-aaa7-e76fea38ab03,female,Prefer not to say,20-or-under,other,part-time,"[""credit-card""]",moderate,never,,bachelors-degree,yes,no,t,2026-02-07 20:45:10.361741+00
b7bd2a2a-c120-4e52-89f8-d74bdc107d76,e890d4f2-4947-4813-89f0-5244e42bbdd9,7d2803a4-967a-4b5b-aaa7-e76fea38ab03,female,Other,20-or-under,other,no-work-experience,"[""none""]",moderate,sometimes,,graduate-or-professional-degree,no,no,t,2026-02-07 20:49:38.96752+00
3ab530fa-e0bd-4944-ab47-cb2f8d146e8b,7ae80699-65ec-448c-b808-09f4d4a89f08,7d2803a4-967a-4b5b-aaa7-e76fea38ab03,male,Other,above-20,english,part-time,"[""credit-card"", ""investment-account"", ""insurance""]",high,rarely,,graduate-or-professional-degree,no,no,t,2026-02-07 20:50:24.436876+00
8b9691e0-6cff-45ee-9104-c7329d6c3c38,d358b751-b5f5-40b9-9623-b781ef1e71bc,7d2803a4-967a-4b5b-aaa7-e76fea38ab03,male,Two or more racial or ethnic backgrounds,20-or-under,english,part-time,"[""credit-card"", ""student-loan"", ""investment-account""]",moderate,often,,bachelors-degree,no,yes,t,2026-02-07 21:07:40.950862+00
ba0509be-17dd-4912-a73f-82d659524d56,dd5a1c00-4ed9-407d-9287-e15a670a9617,7d2803a4-967a-4b5b-aaa7-e76fea38ab03,female,Hispanic or Latino,20-or-under,spanish,part-time,"[""student-loan""]",low,sometimes,,some-college-no-degree,yes,yes,t,2026-02-07 21:42:11.784122+00
7b48b722-7e55-45cd-8f6f-ba1ef48093a9,715b56dd-5e92-422f-bca8-ce3784757af9,7d2803a4-967a-4b5b-aaa7-e76fea38ab03,male,Asian,20-or-under,english,part-time,"[""insurance""]",low,sometimes,,bachelors-degree,no,no,t,2026-02-07 22:00:57.157267+00
7a1fe44b-75ea-452a-84ce-7520d89791ee,680b1b70-53e7-43ae-82b9-fbf89b7e46dc,7d2803a4-967a-4b5b-aaa7-e76fea38ab03,male,White or Caucasian,20-or-under,english,full-time,"[""credit-card"", ""student-loan"", ""auto-loan"", ""investment-account""]",high,rarely,,high-school-diploma-or-ged,yes,yes,,2026-02-07 22:01:11.390201+00
a7c41422-450f-4786-8ff9-08b6c4871f64,e7003d9b-d7c7-4a21-8ebc-913306d2b952,7d2803a4-967a-4b5b-aaa7-e76fea38ab03,male,Black or African American,20-or-under,english,part-time,"[""credit-card""]",moderate,rarely,,high-school-diploma-or-ged,no,prefer-not-to-say,t,2026-02-07 22:26:16.672737+00
6d130c9e-33e2-46ae-8e23-47ef76d118ac,b4b937d9-1d93-4522-a83c-5324eeb53baf,7d2803a4-967a-4b5b-aaa7-e76fea38ab03,male,White or Caucasian,above-20,english,part-time,"[""investment-account"", ""insurance""]",low,sometimes,,bachelors-degree,no,no,t,2026-02-07 22:27:19.95079+00
88d85f8b-3311-4c20-8112-3ea83736aab9,f4a59672-17d9-44dc-8131-afc6e0c8d21b,7d2803a4-967a-4b5b-aaa7-e76fea38ab03,female,Asian,20-or-under,other,part-time,"[""credit-card""]",low,sometimes,,graduate-or-professional-degree,no,prefer-not-to-say,t,2026-02-07 22:32:25.170459+00
21becef9-c787-429c-980b-cd9ec7f516a3,855f5aef-1708-4421-a77c-3c5df15cfb9c,7d2803a4-967a-4b5b-aaa7-e76fea38ab03,male,White or Caucasian,above-20,english,full-time,"[""credit-card"", ""investment-account"", ""insurance""]",high,rarely,,bachelors-degree,no,no,t,2026-02-07 22:32:31.379478+00
f4a054e2-c5c8-41de-a885-b934534f9c4e,d13b23d5-5004-4fdd-a0c4-73d1f8f4a24e,7d2803a4-967a-4b5b-aaa7-e76fea38ab03,male,White or Caucasian,20-or-under,english,no-work-experience,"[""none""]",moderate,rarely,,high-school-diploma-or-ged,no,yes,t,2026-02-07 22:35:25.835853+00
4c8db7ec-e58c-40aa-9a9e-174e9663231b,15224bd3-3e12-44e9-a1ce-a1b1b6a89785,7d2803a4-967a-4b5b-aaa7-e76fea38ab03,male,White or Caucasian,20-or-under,other,full-time,"[""credit-card"", ""investment-account""]",high,sometimes,,high-school-diploma-or-ged,yes,no,t,2026-02-07 23:01:20.390225+00
20f53cda-acc9-4e2b-a642-2c3b97b4b306,f5ef1800-1b0a-4c19-8681-2705777ba700,7d2803a4-967a-4b5b-aaa7-e76fea38ab03,female,White or Caucasian,20-or-under,spanish,full-time,"[""credit-card"", ""investment-account"", ""insurance""]",low,never,,bachelors-degree,no,no,t,2026-02-07 23:05:17.512389+00
1fc925cc-3413-44d0-b568-87227b6383dd,9cc859b4-8fa5-4b89-b3bb-43f68969a24f,7d2803a4-967a-4b5b-aaa7-e76fea38ab03,male,White or Caucasian,20-or-under,english,no-work-experience,"[""credit-card"", ""investment-account""]",moderate,sometimes,,high-school-diploma-or-ged,no,prefer-not-to-say,,2026-02-07 23:23:41.677923+00
c43c4fc3-7ef3-4a30-9cbf-52ffd6d4b366,5d930702-044d-4c03-83f8-740df1934d6b,7d2803a4-967a-4b5b-aaa7-e76fea38ab03,female,Black or African American,20-or-under,english,full-time,"[""credit-card"", ""student-loan"", ""investment-account""]",moderate,always,,some-college-no-degree,no,yes,t,2026-02-07 23:48:04.576439+00
9f381534-2dde-472e-86d2-b0ed29e747ab,34a050fc-d6f5-4d52-818a-1fb5d3197c60,7d2803a4-967a-4b5b-aaa7-e76fea38ab03,female,White or Caucasian,20-or-under,english,part-time,"[""credit-card"", ""investment-account""]",low,rarely,,graduate-or-professional-degree,no,no,t,2026-02-07 23:50:40.0004+00
774e0a15-7f79-4e07-b9a4-607d263dcc41,3490484a-30eb-48ac-a4c6-350219f9a91b,7d2803a4-967a-4b5b-aaa7-e76fea38ab03,male,White or Caucasian,20-or-under,english,no-work-experience,"[""prefer-not-to-answer""]",low,always,,graduate-or-professional-degree,no,no,t,2026-02-07 23:56:02.356377+00
b0f5fc75-bd71-4bb7-9540-d7432752d7d2,bfd4f924-5ce7-495c-89b1-0130a20924de,7d2803a4-967a-4b5b-aaa7-e76fea38ab03,male,White or Caucasian,above-20,english,full-time,"[""investment-account"", ""insurance"", ""auto-loan"", ""credit-card""]",high,rarely,,some-college-no-degree,yes,no,t,2026-02-08 00:10:56.879472+00
680c646e-8c3e-42f5-a4d1-ef629bd09bd9,70adf62b-f94f-4799-9d05-aacfa46dc68a,7d2803a4-967a-4b5b-aaa7-e76fea38ab03,female,White or Caucasian,20-or-under,english,part-time,"[""credit-card"", ""investment-account"", ""insurance""]",high,sometimes,,some-college-no-degree,no,yes,,2026-02-08 00:37:31.998197+00
3537f979-12de-42b7-81f9-bd48593d7f9b,bc0bb629-8458-439d-99f8-1322ef7cb854,7d2803a4-967a-4b5b-aaa7-e76fea38ab03,female,Other,20-or-under,english,part-time,"[""student-loan""]",very-low,sometimes,,high-school-diploma-or-ged,yes,yes,t,2026-02-08 00:44:47.021921+00
8171fe66-8254-4ef0-a2b2-439c8d1e0ede,9a551ffe-78f4-4455-9c97-9bd91241a490,7d2803a4-967a-4b5b-aaa7-e76fea38ab03,male,White or Caucasian,20-or-under,english,no-work-experience,"[""credit-card""]",moderate,never,,graduate-or-professional-degree,no,no,,2026-02-08 00:52:18.273339+00
34e5cdeb-84aa-49c1-8ba0-c41046f7c8f2,598b6fc3-f46e-4f8f-842a-cf745eabe14d,7d2803a4-967a-4b5b-aaa7-e76fea38ab03,female,White or Caucasian,20-or-under,english,part-time,"[""credit-card""]",moderate,sometimes,,associate-degree,no,no,t,2026-02-08 01:01:19.183649+00
b220bddb-e083-4caa-b03b-f62c83535c7b,5db34c3f-6d22-44e1-a5fa-5936188f9fca,7d2803a4-967a-4b5b-aaa7-e76fea38ab03,male,White or Caucasian,20-or-under,english,part-time,"[""credit-card""]",moderate,rarely,,bachelors-degree,no,no,t,2026-02-08 01:16:16.94137+00
1f7586ef-b30f-413e-a646-d508251e4a6a,ac11e655-a6c4-463a-acbd-30d896f2ed55,7d2803a4-967a-4b5b-aaa7-e76fea38ab03,female,Two or more racial or ethnic backgrounds,20-or-under,english,part-time,"[""student-loan""]",moderate,sometimes,,bachelors-degree,no,no,t,2026-02-08 01:19:44.778898+00
d8dbb7b7-cbc9-4b85-83f9-0a5ddf2d9813,200be3bd-bcad-4abd-a60e-6448f74d8ab3,7d2803a4-967a-4b5b-aaa7-e76fea38ab03,female,Hispanic or Latino,20-or-under,spanish,part-time,"[""student-loan""]",moderate,often,,less-than-high-school,yes,yes,t,2026-02-08 01:53:36.696276+00
5d17d732-a950-49b1-9b59-95a9f51a1d45,554a0458-7831-429f-b3cc-1fb98ded29fc,7d2803a4-967a-4b5b-aaa7-e76fea38ab03,female,White or Caucasian,20-or-under,english,part-time,"[""credit-card""]",moderate,never,,bachelors-degree,no,no,t,2026-02-08 02:24:03.369625+00
2cef3f52-1778-4c34-b599-010992c92e0f,63d42d69-a34d-426c-b810-8d9a15707940,7d2803a4-967a-4b5b-aaa7-e76fea38ab03,female,Asian,20-or-under,other,part-time,"[""credit-card""]",moderate,sometimes,,graduate-or-professional-degree,yes,yes,t,2026-02-08 02:58:00.019964+00
cdc43f84-09ec-4a96-aa91-1343a37ebac3,d51e250a-2050-4a10-9e84-5e06e18732fe,7d2803a4-967a-4b5b-aaa7-e76fea38ab03,male,White or Caucasian,20-or-under,english,part-time,"[""credit-card"", ""investment-account""]",moderate,never,,graduate-or-professional-degree,no,no,t,2026-02-08 03:41:38.44154+00
fbd6cb90-e39d-4c81-bfcf-8656621ab7f2,7fa4abb8-6ed9-4a3a-938a-31ee94d3766d,7d2803a4-967a-4b5b-aaa7-e76fea38ab03,female,Two or more racial or ethnic backgrounds,20-or-under,english,part-time,"[""student-loan"", ""investment-account""]",moderate,sometimes,,bachelors-degree,no,yes,t,2026-02-08 03:58:06.046221+00
4a0c8ffd-08fb-455f-be20-60703b03f8fa,846584e3-805c-4200-8b65-4fba47d93f88,7d2803a4-967a-4b5b-aaa7-e76fea38ab03,male,Two or more racial or ethnic backgrounds,20-or-under,english,part-time,"[""credit-card"", ""investment-account""]",moderate,always,,graduate-or-professional-degree,no,no,t,2026-02-08 04:08:44.586655+00
e73e3879-8f25-4f4c-b52c-0f7159405d4e,e48a2924-da44-4bc1-9323-1321720886d1,7d2803a4-967a-4b5b-aaa7-e76fea38ab03,female,White or Caucasian,20-or-under,english,part-time,"[""credit-card"", ""student-loan""]",moderate,sometimes,,bachelors-degree,no,no,t,2026-02-08 04:16:01.536265+00
f26f3b54-0008-4502-ada5-f80c20b945bc,2a5f2fe3-b911-4a3a-85e2-e286f0a28958,7d2803a4-967a-4b5b-aaa7-e76fea38ab03,male,Black or African American,20-or-under,english,part-time,"[""investment-account""]",moderate,sometimes,,graduate-or-professional-degree,no,no,,2026-02-08 04:36:04.775393+00
beab61a9-db70-4eba-a96f-97b13fdc7bdf,eba40236-f40e-4032-8f8e-52551ebccdad,7d2803a4-967a-4b5b-aaa7-e76fea38ab03,female,Hispanic or Latino,20-or-under,english,no-work-experience,"[""student-loan""]",moderate,often,,dont-know,yes,prefer-not-to-say,,2026-02-08 04:53:56.446139+00
761c8a67-9137-4bfa-91d3-2880d1c76693,63ce4dde-c6a9-4c7d-aa3a-30f30e7c8511,7d2803a4-967a-4b5b-aaa7-e76fea38ab03,female,Asian,20-or-under,other,part-time,"[""credit-card"", ""student-loan""]",moderate,often,,some-college-no-degree,no,yes,t,2026-02-08 04:54:26.717921+00
69bd28be-e4b4-473b-bb88-3de4f720dc3f,9adcd90a-9a41-4b67-84ed-d8b028edc563,7d2803a4-967a-4b5b-aaa7-e76fea38ab03,male,White or Caucasian,20-or-under,english,part-time,"[""auto-loan"", ""student-loan"", ""investment-account""]",moderate,sometimes,,bachelors-degree,no,yes,,2026-02-08 06:41:28.272031+00
de7ab4c4-0676-4b8e-8624-4386d683cc02,f500a628-b7d5-4677-a6cf-ac9ffa027535,7d2803a4-967a-4b5b-aaa7-e76fea38ab03,female,White or Caucasian,above-20,english,part-time,"[""credit-card"", ""student-loan"", ""investment-account""]",moderate,rarely,,graduate-or-professional-degree,no,no,t,2026-02-08 06:55:57.322787+00
95f95ea8-b4f9-48a5-9141-bf54ad6e8151,d961d446-76ce-4850-a8ac-0e202c1f5d6f,7d2803a4-967a-4b5b-aaa7-e76fea38ab03,female,Asian,20-or-under,english,part-time,"[""student-loan""]",very-low,sometimes,,bachelors-degree,yes,yes,t,2026-02-08 07:54:08.078477+00
640e001f-a87c-4f2e-8ef7-0c6d80280176,7954c7ac-0551-4c0b-b031-c482360d259f,7d2803a4-967a-4b5b-aaa7-e76fea38ab03,female,White or Caucasian,20-or-under,other,part-time,"[""student-loan"", ""credit-card""]",moderate,sometimes,,bachelors-degree,no,yes,t,2026-02-08 15:58:32.834025+00
c3416335-bb07-4777-9aec-7f5387e84f16,b71de89b-14f1-4f7d-aebd-64e3a488b3f7,7d2803a4-967a-4b5b-aaa7-e76fea38ab03,female,Hispanic or Latino,above-20,english,part-time,"[""student-loan""]",moderate,often,,graduate-or-professional-degree,no,prefer-not-to-say,t,2026-02-08 16:38:35.738095+00
ba4b2ca7-2418-4dd5-826e-7b3b740368b5,41f008fa-59b9-475c-8807-25e0d560bf57,7d2803a4-967a-4b5b-aaa7-e76fea38ab03,male,Hispanic or Latino,20-or-under,english,full-time,"[""credit-card"", ""student-loan"", ""investment-account""]",moderate,often,,some-college-no-degree,no,prefer-not-to-say,t,2026-02-08 16:46:00.246074+00
14719d43-2079-4aa6-a1b6-7f89722d00a3,76173459-2255-4430-b39f-156aec38bbee,7d2803a4-967a-4b5b-aaa7-e76fea38ab03,male,White or Caucasian,20-or-under,english,part-time,"[""credit-card"", ""investment-account"", ""student-loan""]",moderate,sometimes,,graduate-or-professional-degree,no,no,t,2026-02-08 17:24:58.715786+00
74f58759-3525-4281-898f-e7d187931419,5acb7aec-7fd9-45d1-bacc-0343016b0deb,7d2803a4-967a-4b5b-aaa7-e76fea38ab03,male,White or Caucasian,20-or-under,english,part-time,"[""investment-account""]",high,prefer-not-to-answer,,bachelors-degree,no,no,t,2026-02-08 17:36:28.230506+00
af808d6d-a524-4a8e-9273-4bbd4082980c,f8e23dd9-4715-43db-a15f-248c9974e314,7d2803a4-967a-4b5b-aaa7-e76fea38ab03,female,Two or more racial or ethnic backgrounds,20-or-under,english,part-time,"[""credit-card"", ""student-loan""]",moderate,rarely,,high-school-diploma-or-ged,yes,no,t,2026-02-08 17:36:42.282617+00
c8951c61-ee93-4822-87e2-44e616a1bd66,0922fc79-765b-4ee5-b961-b4e32e39c5de,7d2803a4-967a-4b5b-aaa7-e76fea38ab03,female,White or Caucasian,20-or-under,english,part-time,"[""credit-card"", ""student-loan"", ""investment-account""]",low,sometimes,,bachelors-degree,no,yes,,2026-02-08 17:37:03.875749+00
f90170e5-5e75-488e-90b0-e0765c7f10b7,c0550a7e-1575-44fb-9c94-390f4b18ce75,7d2803a4-967a-4b5b-aaa7-e76fea38ab03,male,White or Caucasian,above-20,other,no-work-experience,"[""none""]",low,sometimes,,graduate-or-professional-degree,yes,no,t,2026-02-08 17:40:23.528462+00
552248e2-a33e-4769-98a7-f76401471d96,0194ccbb-e1b1-4c13-bcde-5ca2122e440d,7d2803a4-967a-4b5b-aaa7-e76fea38ab03,female,White or Caucasian,20-or-under,english,part-time,"[""prefer-not-to-answer""]",low,often,,bachelors-degree,no,prefer-not-to-say,t,2026-02-08 17:54:58.272398+00
b83ad1fa-ef18-40e3-a448-506c3e5bdcb1,d75afc00-d444-49a4-aaed-296765179454,7d2803a4-967a-4b5b-aaa7-e76fea38ab03,female,Black or African American,20-or-under,english,part-time,"[""prefer-not-to-answer""]",moderate,sometimes,,prefer-not-to-answer,prefer-not-to-say,prefer-not-to-say,,2026-02-08 18:19:55.311461+00
147599f2-c34e-4f3c-82fc-52d88888bb99,5a4d4bdb-d39d-4279-8468-1eee5443fbac,7d2803a4-967a-4b5b-aaa7-e76fea38ab03,female,Hispanic or Latino,above-20,spanish,part-time,"[""investment-account""]",moderate,sometimes,,bachelors-degree,yes,no,t,2026-02-08 18:34:35.056533+00
79721c23-763b-465c-8470-1198327dece0,bd611c6e-616c-4340-8197-e49c02748d84,7d2803a4-967a-4b5b-aaa7-e76fea38ab03,male,Asian,20-or-under,english,part-time,"[""credit-card"", ""student-loan"", ""investment-account""]",high,rarely,,high-school-diploma-or-ged,yes,yes,t,2026-02-08 18:41:12.166179+00
f5e4bccb-9153-4f56-afd2-d8916be9be54,ee68e73a-40a6-457b-a27d-9aaeb7078036,7d2803a4-967a-4b5b-aaa7-e76fea38ab03,female,Asian,20-or-under,english,part-time,"[""none""]",high,sometimes,,graduate-or-professional-degree,no,no,t,2026-02-08 18:47:02.656208+00
1fe06365-ab26-40f1-a463-e7793a525e2d,4bf48240-ca32-4204-97cb-15caffdfb4c7,7d2803a4-967a-4b5b-aaa7-e76fea38ab03,male,White or Caucasian,20-or-under,english,part-time,"[""none""]",low,sometimes,,graduate-or-professional-degree,no,no,t,2026-02-08 19:13:44.395151+00
503b07d6-9234-4df2-8d19-5a6fc6b02cf1,d1f2340c-fb3a-41d5-8918-585ae1429be6,7d2803a4-967a-4b5b-aaa7-e76fea38ab03,male,White or Caucasian,20-or-under,english,part-time,"[""credit-card"", ""investment-account""]",high,never,,bachelors-degree,no,no,,2026-02-08 19:33:40.4506+00
dd3c4ecb-ddc8-43b5-8827-1a98e148e5bf,bd1ecf8e-5563-48b6-9b11-fccad405a900,7d2803a4-967a-4b5b-aaa7-e76fea38ab03,female,White or Caucasian,20-or-under,english,part-time,"[""investment-account"", ""insurance""]",moderate,often,,bachelors-degree,no,prefer-not-to-say,t,2026-02-08 19:38:57.020348+00
ce776d2d-01bf-4570-9cd1-be1417bfc88b,b15f387e-8c4b-4729-8541-81a90f7584e0,7d2803a4-967a-4b5b-aaa7-e76fea38ab03,female,White or Caucasian,20-or-under,english,part-time,"[""credit-card"", ""student-loan""]",moderate,often,,bachelors-degree,no,no,t,2026-02-08 19:50:07.128647+00
3f8f60d5-9d36-44b1-a05f-c506dcdf697a,9a5460da-ff7c-4323-9986-f58d92632e8d,7d2803a4-967a-4b5b-aaa7-e76fea38ab03,female,White or Caucasian,20-or-under,other,part-time,"[""credit-card""]",low,sometimes,,some-college-no-degree,yes,no,t,2026-02-08 19:59:35.184546+00
c3ce9160-2eb9-4ae1-b142-8d370ce5ac0b,fd089cd4-3832-4c51-81e3-ac54ee790339,7d2803a4-967a-4b5b-aaa7-e76fea38ab03,male,Black or African American,20-or-under,english,part-time,"[""none""]",high,rarely,,graduate-or-professional-degree,no,yes,t,2026-02-08 20:01:54.174022+00
899962a5-6a38-44ee-b499-d8c71c75c450,35e98921-5899-411e-aae7-bb8b18b442d0,7d2803a4-967a-4b5b-aaa7-e76fea38ab03,male,Black or African American,20-or-under,english,full-time,"[""credit-card"", ""student-loan""]",moderate,sometimes,,high-school-diploma-or-ged,no,prefer-not-to-say,t,2026-02-08 20:32:45.360698+00
7d367d45-42aa-400f-aea6-0ee7b9bb84d3,59908946-27f4-40a7-997b-260f0c9261be,7d2803a4-967a-4b5b-aaa7-e76fea38ab03,male,White or Caucasian,20-or-under,english,part-time,"[""credit-card"", ""student-loan"", ""investment-account""]",high,sometimes,,graduate-or-professional-degree,no,no,t,2026-02-08 20:49:29.186176+00
a9aa564a-f227-4a87-8413-f3f8df8a48b0,932666ce-3939-458e-9ae7-6418e57f27ba,7d2803a4-967a-4b5b-aaa7-e76fea38ab03,male,Black or African American,20-or-under,english,part-time,"[""credit-card""]",moderate,never,,graduate-or-professional-degree,no,no,,2026-02-08 20:51:51.253664+00
750d1971-0c06-47e9-8be7-966d4cb4a614,42982a23-16e0-48ce-9f32-8d6f494508f5,7d2803a4-967a-4b5b-aaa7-e76fea38ab03,male,Hispanic or Latino,20-or-under,english,part-time,"[""student-loan"", ""investment-account""]",moderate,rarely,,graduate-or-professional-degree,no,no,,2026-02-08 21:06:37.999736+00
b57cc20f-5766-4fee-9c0e-a7b04941aa64,ccba84fc-d40d-43d7-b1d9-9d4c895597a5,7d2803a4-967a-4b5b-aaa7-e76fea38ab03,male,Asian,20-or-under,english,no-work-experience,"[""credit-card""]",low,sometimes,,graduate-or-professional-degree,no,no,t,2026-02-08 21:14:48.075268+00
c6e509e7-3db2-4856-8cfd-5460e08367bc,95c41c02-b486-4849-9639-5570aa3821fd,7d2803a4-967a-4b5b-aaa7-e76fea38ab03,female,Hispanic or Latino,20-or-under,spanish,no-work-experience,"[""credit-card""]",moderate,sometimes,,bachelors-degree,no,no,t,2026-02-08 21:19:42.4098+00
73cb82d2-7f56-43a2-8349-350418fb8c6d,b5ec6d0b-a908-4430-881d-e7c5424ce6ac,7d2803a4-967a-4b5b-aaa7-e76fea38ab03,female,Hispanic or Latino,above-20,english,part-time,"[""credit-card"", ""student-loan""]",very-low,always,,some-college-no-degree,no,yes,,2026-02-08 21:22:52.427701+00
bfe8908a-0a77-4376-aa55-006c064493fe,9dd32066-7a54-49ef-804d-dfbfe2acc6b5,7d2803a4-967a-4b5b-aaa7-e76fea38ab03,male,White or Caucasian,20-or-under,english,part-time,"[""credit-card"", ""investment-account""]",moderate,sometimes,,graduate-or-professional-degree,no,no,t,2026-02-08 21:37:37.037199+00
16dcd6e5-1fc3-4e79-b41f-5d94390ab653,3719b0c7-eaab-4670-91f9-9e249b00d22c,7d2803a4-967a-4b5b-aaa7-e76fea38ab03,female,Asian,20-or-under,english,part-time,"[""student-loan""]",low,sometimes,,graduate-or-professional-degree,no,no,t,2026-02-08 21:40:39.702711+00
81bfb9de-8411-4cf5-b662-646e3dd0f1af,dcfc9d31-b864-43e1-b9de-cd72c9e56ece,7d2803a4-967a-4b5b-aaa7-e76fea38ab03,male,Hispanic or Latino,20-or-under,english,part-time,"[""credit-card"", ""student-loan""]",low,sometimes,,bachelors-degree,no,prefer-not-to-say,t,2026-02-08 21:47:20.896723+00
b51389d6-4ad0-4d2d-9ccc-2ebd71b6f9f0,fb33122c-4c10-479a-8ac5-3cbc2181e620,7d2803a4-967a-4b5b-aaa7-e76fea38ab03,female,Black or African American,20-or-under,english,full-time,"[""student-loan""]",low,sometimes,,bachelors-degree,no,prefer-not-to-say,t,2026-02-08 22:24:35.76729+00
d9b577ed-4f21-4abe-95b1-51cbd7a8b2c6,f99872a9-264c-48e4-a190-fc64ac221c2c,7d2803a4-967a-4b5b-aaa7-e76fea38ab03,male,White or Caucasian,20-or-under,english,part-time,"[""credit-card"", ""investment-account""]",moderate,rarely,,some-college-no-degree,no,no,t,2026-02-08 22:32:08.476861+00
5e331e1e-924c-4d1f-b684-a0959e0346fb,0f39cf0a-cb3f-4210-b665-11a16b2f1398,7d2803a4-967a-4b5b-aaa7-e76fea38ab03,female,Asian,20-or-under,other,part-time,"[""credit-card""]",moderate,never,,some-college-no-degree,yes,no,t,2026-02-08 22:34:32.317414+00
28d95881-8158-474c-8905-02b14342367e,4adee80e-4f35-4af0-b8ec-acc5b695f3c1,7d2803a4-967a-4b5b-aaa7-e76fea38ab03,male,Prefer not to say,20-or-under,english,part-time,"[""student-loan""]",moderate,rarely,,graduate-or-professional-degree,no,prefer-not-to-say,t,2026-02-08 22:52:33.510377+00
954a2344-9d91-43d9-9f8d-25f63d6e9024,99204388-8c67-45b5-9aa1-bf06195c5cd9,7d2803a4-967a-4b5b-aaa7-e76fea38ab03,female,Asian,20-or-under,english,part-time,"[""credit-card""]",moderate,sometimes,,some-college-no-degree,yes,no,t,2026-02-08 23:41:25.037046+00
248dc422-a4fe-4ec0-aefa-03b64a5ad996,0d76a192-b31a-443d-ba2d-976bb60a510b,7d2803a4-967a-4b5b-aaa7-e76fea38ab03,prefer-not-to-say,Prefer not to say,prefer-not-to-answer,prefer-not-to-answer,prefer-not-to-answer,"[""prefer-not-to-answer""]",prefer-not-to-answer,never,,graduate-or-professional-degree,no,no,,2026-02-08 23:43:13.616771+00
e80a8172-0d31-4937-b938-6f26336264e9,8ae5f2e9-b77b-415c-a06a-da873deae63f,7d2803a4-967a-4b5b-aaa7-e76fea38ab03,female,Black or African American,above-20,english,part-time,"[""credit-card"", ""student-loan""]",low,sometimes,,some-college-no-degree,yes,yes,,2026-02-08 23:53:46.675487+00
f6ac03bf-5ddf-4fb9-831b-87139174b04e,5ebbcd0c-d05b-4634-9548-a716bd8d82f3,7d2803a4-967a-4b5b-aaa7-e76fea38ab03,female,White or Caucasian,20-or-under,english,part-time,"[""credit-card""]",very-low,sometimes,,graduate-or-professional-degree,no,no,t,2026-02-09 00:02:15.625348+00
ca0fbc88-38db-4b8b-aac6-c3a703213b0f,69cf6ee5-903d-453b-bf76-2227499f7fb4,7d2803a4-967a-4b5b-aaa7-e76fea38ab03,male,Two or more racial or ethnic backgrounds,20-or-under,english,part-time,"[""credit-card"", ""student-loan"", ""investment-account""]",moderate,sometimes,,bachelors-degree,no,yes,t,2026-02-09 00:07:38.584377+00
bfea6eec-3f85-419f-a0b2-35cd0afc28d7,ad69a71e-21d1-4e1d-b307-b7b6b17eef53,7d2803a4-967a-4b5b-aaa7-e76fea38ab03,female,Black or African American,20-or-under,english,part-time,"[""credit-card""]",low,sometimes,,graduate-or-professional-degree,no,no,,2026-02-09 00:14:23.490311+00
f810bd38-52d7-4d1d-a688-6716c78eed55,8be72b9c-fde9-4b12-b715-cb8e949250b7,7d2803a4-967a-4b5b-aaa7-e76fea38ab03,female,White or Caucasian,20-or-under,english,part-time,"[""student-loan""]",low,sometimes,,bachelors-degree,no,prefer-not-to-say,t,2026-02-09 00:14:45.088069+00
35a5e28f-74db-456c-b646-4a2c5f2e671f,f0193bac-718f-48b5-bfd4-24ffd1b9814a,7d2803a4-967a-4b5b-aaa7-e76fea38ab03,male,Hispanic or Latino,above-20,english,full-time,"[""credit-card"", ""investment-account""]",moderate,never,,high-school-diploma-or-ged,no,no,t,2026-02-09 00:15:56.864889+00
ea0e2d1c-cdbd-4973-a99f-8176b00026ca,99087c41-54bb-4a8f-8d9f-f122370ad40a,7d2803a4-967a-4b5b-aaa7-e76fea38ab03,female,Two or more racial or ethnic backgrounds,20-or-under,english,part-time,"[""credit-card""]",moderate,never,,some-college-no-degree,no,no,t,2026-02-09 00:17:39.230982+00
34fae757-983c-4c5f-bb36-ba446be893fe,3bead034-313a-409b-9839-cd861fcf30d8,7d2803a4-967a-4b5b-aaa7-e76fea38ab03,female,White or Caucasian,20-or-under,english,part-time,"[""student-loan""]",low,sometimes,,some-college-no-degree,yes,prefer-not-to-say,t,2026-02-09 00:18:15.679877+00
dcb5b941-a8dd-4bbd-a28b-7e2dcf23a18e,32853b5d-e0c2-4de9-9e21-365c4e8a9fa3,7d2803a4-967a-4b5b-aaa7-e76fea38ab03,female,Asian,20-or-under,english,full-time,"[""none""]",low,often,,high-school-diploma-or-ged,yes,no,t,2026-02-09 00:20:23.243708+00
5f8f807d-5d8f-4a55-8094-6c9b3521e6ef,98654277-46ee-4e60-924c-8cb5635a001d,7d2803a4-967a-4b5b-aaa7-e76fea38ab03,male,White or Caucasian,20-or-under,english,part-time,"[""investment-account"", ""credit-card""]",moderate,sometimes,,graduate-or-professional-degree,no,no,t,2026-02-09 00:28:46.699925+00
1b32b761-876c-44b7-ab1c-5d44edad00b7,1ee101a3-367e-49a3-9e67-11ff0fccf6b8,7d2803a4-967a-4b5b-aaa7-e76fea38ab03,male,Two or more racial or ethnic backgrounds,above-20,english,part-time,"[""credit-card"", ""investment-account""]",moderate,rarely,,bachelors-degree,no,no,t,2026-02-09 00:41:06.675357+00
f3899b52-6ea4-4c38-8620-dbfd863e3842,ad83b30b-eda7-478d-8583-b004093bc033,7d2803a4-967a-4b5b-aaa7-e76fea38ab03,female,White or Caucasian,20-or-under,english,no-work-experience,"[""prefer-not-to-answer""]",moderate,rarely,,dont-know,no,prefer-not-to-say,t,2026-02-09 00:46:32.169085+00
f552a520-7f55-402b-8f10-021cc9c9b753,51cecf0f-f347-441c-86b2-45ed49d4d33d,7d2803a4-967a-4b5b-aaa7-e76fea38ab03,female,Other,20-or-under,english,part-time,"[""credit-card"", ""student-loan""]",low,never,,bachelors-degree,no,yes,t,2026-02-09 00:47:57.986231+00
ed19e549-0bdc-4bbf-bcfb-aac5c73f60bd,99f8377d-2c27-44fd-916e-441285fa67c9,7d2803a4-967a-4b5b-aaa7-e76fea38ab03,prefer-not-to-say,Prefer not to say,prefer-not-to-answer,prefer-not-to-answer,prefer-not-to-answer,"[""prefer-not-to-answer""]",low,sometimes,,prefer-not-to-answer,prefer-not-to-say,prefer-not-to-say,,2026-02-09 01:09:21.29881+00
457594c8-2aea-4b10-a5c6-2293290a79db,f6bb992c-4008-4b49-abc2-72ea395232bb,7d2803a4-967a-4b5b-aaa7-e76fea38ab03,male,White or Caucasian,20-or-under,english,full-time,"[""credit-card"", ""investment-account""]",moderate,rarely,,some-college-no-degree,no,no,t,2026-02-09 01:11:35.493265+00
e8e078e3-b367-4e55-a059-a9ebbf88f4cb,8c009dc5-6c29-4f72-bd1d-23986b896fb6,7d2803a4-967a-4b5b-aaa7-e76fea38ab03,female,Hispanic or Latino,20-or-under,spanish,part-time,"[""credit-card""]",low,sometimes,,high-school-diploma-or-ged,yes,no,t,2026-02-09 01:52:36.510257+00
eb464ecf-c7af-4c39-875b-0f1f22b999a9,8beea528-b5fa-471b-93a4-a581311bb682,7d2803a4-967a-4b5b-aaa7-e76fea38ab03,female,White or Caucasian,20-or-under,english,no-work-experience,"[""credit-card"", ""student-loan""]",moderate,rarely,,bachelors-degree,no,prefer-not-to-say,,2026-02-09 01:54:21.062337+00
5cc3f77a-858b-48a2-9044-f492fc8ae8a7,f03a99aa-3d0f-4c9e-9795-071067b7fc15,7d2803a4-967a-4b5b-aaa7-e76fea38ab03,female,Black or African American,above-20,english,part-time,"[""credit-card"", ""insurance""]",low,sometimes,,some-college-no-degree,no,no,t,2026-02-09 02:05:19.511048+00
622b985f-7842-4702-8c3b-de5e7ceca71d,938cbda8-6294-4142-9759-f135f89748ed,7d2803a4-967a-4b5b-aaa7-e76fea38ab03,male,White or Caucasian,20-or-under,english,part-time,"[""credit-card"", ""student-loan"", ""auto-loan"", ""investment-account""]",high,never,,graduate-or-professional-degree,no,no,t,2026-02-09 02:25:18.17107+00
45c2ff80-7652-46e5-9869-8fb9b27c2f5f,ea347db2-56c8-4bbf-a2db-116e9bd33013,7d2803a4-967a-4b5b-aaa7-e76fea38ab03,female,Asian,20-or-under,english,no-work-experience,"[""prefer-not-to-answer""]",moderate,prefer-not-to-answer,,some-college-no-degree,no,no,t,2026-02-09 02:28:41.667931+00
761b53d1-e260-4a06-b3af-a1e4d87cbd18,f1275903-04bf-4062-bbbc-d0f62f8d0000,7d2803a4-967a-4b5b-aaa7-e76fea38ab03,male,White or Caucasian,20-or-under,english,part-time,"[""prefer-not-to-answer""]",moderate,sometimes,,bachelors-degree,no,no,t,2026-02-09 02:29:52.282777+00
6e88c8c5-4c5e-4c20-aa30-2de800ba084d,0a56cf12-1228-46e6-ae39-85cfe4d85b2a,7d2803a4-967a-4b5b-aaa7-e76fea38ab03,female,Other,above-20,other,full-time,"[""credit-card"", ""student-loan""]",moderate,often,,associate-degree,no,no,,2026-02-09 02:33:14.485076+00
2f823d20-7d49-40ec-9337-36874f3f8dc1,fc83ebaa-d9ef-4885-a97a-280eb5d42f7c,7d2803a4-967a-4b5b-aaa7-e76fea38ab03,male,Black or African American,20-or-under,english,full-time,"[""student-loan"", ""investment-account""]",moderate,rarely,,graduate-or-professional-degree,no,yes,t,2026-02-09 02:37:19.830422+00
d46e4454-b2cd-42db-9cb5-e19c28206be0,fdb9315e-4b0e-4ef6-9fbf-676c4891bbf1,7d2803a4-967a-4b5b-aaa7-e76fea38ab03,female,Two or more racial or ethnic backgrounds,20-or-under,english,full-time,"[""student-loan"", ""investment-account""]",moderate,often,,bachelors-degree,no,no,t,2026-02-09 02:56:27.662948+00
866f137e-c8bb-4d04-ad38-114b0ffb0833,8b01f8dd-4fa7-442f-814b-e86d065dcf73,7d2803a4-967a-4b5b-aaa7-e76fea38ab03,male,White or Caucasian,20-or-under,english,part-time,"[""insurance"", ""investment-account""]",moderate,never,,bachelors-degree,no,no,,2026-02-09 03:11:38.084543+00
86d79a73-8fbe-4b54-803c-45af1afc6d29,77ef9127-21fa-4545-aa8c-4bbc70559f67,7d2803a4-967a-4b5b-aaa7-e76fea38ab03,female,White or Caucasian,20-or-under,english,full-time,"[""credit-card"", ""investment-account""]",moderate,rarely,,associate-degree,no,no,t,2026-02-09 03:13:06.64694+00
5ed64db4-797c-403b-bb34-50b35670e545,cd998b25-d20a-45e5-b4dc-baa102375dfc,7d2803a4-967a-4b5b-aaa7-e76fea38ab03,female,Prefer not to say,20-or-under,english,part-time,"[""prefer-not-to-answer""]",moderate,never,,graduate-or-professional-degree,no,no,t,2026-02-09 03:19:39.26239+00
6c1ccedf-ae93-4feb-ae2b-5c3f028bf770,476ff7ff-5581-4800-916e-6d8418fc1213,7d2803a4-967a-4b5b-aaa7-e76fea38ab03,male,Asian,20-or-under,english,part-time,"[""credit-card"", ""investment-account""]",moderate,sometimes,,graduate-or-professional-degree,no,no,t,2026-02-09 03:30:33.017535+00
b939ae36-7751-4f42-8af7-34c2bac60a30,01e23500-f844-4771-94d6-e5ce1d9c9730,7d2803a4-967a-4b5b-aaa7-e76fea38ab03,male,White or Caucasian,20-or-under,english,part-time,"[""student-loan"", ""auto-loan"", ""investment-account""]",moderate,sometimes,,graduate-or-professional-degree,no,yes,t,2026-02-09 03:46:31.409963+00
dda4b52a-26fe-4f92-bfce-89a101b7b323,528671fd-2519-4cad-870f-daa41ebebb05,7d2803a4-967a-4b5b-aaa7-e76fea38ab03,female,Hispanic or Latino,20-or-under,spanish,part-time,"[""credit-card"", ""student-loan"", ""auto-loan""]",moderate,sometimes,,graduate-or-professional-degree,no,prefer-not-to-say,t,2026-02-09 03:50:11.348741+00
a7a12f99-afb2-4657-b2d2-6513f383102e,6a44ffd8-7719-44d7-b8eb-6f85e78f2360,7d2803a4-967a-4b5b-aaa7-e76fea38ab03,female,Hispanic or Latino,above-20,spanish,part-time,"[""student-loan"", ""credit-card""]",moderate,sometimes,,less-than-high-school,yes,yes,t,2026-02-09 03:55:03.590344+00
11300fb7-a896-4b27-b503-b74a05992ecc,3f67d528-451b-4afb-a603-3539fbb2ef01,7d2803a4-967a-4b5b-aaa7-e76fea38ab03,female,White or Caucasian,20-or-under,english,part-time,"[""none""]",low,sometimes,,graduate-or-professional-degree,no,no,t,2026-02-09 03:56:41.613123+00
4a15c669-dbed-4b38-a27d-94b073d23a81,149c428c-dfb8-446f-9933-a42990b32858,7d2803a4-967a-4b5b-aaa7-e76fea38ab03,female,White or Caucasian,20-or-under,english,no-work-experience,"[""credit-card"", ""student-loan""]",moderate,rarely,,bachelors-degree,no,prefer-not-to-say,,2026-02-09 04:08:24.464824+00
a875257b-7db9-4096-9f8f-36193a2eaa77,652b24a8-1f97-460c-adac-4615827648d5,7d2803a4-967a-4b5b-aaa7-e76fea38ab03,female,White or Caucasian,20-or-under,english,part-time,"[""credit-card""]",low,never,,high-school-diploma-or-ged,no,no,t,2026-02-09 04:08:32.548629+00
a908b2f5-74fe-4ea3-b874-a594b57b7fe7,ffb4a42a-b785-4f84-8d08-f7dd1682ceb0,7d2803a4-967a-4b5b-aaa7-e76fea38ab03,male,Hispanic or Latino,20-or-under,spanish,part-time,"[""none""]",moderate,never,,less-than-high-school,yes,no,t,2026-02-09 04:09:00.432974+00
defb0080-1bef-4043-953d-d0d215faaaa8,193c3671-fad6-4f47-be6b-11b210d97ed2,7d2803a4-967a-4b5b-aaa7-e76fea38ab03,male,White or Caucasian,20-or-under,english,part-time,"[""prefer-not-to-answer""]",moderate,sometimes,,graduate-or-professional-degree,no,no,t,2026-02-09 04:13:32.701565+00
678102f9-cbec-432e-a8a3-0728868bbfa6,5394457a-14d5-439e-ad15-2a47c6c8c69e,7d2803a4-967a-4b5b-aaa7-e76fea38ab03,male,Hispanic or Latino,above-20,spanish,no-work-experience,"[""none""]",low,sometimes,,high-school-diploma-or-ged,no,no,,2026-02-09 04:13:51.079683+00
8571d3ab-2ba5-43f2-9e0b-cf04fc5a75b4,f058a754-2f73-406d-a7cb-c4fefd888b8a,7d2803a4-967a-4b5b-aaa7-e76fea38ab03,male,White or Caucasian,20-or-under,english,part-time,"[""none""]",moderate,often,,some-college-no-degree,no,no,t,2026-02-09 04:16:45.167316+00
9e6b6670-8952-4f95-9153-0947fcf209bb,55b2b945-79ad-45cc-a838-7f97ec108810,7d2803a4-967a-4b5b-aaa7-e76fea38ab03,male,Hispanic or Latino,20-or-under,english,no-work-experience,"[""credit-card""]",moderate,sometimes,,dont-know,yes,no,t,2026-02-09 04:17:42.683564+00
6cd364aa-7e19-43a1-b7cc-67847e73e423,e79b87a7-9f80-4684-839a-4e7779d7343b,7d2803a4-967a-4b5b-aaa7-e76fea38ab03,female,Hispanic or Latino,20-or-under,spanish,part-time,"[""credit-card"", ""student-loan""]",moderate,sometimes,,graduate-or-professional-degree,yes,no,t,2026-02-09 04:23:18.389665+00
e69615ad-4d57-4224-8a95-09dc9f8f092a,28dfac98-1a45-451a-9108-792ec0dedbb7,7d2803a4-967a-4b5b-aaa7-e76fea38ab03,male,White or Caucasian,20-or-under,english,part-time,"[""credit-card"", ""student-loan"", ""investment-account""]",high,rarely,,bachelors-degree,no,yes,,2026-02-09 04:27:40.476661+00
3922d189-961f-4789-bb4c-02a37fc0fe50,1fffbf03-1a2e-4b21-95a0-f384a0cd0c55,7d2803a4-967a-4b5b-aaa7-e76fea38ab03,male,White or Caucasian,20-or-under,english,part-time,"[""credit-card""]",moderate,often,,high-school-diploma-or-ged,yes,no,t,2026-02-09 04:28:35.350912+00
e8bc3b05-7302-4137-b143-5675a8fa20b4,b376241a-72d3-4d26-b030-da68a97881b0,7d2803a4-967a-4b5b-aaa7-e76fea38ab03,male,Hispanic or Latino,20-or-under,english,prefer-not-to-answer,"[""credit-card"", ""investment-account""]",moderate,rarely,,some-college-no-degree,no,no,t,2026-02-09 04:42:26.47867+00
d2174d90-1720-4b5d-a468-8db7222b9f98,8b189250-7c15-47c9-89d3-c44302651003,7d2803a4-967a-4b5b-aaa7-e76fea38ab03,male,Hispanic or Latino,20-or-under,spanish,part-time,"[""student-loan"", ""credit-card""]",low,often,,less-than-high-school,yes,yes,t,2026-02-09 04:43:45.637657+00
3270cb36-13e5-4824-8e45-c67b648f9bb2,6d9b4dd0-5a5b-4ab7-b671-0a65abf3e44a,7d2803a4-967a-4b5b-aaa7-e76fea38ab03,male,Hispanic or Latino,20-or-under,spanish,no-work-experience,"[""credit-card""]",low,rarely,,high-school-diploma-or-ged,yes,no,t,2026-02-09 04:48:48.322681+00
52bfff89-eacb-42dc-a822-5064b2058e30,9afacf94-4ce5-4563-832b-43d6cc7f6d0e,7d2803a4-967a-4b5b-aaa7-e76fea38ab03,male,Black or African American,20-or-under,english,part-time,"[""credit-card""]",moderate,often,,graduate-or-professional-degree,no,no,t,2026-02-09 04:53:24.767511+00
277b7350-11bf-4a27-8e58-a134a7a7ea2d,988db47f-5416-4859-8a9f-6ae5a36f3b4d,7d2803a4-967a-4b5b-aaa7-e76fea38ab03,male,White or Caucasian,above-20,english,part-time,"[""credit-card"", ""student-loan"", ""investment-account""]",very-high,sometimes,,some-college-no-degree,yes,yes,t,2026-02-09 04:53:42.860246+00
51094c94-cc40-4b72-9949-3c4ce907bd84,bee3adde-55f0-479b-abbd-b46b5d849eaf,7d2803a4-967a-4b5b-aaa7-e76fea38ab03,female,Asian,20-or-under,english,part-time,"[""none""]",moderate,often,,bachelors-degree,no,no,t,2026-02-09 04:55:39.095183+00
3b81fff7-e662-49e4-baf3-0603d6eca8d5,b1e1de17-2f9a-4a8e-9628-c8909d8e1194,7d2803a4-967a-4b5b-aaa7-e76fea38ab03,female,Hispanic or Latino,20-or-under,english,no-work-experience,"[""student-loan""]",very-low,sometimes,,high-school-diploma-or-ged,yes,yes,t,2026-02-09 04:58:49.406444+00
6b93a86a-156b-485a-a8a6-850f590181c7,d3a4bbe2-5a3e-4d12-a5f7-72432ee78ff4,7d2803a4-967a-4b5b-aaa7-e76fea38ab03,female,Asian,20-or-under,english,part-time,"[""credit-card""]",moderate,sometimes,,bachelors-degree,prefer-not-to-say,prefer-not-to-say,t,2026-02-09 04:59:12.40418+00
ac36e22a-7a9b-431a-979b-e863ffda6bfb,da247f16-8edc-484f-9988-963b0f2de33d,7d2803a4-967a-4b5b-aaa7-e76fea38ab03,male,White or Caucasian,above-20,english,part-time,"[""credit-card"", ""investment-account""]",low,sometimes,,some-college-no-degree,no,yes,t,2026-02-09 05:03:14.788654+00
0fa6cb28-057b-4dfb-9a2d-f6fed38c88b8,f17b8d59-75ea-4af1-82e7-0adad7f7acda,7d2803a4-967a-4b5b-aaa7-e76fea38ab03,male,White or Caucasian,20-or-under,english,part-time,"[""investment-account""]",moderate,sometimes,,bachelors-degree,no,no,t,2026-02-09 05:06:53.433265+00
cb236e97-9053-481d-bd4e-311836c05709,c2b61bad-de60-408c-8c6e-d85887a7e415,7d2803a4-967a-4b5b-aaa7-e76fea38ab03,male,Hispanic or Latino,20-or-under,spanish,part-time,"[""insurance""]",moderate,often,,some-college-no-degree,yes,no,t,2026-02-09 05:10:15.798843+00
3d796dbd-4dda-4f9f-8364-70e001e3d18b,761f3dc2-2f00-44e9-b941-8fac8f6b5d41,7d2803a4-967a-4b5b-aaa7-e76fea38ab03,male,Hispanic or Latino,above-20,spanish,part-time,"[""credit-card""]",moderate,sometimes,,graduate-or-professional-degree,no,no,t,2026-02-09 05:13:37.135769+00
1450945c-1ec1-41a9-88a7-8bd80dde8442,080da24d-ca87-4abd-97a8-654bc4ed5522,7d2803a4-967a-4b5b-aaa7-e76fea38ab03,female,Hispanic or Latino,above-20,english,part-time,"[""credit-card""]",moderate,sometimes,,bachelors-degree,no,no,t,2026-02-09 05:17:42.105484+00
e91e285c-b11b-4b6c-bcf5-6cc623054c16,13d08425-1a83-40e1-9fd2-67210f7c521f,7d2803a4-967a-4b5b-aaa7-e76fea38ab03,female,White or Caucasian,20-or-under,english,full-time,"[""student-loan""]",low,always,,graduate-or-professional-degree,no,yes,t,2026-02-09 05:19:10.617356+00
52d71cb3-16ce-4270-9338-a64fb3547902,2435250b-091e-4588-a2bb-7a6430ea6aa7,7d2803a4-967a-4b5b-aaa7-e76fea38ab03,male,Prefer not to say,20-or-under,spanish,part-time,"[""insurance""]",low,often,,high-school-diploma-or-ged,yes,no,,2026-02-09 05:24:47.855777+00
f30d8116-6377-4894-b115-c57dc77c2e77,37a3b774-7210-4ee5-9418-194114a05869,7d2803a4-967a-4b5b-aaa7-e76fea38ab03,female,White or Caucasian,20-or-under,english,part-time,"[""investment-account""]",low,sometimes,,bachelors-degree,no,no,t,2026-02-09 05:30:51.071104+00
676e2d5d-50ad-4771-85eb-1e506b5787f8,f26eca58-4a17-4fd0-88e3-dc8847835a67,7d2803a4-967a-4b5b-aaa7-e76fea38ab03,female,Hispanic or Latino,20-or-under,spanish,part-time,"[""credit-card"", ""student-loan""]",moderate,often,,less-than-high-school,yes,yes,t,2026-02-09 05:31:08.9817+00
244c8dd3-d13f-4234-a34a-98509f99562f,e7495315-0050-4953-b43f-b213671bf4f5,7d2803a4-967a-4b5b-aaa7-e76fea38ab03,male,Hispanic or Latino,20-or-under,english,part-time,"[""credit-card"", ""investment-account""]",moderate,never,,bachelors-degree,no,yes,t,2026-02-09 05:31:45.421285+00
a09b5c66-bdf0-4680-b5aa-df3286fcc0a1,0aae16af-40a2-4a08-8469-2b8d8140f66d,7d2803a4-967a-4b5b-aaa7-e76fea38ab03,male,White or Caucasian,20-or-under,english,part-time,"[""investment-account"", ""student-loan""]",high,sometimes,,associate-degree,no,no,t,2026-02-09 05:44:12.128908+00
a938eb5b-8623-4745-948f-d977f64c8c31,5ab5c87d-e528-47a9-821c-e30bef4e7234,7d2803a4-967a-4b5b-aaa7-e76fea38ab03,female,White or Caucasian,20-or-under,english,part-time,"[""none""]",prefer-not-to-answer,prefer-not-to-answer,,prefer-not-to-answer,no,yes,t,2026-02-09 05:51:04.75626+00
a907d120-f8bb-4ed4-8da5-829a5b3f416b,e47996af-920b-4fd6-acc7-5e2b47ba12a3,7d2803a4-967a-4b5b-aaa7-e76fea38ab03,male,Hispanic or Latino,20-or-under,english,part-time,"[""none""]",moderate,rarely,,prefer-not-to-answer,no,no,,2026-02-09 05:53:12.778978+00
30ccc2c1-0969-4957-8a0e-42f1f0a6fb59,a5976403-d5bc-4c75-b49b-36d67b493e71,7d2803a4-967a-4b5b-aaa7-e76fea38ab03,female,Asian,above-20,english,part-time,"[""credit-card""]",moderate,rarely,,bachelors-degree,no,no,t,2026-02-09 15:50:52.380571+00
d7b6ddfc-b437-49a6-8759-41019188d852,931cadcf-0663-4a99-bc57-f2087556cf39,7d2803a4-967a-4b5b-aaa7-e76fea38ab03,female,White or Caucasian,20-or-under,english,part-time,"[""investment-account""]",low,sometimes,,graduate-or-professional-degree,no,no,,2026-02-09 19:21:59.156469+00
7a1efb52-b7d8-4c51-8c32-09f7e3b532a3,0dc0bc30-6ba9-482b-b74d-18b65c8a1af5,7d2803a4-967a-4b5b-aaa7-e76fea38ab03,female,Hispanic or Latino,20-or-under,spanish,part-time,"[""student-loan""]",low,often,,high-school-diploma-or-ged,yes,yes,t,2026-02-09 20:02:18.892665+00
a8b5f66c-fa54-4188-8b94-fb077d973120,c667d541-8358-454e-b67c-37460b1aa48c,7d2803a4-967a-4b5b-aaa7-e76fea38ab03,male,White or Caucasian,20-or-under,english,full-time,"[""credit-card""]",moderate,sometimes,,graduate-or-professional-degree,no,no,t,2026-02-09 20:07:36.30709+00
0b3dbed5-8e27-472e-97f6-e377987b98b6,25de4f6d-b4f6-4eda-a041-c728bf05d2ac,7d2803a4-967a-4b5b-aaa7-e76fea38ab03,male,Hispanic or Latino,20-or-under,english,no-work-experience,"[""none""]",moderate,often,,high-school-diploma-or-ged,yes,no,t,2026-02-09 22:28:12.831887+00
b3ab682e-7d68-4c67-9ead-4cc7df6ccbbd,b846ebdb-23fa-410f-ac92-431d54040aaa,7d2803a4-967a-4b5b-aaa7-e76fea38ab03,male,Hispanic or Latino,20-or-under,english,part-time,"[""investment-account""]",moderate,sometimes,,less-than-high-school,yes,no,t,2026-02-09 22:39:49.991178+00
c9d472ca-de88-44fc-8500-8b0a80eed594,e6d2bd24-6adb-467f-b7d1-71c597d4ba21,7d2803a4-967a-4b5b-aaa7-e76fea38ab03,female,White or Caucasian,20-or-under,english,no-work-experience,"[""credit-card""]",moderate,sometimes,,bachelors-degree,no,no,t,2026-02-09 23:22:06.243747+00
7be71ebf-b56d-4743-8985-862489199a98,6b51bc91-f0c0-42ad-94a0-71b2fe6be3cb,7d2803a4-967a-4b5b-aaa7-e76fea38ab03,male,White or Caucasian,above-20,english,part-time,"[""credit-card"", ""investment-account""]",moderate,always,,graduate-or-professional-degree,no,no,t,2026-02-09 23:33:29.771873+00
a6a87de9-cb69-4e3b-b633-650debd1125f,cc600a0a-73d7-4721-9617-a9482de511e9,7d2803a4-967a-4b5b-aaa7-e76fea38ab03,female,White or Caucasian,above-20,other,part-time,"[""student-loan"", ""investment-account""]",moderate,never,,high-school-diploma-or-ged,yes,yes,t,2026-02-09 23:49:37.809195+00
cef64696-aa0e-4863-9081-5f5f13406f0e,628fd21e-6333-4aa4-b454-40c4956f90b2,7d2803a4-967a-4b5b-aaa7-e76fea38ab03,female,Asian,20-or-under,english,no-work-experience,"[""credit-card""]",moderate,often,,bachelors-degree,no,no,,2026-02-10 00:14:41.868977+00
5c450c2e-e537-40c8-a888-f626c873f5fd,8b9b6cf2-4c1d-4f0b-a509-975032ad60f5,7d2803a4-967a-4b5b-aaa7-e76fea38ab03,female,White or Caucasian,20-or-under,english,part-time,"[""none""]",moderate,rarely,,high-school-diploma-or-ged,yes,no,t,2026-02-12 17:08:29.574749+00
94eb7044-3016-4151-b0cf-0a81ccbd8c97,2200d4e1-29c5-43d8-8504-4c77535e9cdc,7d2803a4-967a-4b5b-aaa7-e76fea38ab03,female,White or Caucasian,20-or-under,english,part-time,"[""none""]",moderate,sometimes,,graduate-or-professional-degree,no,no,t,2026-02-12 17:08:42.187626+00
b86c87ab-735d-4477-992d-e4100858cf28,eb41544c-4178-4d6b-83b2-adbdc1f190be,7d2803a4-967a-4b5b-aaa7-e76fea38ab03,female,White or Caucasian,20-or-under,other,full-time,"[""credit-card""]",high,sometimes,,graduate-or-professional-degree,no,no,t,2026-02-12 21:08:38.375456+00
ffcd71be-8729-45fc-8bfe-eea04be03e4e,3c484818-ecf5-4ee0-8e55-ea799862a9da,7d2803a4-967a-4b5b-aaa7-e76fea38ab03,male,Hispanic or Latino,above-20,english,part-time,"[""credit-card"", ""student-loan"", ""investment-account""]",low,always,,high-school-diploma-or-ged,no,yes,t,2026-03-09 04:40:44.835684+00
7a301088-1a26-4771-8ce1-76a51ebd88e4,c0d1113c-43e6-4e2a-a1b8-6ad5e773d4bf,7d2803a4-967a-4b5b-aaa7-e76fea38ab03,female,Asian,20-or-under,english,part-time,"[""credit-card"", ""investment-account""]",moderate,rarely,,graduate-or-professional-degree,no,prefer-not-to-say,f,2026-03-18 19:22:58.111273+00
d467eb54-e199-4360-ab3f-f8113b9af4a5,b4fa1f6e-d2db-4065-9227-fa01a49d8449,7d2803a4-967a-4b5b-aaa7-e76fea38ab03,,,,,,,,,,,,,,2026-04-11 21:51:54.936566+00
7f59c906-bbcd-4b1a-b10a-3963c58f83c3,a9d24b0b-2d07-4f8d-a827-e99557fec345,7d2803a4-967a-4b5b-aaa7-e76fea38ab03,male,White or Caucasian,20-or-under,english,part-time,"[""credit-card""]",moderate,sometimes,,bachelors-degree,no,no,t,2026-04-12 02:47:46.058642+00
559ff71c-9ba5-451f-9925-90194b1d1fb0,d14ddbf9-f50d-4ffb-8a8a-67d3352f384c,7d2803a4-967a-4b5b-aaa7-e76fea38ab03,male,White or Caucasian,20-or-under,english,part-time,"[""credit-card""]",moderate,sometimes,,bachelors-degree,no,no,t,2026-04-12 03:14:39.525029+00
ee30196f-d1c0-4167-89e1-4d25acca6816,926b6982-c3ee-486b-9646-029121432b1a,7d2803a4-967a-4b5b-aaa7-e76fea38ab03,male,Asian,prefer-not-to-answer,spanish,part-time,"[""credit-card"", ""student-loan""]",low,rarely,,high-school-diploma-or-ged,no,no,t,2026-04-13 03:32:42.59736+00
7591fe53-d3cb-4f23-8c80-017ceff318aa,dd98c8fa-c2e5-4687-b15b-61ccbc094426,7d2803a4-967a-4b5b-aaa7-e76fea38ab03,male,White or Caucasian,20-or-under,english,part-time,"[""credit-card"", ""investment-account""]",high,never,,graduate-or-professional-degree,no,no,t,2026-04-13 13:57:23.486755+00
2d677c50-1837-451f-a474-7b6fff5d103f,bf2ed0ab-3056-492e-acad-a797f978c40c,7d2803a4-967a-4b5b-aaa7-e76fea38ab03,female,White or Caucasian,20-or-under,english,part-time,"[""credit-card"", ""student-loan""]",very-low,sometimes,,graduate-or-professional-degree,no,prefer-not-to-say,t,2026-04-13 15:00:49.302941+00
ca24362e-8316-48ff-ae9e-9b44b0866359,af8fec36-f572-4494-8911-ee7848b2cc57,7d2803a4-967a-4b5b-aaa7-e76fea38ab03,female,White or Caucasian,20-or-under,english,part-time,"[""credit-card""]",moderate,sometimes,,high-school-diploma-or-ged,no,no,t,2026-04-13 15:24:18.909538+00
d9d750fd-6f2e-46de-bd88-f8f67d6f91f6,b17abeb0-1da7-4bf5-9f05-c557b8feac26,7d2803a4-967a-4b5b-aaa7-e76fea38ab03,female,Hispanic or Latino,20-or-under,english,part-time,"[""credit-card"", ""student-loan""]",very-low,sometimes,,graduate-or-professional-degree,no,yes,f,2026-04-13 15:33:52.18529+00
7be50eed-bc16-42f7-8ee3-7f93489643b1,0bc9d170-7777-4ec4-a33a-c77520245e31,7d2803a4-967a-4b5b-aaa7-e76fea38ab03,female,Asian,20-or-under,english,full-time,"[""credit-card"", ""student-loan"", ""auto-loan""]",high,always,,graduate-or-professional-degree,no,yes,t,2026-04-13 15:36:38.452733+00
449a2c2d-5c92-4ec5-9c41-f59e1175119e,55b478da-d45a-4525-9dff-b726c22af040,7d2803a4-967a-4b5b-aaa7-e76fea38ab03,female,Asian,20-or-under,other,no-work-experience,"[""credit-card""]",high,often,,bachelors-degree,no,no,t,2026-04-13 15:44:19.717661+00
2ac49d13-8895-4ea8-a309-48d0346c5838,d4c28cd3-e56e-4968-b1c9-2d512b3ba4e4,7d2803a4-967a-4b5b-aaa7-e76fea38ab03,male,Black or African American,20-or-under,english,full-time,"[""credit-card"", ""student-loan"", ""auto-loan"", ""investment-account"", ""insurance""]",very-high,rarely,,less-than-high-school,yes,yes,t,2026-04-13 15:48:55.174676+00
3bdf46aa-9176-4fdb-a666-118b42fce7f9,c1931dae-3508-469e-a88b-2db70f3d2bba,7d2803a4-967a-4b5b-aaa7-e76fea38ab03,male,Hispanic or Latino,20-or-under,spanish,prefer-not-to-answer,"[""credit-card"", ""investment-account""]",high,always,,high-school-diploma-or-ged,yes,no,t,2026-04-13 15:50:49.595521+00
2801274e-2037-41f9-b05f-a40daad92487,b7274b0b-8cf4-4ab8-ae9c-5bc783d55851,7d2803a4-967a-4b5b-aaa7-e76fea38ab03,male,Two or more racial or ethnic backgrounds,20-or-under,english,part-time,"[""credit-card"", ""student-loan"", ""investment-account""]",moderate,often,,bachelors-degree,no,prefer-not-to-say,f,2026-04-13 16:05:37.570236+00
c0370612-0209-4b4c-9846-509f503ba2d9,8018141e-9e45-4445-aafb-7aca4f4fcbc7,7d2803a4-967a-4b5b-aaa7-e76fea38ab03,male,White or Caucasian,20-or-under,english,part-time,"[""credit-card"", ""investment-account""]",moderate,sometimes,,graduate-or-professional-degree,no,no,t,2026-04-13 16:23:53.881645+00
3730a729-55e4-4ab0-922b-c4492c2fc863,fb951fcf-3e85-4dfe-aab2-34b3bde3ceea,7d2803a4-967a-4b5b-aaa7-e76fea38ab03,male,White or Caucasian,20-or-under,english,part-time,"[""credit-card"", ""investment-account""]",low,sometimes,,graduate-or-professional-degree,no,no,t,2026-04-13 16:29:39.146149+00
b88839ab-5e0e-47ca-a685-a52f50cc174a,72821f30-5e35-4ab8-995c-7a7f07efdd5d,7d2803a4-967a-4b5b-aaa7-e76fea38ab03,female,Other,20-or-under,english,part-time,"[""none""]",moderate,rarely,,some-college-no-degree,yes,no,f,2026-04-13 16:35:24.248251+00
41b6cb02-ba0b-4130-88f4-8f413b4801ae,0d859224-383b-4759-8cf5-b8f54ede5450,7d2803a4-967a-4b5b-aaa7-e76fea38ab03,female,Two or more racial or ethnic backgrounds,above-20,english,full-time,"[""student-loan"", ""investment-account""]",moderate,often,,bachelors-degree,no,yes,t,2026-04-13 17:41:42.658404+00
5f4e5adc-c309-4ae0-9f49-260b5481af6f,1be8c561-a3b6-4b95-b193-754d9325320f,7d2803a4-967a-4b5b-aaa7-e76fea38ab03,male,Two or more racial or ethnic backgrounds,20-or-under,english,part-time,"[""none""]",low,rarely,,some-college-no-degree,yes,no,t,2026-04-13 17:58:51.958651+00
c9b60261-50e6-44c1-86c0-6e18ea18a40c,d4a154f7-dd6c-43f4-a417-ade1b943340a,7d2803a4-967a-4b5b-aaa7-e76fea38ab03,female,Hispanic or Latino,20-or-under,spanish,part-time,"[""prefer-not-to-answer""]",very-low,never,,less-than-high-school,yes,no,t,2026-04-13 18:05:09.930815+00
c9498081-afd3-4a14-b8b1-1bb112b12ecf,09b0c494-220d-4242-b4f6-68e33437e99f,7d2803a4-967a-4b5b-aaa7-e76fea38ab03,male,White or Caucasian,20-or-under,english,part-time,"[""credit-card""]",moderate,rarely,,bachelors-degree,no,no,f,2026-04-13 18:26:33.772344+00
b2fa2f09-9b2f-4733-93d8-92c039f9e2f3,7c8759ae-fb71-4733-9b41-bde0c8a6e1d9,7d2803a4-967a-4b5b-aaa7-e76fea38ab03,female,Black or African American,above-20,english,part-time,"[""credit-card"", ""student-loan"", ""investment-account"", ""insurance""]",high,often,,graduate-or-professional-degree,no,yes,t,2026-04-13 18:46:18.101137+00
dd96d120-216a-4c12-ba26-b589384a9c96,02000a24-d78d-4c3f-8dde-c5a8285dd481,7d2803a4-967a-4b5b-aaa7-e76fea38ab03,male,Asian,20-or-under,english,part-time,"[""credit-card"", ""student-loan"", ""investment-account""]",moderate,rarely,,bachelors-degree,no,prefer-not-to-say,f,2026-04-13 19:17:39.163682+00
16bcdbda-ccdf-4f2e-9e11-3653e5d5f566,16f16979-6826-479a-8f0b-a20496d0c2b8,7d2803a4-967a-4b5b-aaa7-e76fea38ab03,male,White or Caucasian,20-or-under,english,part-time,"[""credit-card"", ""investment-account""]",low,sometimes,,dont-know,no,no,t,2026-04-13 19:23:55.62431+00
9177e795-b797-43df-8727-bd1169fb689c,b0a53483-36e3-4330-a309-e31bfafa8683,7d2803a4-967a-4b5b-aaa7-e76fea38ab03,male,Hispanic or Latino,20-or-under,english,full-time,"[""credit-card"", ""student-loan"", ""investment-account""]",moderate,often,,graduate-or-professional-degree,no,yes,t,2026-04-13 20:07:52.25221+00
82c6fdfe-4efc-4c17-ab28-380b5bbef145,a29fffaa-e5a6-45d6-8d64-ea882dced792,7d2803a4-967a-4b5b-aaa7-e76fea38ab03,female,White or Caucasian,20-or-under,english,part-time,"[""credit-card""]",low,sometimes,,some-college-no-degree,yes,yes,f,2026-04-13 20:15:43.762417+00
83285141-73aa-4d22-be7b-5c8b1575ce4a,69f22ed1-b75e-46ac-b8eb-d5fc2980732c,7d2803a4-967a-4b5b-aaa7-e76fea38ab03,male,White or Caucasian,20-or-under,other,part-time,"[""credit-card"", ""student-loan"", ""insurance""]",low,rarely,,some-college-no-degree,yes,no,t,2026-04-13 21:08:20.957179+00
adcb339e-122d-4cb0-afd1-4b1df98cf606,304b538d-cf77-4247-83c2-3efe5750ce04,7d2803a4-967a-4b5b-aaa7-e76fea38ab03,prefer-not-to-say,Prefer not to say,prefer-not-to-answer,english,prefer-not-to-answer,"[""prefer-not-to-answer""]",high,often,,less-than-high-school,yes,prefer-not-to-say,f,2026-04-13 21:28:28.941064+00
f648244f-d660-4f21-bf27-889fdbe0cdb6,bb3f595f-5db5-47ee-974f-f54d1a198c22,7d2803a4-967a-4b5b-aaa7-e76fea38ab03,male,White or Caucasian,20-or-under,english,part-time,"[""credit-card"", ""student-loan"", ""investment-account""]",high,sometimes,,graduate-or-professional-degree,no,yes,t,2026-04-13 21:55:43.411275+00
b7470f76-6620-4bcc-a0af-9f81e07159d6,f31f7345-d61e-4984-b310-257a4715ffc2,7d2803a4-967a-4b5b-aaa7-e76fea38ab03,female,Hispanic or Latino,above-20,spanish,part-time,"[""credit-card"", ""student-loan""]",low,rarely,,some-college-no-degree,yes,yes,f,2026-04-13 23:23:31.416605+00
6d53c106-630b-4a32-995c-dc0fbf4df70f,5c3aacda-0300-42b9-98c1-adecf4d9734b,7d2803a4-967a-4b5b-aaa7-e76fea38ab03,female,Two or more racial or ethnic backgrounds,20-or-under,english,part-time,"[""prefer-not-to-answer""]",moderate,sometimes,,bachelors-degree,no,prefer-not-to-say,t,2026-04-14 00:13:03.223093+00
1cb5b0d1-2e99-4b35-b537-21f658cbbcef,5a80b7d8-d810-4de2-a655-c2bf7634b57f,7d2803a4-967a-4b5b-aaa7-e76fea38ab03,female,Two or more racial or ethnic backgrounds,20-or-under,english,part-time,"[""none""]",moderate,often,,high-school-diploma-or-ged,no,no,t,2026-04-14 01:14:14.969481+00
762f57b6-60ef-4d6f-9b97-1d9732c22cc1,8b67a533-de66-4f2a-b2ec-51b7e77d55fb,7d2803a4-967a-4b5b-aaa7-e76fea38ab03,female,Hispanic or Latino,20-or-under,english,part-time,"[""credit-card"", ""investment-account""]",moderate,sometimes,,less-than-high-school,yes,no,t,2026-04-14 01:21:56.141655+00
cf845e19-26b9-4015-bd6c-8b608da358fb,0c9cd719-108f-405b-be1c-4dab9d46c804,7d2803a4-967a-4b5b-aaa7-e76fea38ab03,female,Hispanic or Latino,above-20,spanish,part-time,"[""credit-card"", ""student-loan""]",low,rarely,,some-college-no-degree,yes,yes,f,2026-04-14 01:39:52.764343+00
72a9ca65-02dc-4f74-9be1-8f6619e96b59,a943508c-a5c6-45c8-8c8c-baa7a22c4343,7d2803a4-967a-4b5b-aaa7-e76fea38ab03,female,Asian,20-or-under,english,part-time,"[""credit-card""]",low,rarely,,graduate-or-professional-degree,no,no,t,2026-04-14 04:07:32.0787+00
4869337b-0ac2-48f9-b398-ba5f2d07e35b,2300ee67-66b0-40e0-b527-2e6fd39e9c98,7d2803a4-967a-4b5b-aaa7-e76fea38ab03,male,Hispanic or Latino,20-or-under,english,full-time,"[""credit-card""]",moderate,rarely,,less-than-high-school,yes,no,t,2026-04-14 14:14:26.296669+00
cc82b510-00eb-4f3c-8b77-18493dd9166c,cdfe455e-cb73-4df5-a898-1c79917e76b1,7d2803a4-967a-4b5b-aaa7-e76fea38ab03,female,Asian,20-or-under,other,part-time,"[""student-loan""]",moderate,sometimes,,bachelors-degree,no,yes,t,2026-04-14 15:10:47.606506+00
868d90b6-66b3-4489-bbf3-c6fb4e2b1cf4,c1554c02-946a-4feb-8e50-6ad8372372f2,7d2803a4-967a-4b5b-aaa7-e76fea38ab03,female,White or Caucasian,20-or-under,english,part-time,"[""credit-card"", ""investment-account""]",high,sometimes,,graduate-or-professional-degree,no,no,t,2026-04-14 16:54:01.984921+00
6678830a-24f1-4bc8-b76a-5b7ed208c058,91d4e01c-de74-488f-b355-3bdee888b451,7d2803a4-967a-4b5b-aaa7-e76fea38ab03,female,White or Caucasian,20-or-under,english,part-time,"[""credit-card"", ""student-loan"", ""auto-loan""]",low,sometimes,,bachelors-degree,no,yes,f,2026-04-14 16:56:44.035207+00
535e747b-dcb8-4d63-8225-d42170a1dc4e,46a43f36-5ba9-4f97-b490-b7676fea6787,7d2803a4-967a-4b5b-aaa7-e76fea38ab03,female,Hispanic or Latino,20-or-under,spanish,full-time,"[""student-loan""]",moderate,sometimes,,less-than-high-school,yes,yes,t,2026-04-14 21:16:41.637189+00
ff8c2441-822a-4ed1-80c5-7f523ddd1214,813f729f-1668-4dc4-816f-236c1b2ee4de,7d2803a4-967a-4b5b-aaa7-e76fea38ab03,female,Hispanic or Latino,20-or-under,english,part-time,"[""none""]",moderate,often,,associate-degree,no,no,f,2026-04-14 21:51:39.239202+00
edd86968-7fac-4181-988b-f7edf8c182ba,7f72231d-fc77-4e61-bbb9-de4089d6c8e7,7d2803a4-967a-4b5b-aaa7-e76fea38ab03,male,White or Caucasian,20-or-under,english,part-time,"[""none""]",moderate,rarely,,some-college-no-degree,no,no,f,2026-04-14 21:52:26.913803+00
da969148-1569-47bc-a0ce-1b2ddc168529,c4cd2841-f561-43f0-b67c-2a38acf2ac04,7d2803a4-967a-4b5b-aaa7-e76fea38ab03,male,White or Caucasian,20-or-under,english,part-time,"[""none"", ""credit-card""]",moderate,rarely,,bachelors-degree,no,no,f,2026-04-14 21:55:16.13869+00
c126e40e-8a42-4256-8c79-c6d2120d1680,81f2a876-acc3-4d5c-be21-0342a086fe17,7d2803a4-967a-4b5b-aaa7-e76fea38ab03,female,Prefer not to say,20-or-under,spanish,part-time,"[""credit-card"", ""investment-account""]",low,rarely,,bachelors-degree,no,no,t,2026-04-15 02:28:09.918809+00
356c1b2b-1bf7-4b3c-899c-355d1ece3e2e,dfb7570a-2d6a-444a-a547-133a170bfb86,7d2803a4-967a-4b5b-aaa7-e76fea38ab03,female,White or Caucasian,20-or-under,english,part-time,"[""credit-card"", ""student-loan"", ""investment-account""]",moderate,often,,graduate-or-professional-degree,no,yes,t,2026-04-15 05:46:51.425747+00
8f2bc452-694b-4017-9f48-426a731bd5d7,9ed8ca0d-47e1-4181-ae91-64c44b6700ef,7d2803a4-967a-4b5b-aaa7-e76fea38ab03,male,Black or African American,20-or-under,english,part-time,"[""credit-card"", ""student-loan""]",moderate,sometimes,,associate-degree,yes,yes,t,2026-04-15 13:44:51.479721+00
d599e4d4-1cca-4deb-90c1-d7829d29ee82,03dfdd75-0f97-4215-8076-bcc2d8177a31,7d2803a4-967a-4b5b-aaa7-e76fea38ab03,male,Prefer not to say,20-or-under,english,no-work-experience,"[""credit-card"", ""investment-account""]",high,never,,bachelors-degree,no,no,t,2026-04-15 15:17:18.906764+00
6c0d1e85-5fe7-4d43-a7d5-836fff986e37,c88387aa-3a07-4699-8a50-017078c5f361,7d2803a4-967a-4b5b-aaa7-e76fea38ab03,male,Hispanic or Latino,20-or-under,spanish,full-time,"[""credit-card"", ""investment-account""]",moderate,sometimes,,associate-degree,yes,no,t,2026-04-15 16:28:06.018715+00
5a6815ba-e101-4902-89ca-1cda4c0ba733,b1fc8538-421a-48e7-9b2e-09761c8bd24b,7d2803a4-967a-4b5b-aaa7-e76fea38ab03,male,White or Caucasian,20-or-under,english,part-time,"[""credit-card"", ""investment-account"", ""insurance""]",high,never,,graduate-or-professional-degree,no,no,t,2026-04-15 16:33:26.02914+00
7b8a0a23-a590-4443-b9d0-eac210f07030,e9210fd8-6a1d-4b55-9150-9c9896a193a2,7d2803a4-967a-4b5b-aaa7-e76fea38ab03,male,Black or African American,20-or-under,english,part-time,"[""student-loan"", ""credit-card""]",moderate,rarely,,bachelors-degree,yes,yes,t,2026-04-15 16:36:37.71178+00
17e3030e-a2ef-4dcd-879e-c6010f775367,c947b792-891f-470b-aa93-324ea975a117,7d2803a4-967a-4b5b-aaa7-e76fea38ab03,female,Other,20-or-under,other,no-work-experience,"[""none""]",low,often,,graduate-or-professional-degree,no,no,f,2026-04-15 16:37:52.11441+00
ef05a8b4-af3b-4524-9656-e23d6a9e3458,ba50cab9-d5a9-41fb-b280-887e99b87a70,7d2803a4-967a-4b5b-aaa7-e76fea38ab03,male,White or Caucasian,20-or-under,english,full-time,"[""credit-card"", ""investment-account""]",moderate,often,,graduate-or-professional-degree,no,no,f,2026-04-15 16:39:07.909133+00
bd79376c-c96f-4239-9176-b93408a1ec31,d5b4441f-7eaa-45ed-bcbb-a033fa147562,7d2803a4-967a-4b5b-aaa7-e76fea38ab03,female,Hispanic or Latino,20-or-under,spanish,part-time,"[""credit-card"", ""student-loan""]",moderate,rarely,,high-school-diploma-or-ged,yes,yes,t,2026-04-15 16:40:13.297226+00
69d43df9-985b-4569-93bb-adbd39acda66,50e102cc-f614-4ee8-be1b-dd0d717fadf8,7d2803a4-967a-4b5b-aaa7-e76fea38ab03,female,Black or African American,above-20,french,no-work-experience,"[""prefer-not-to-answer""]",very-low,sometimes,,some-college-no-degree,no,no,t,2026-04-15 16:52:17.310174+00
6b33887b-2307-4017-a4d8-155b42f4c6d1,7e2ff437-55b9-4cc9-bd6b-8b422257d9d2,7d2803a4-967a-4b5b-aaa7-e76fea38ab03,male,White or Caucasian,20-or-under,english,full-time,"[""credit-card"", ""auto-loan"", ""investment-account"", ""insurance""]",high,sometimes,,high-school-diploma-or-ged,yes,no,t,2026-04-15 17:01:54.576431+00
e904bd9f-de88-4ffd-ab52-b4f06a85e658,b8c0d803-91dc-4846-9447-6a48eb8483d9,7d2803a4-967a-4b5b-aaa7-e76fea38ab03,male,White or Caucasian,20-or-under,english,part-time,"[""credit-card"", ""student-loan"", ""investment-account""]",moderate,sometimes,,graduate-or-professional-degree,no,no,t,2026-04-15 17:11:09.857821+00
f1cf3550-94bd-4d7c-8c41-753a95642f2f,af792dd6-769b-4690-8d47-400d63751966,7d2803a4-967a-4b5b-aaa7-e76fea38ab03,female,Asian,20-or-under,english,part-time,"[""credit-card""]",high,sometimes,,graduate-or-professional-degree,yes,yes,t,2026-04-15 17:23:03.741462+00
92f299ea-a0c7-4d3a-8571-46658538b309,16f5d8a3-ef00-4b40-9cee-5ca36509586f,7d2803a4-967a-4b5b-aaa7-e76fea38ab03,male,White or Caucasian,20-or-under,english,part-time,"[""credit-card"", ""student-loan"", ""investment-account""]",moderate,never,,graduate-or-professional-degree,no,no,t,2026-04-15 17:24:03.371387+00
70f5d5d3-4715-471a-bb7b-b5f8d0accd45,c7e5b7cc-eebb-4065-9c27-7948efa83f8b,7d2803a4-967a-4b5b-aaa7-e76fea38ab03,male,Asian,20-or-under,english,full-time,"[""credit-card"", ""student-loan"", ""investment-account""]",moderate,sometimes,,associate-degree,no,yes,t,2026-04-15 17:30:48.317743+00
ae6b708f-6c45-4096-938e-52bd57c7ed38,31a0250f-f92a-4feb-a49a-ec51308fc67d,7d2803a4-967a-4b5b-aaa7-e76fea38ab03,male,Hispanic or Latino,20-or-under,spanish,no-work-experience,"[""none""]",moderate,sometimes,,bachelors-degree,no,no,t,2026-04-15 17:55:41.031162+00
ce59bda6-c1ad-4f28-85d1-542c86649ac0,401dc195-8f05-4f56-b344-d36d19452408,7d2803a4-967a-4b5b-aaa7-e76fea38ab03,male,Hispanic or Latino,20-or-under,spanish,part-time,"[""credit-card"", ""auto-loan"", ""investment-account"", ""insurance""]",high,sometimes,,high-school-diploma-or-ged,yes,no,t,2026-04-15 18:31:00.462029+00
4ccbf311-ab48-4f27-97a8-2f6e19cb3837,c228b7a1-a2b9-4713-bfbd-6a59227dcb0c,7d2803a4-967a-4b5b-aaa7-e76fea38ab03,male,White or Caucasian,20-or-under,english,part-time,"[""prefer-not-to-answer""]",moderate,rarely,,high-school-diploma-or-ged,no,no,t,2026-04-15 18:32:07.883196+00
ca04a73f-a6f1-4528-9740-73f91b57ebca,cedee149-bcea-410f-aaf8-7b49a2b5b62f,7d2803a4-967a-4b5b-aaa7-e76fea38ab03,female,White or Caucasian,20-or-under,english,part-time,"[""credit-card"", ""student-loan""]",high,always,,graduate-or-professional-degree,no,yes,t,2026-04-15 20:47:28.170219+00
aa864f71-1cdb-4c19-8404-6c8ad7590229,fa3fc144-6e74-48b6-8e32-25a45db34991,7d2803a4-967a-4b5b-aaa7-e76fea38ab03,female,White or Caucasian,20-or-under,other,full-time,"[""credit-card"", ""student-loan""]",high,often,,high-school-diploma-or-ged,yes,yes,t,2026-04-15 20:56:09.363652+00
3840679e-6dcd-45b3-bf7a-d0f1c1248e8a,f0fb4f33-e800-4798-b2d6-dc3b30a8eb8e,7d2803a4-967a-4b5b-aaa7-e76fea38ab03,female,White or Caucasian,20-or-under,english,part-time,"[""credit-card""]",low,sometimes,,bachelors-degree,no,no,t,2026-04-15 21:30:11.484912+00
e47aa308-1f7d-4c16-8ee9-255902763af2,0886f56a-e214-4908-91aa-2b108b2eac5a,7d2803a4-967a-4b5b-aaa7-e76fea38ab03,male,Native American or Alaska Native,20-or-under,english,no-work-experience,"[""none""]",moderate,sometimes,,graduate-or-professional-degree,yes,no,t,2026-04-15 21:57:25.342732+00
0d9fcdcd-f072-4977-bce9-9a0b0bf73362,49998053-7262-462e-a288-0aa52f64cbf5,7d2803a4-967a-4b5b-aaa7-e76fea38ab03,male,Hispanic or Latino,20-or-under,english,part-time,"[""credit-card""]",high,sometimes,,some-college-no-degree,no,no,t,2026-04-15 23:26:50.03789+00
5ba90a47-7d1d-496b-87e9-ae1574ed88cf,acf69dbc-4989-4d42-9082-e64b18461453,7d2803a4-967a-4b5b-aaa7-e76fea38ab03,male,Black or African American,above-20,english,full-time,"[""student-loan"", ""credit-card"", ""investment-account"", ""insurance""]",high,sometimes,,associate-degree,no,yes,t,2026-04-15 23:33:14.942108+00
c750b72f-9eb6-4da9-aaf7-23baeb7d7eaa,8d3854f0-ee9f-4f33-aa9e-f71d5e763466,7d2803a4-967a-4b5b-aaa7-e76fea38ab03,female,Two or more racial or ethnic backgrounds,20-or-under,english,full-time,"[""prefer-not-to-answer""]",very-high,sometimes,,some-college-no-degree,yes,no,t,2026-04-16 01:05:45.330842+00
538042ab-657d-4cf4-baeb-df88b721bc80,02fcc3df-8001-4e36-960d-f62c0a590d73,7d2803a4-967a-4b5b-aaa7-e76fea38ab03,male,Hispanic or Latino,20-or-under,spanish,no-work-experience,"[""credit-card""]",moderate,rarely,,bachelors-degree,yes,no,t,2026-04-16 03:50:47.660392+00
29110a1f-9b6a-4665-a75d-2b89db6d2756,dff6f8f1-2b84-4670-ab24-c61d48c70bac,7d2803a4-967a-4b5b-aaa7-e76fea38ab03,male,Hispanic or Latino,20-or-under,spanish,part-time,"[""none""]",moderate,often,,bachelors-degree,no,yes,t,2026-04-16 03:55:55.927226+00
d7bbc29f-ba37-4695-a655-63a5b4f824ca,b0af5534-1955-4c5c-86dd-d2cd96f1dc4a,7d2803a4-967a-4b5b-aaa7-e76fea38ab03,male,Two or more racial or ethnic backgrounds,20-or-under,english,part-time,"[""credit-card"", ""investment-account""]",moderate,sometimes,,some-college-no-degree,no,no,t,2026-04-16 05:16:32.38947+00
faa6dcef-9310-4261-90dc-ed725e2650a6,ce6ce746-d010-485d-9d48-beb0997e5fab,7d2803a4-967a-4b5b-aaa7-e76fea38ab03,female,Black or African American,20-or-under,english,part-time,"[""student-loan""]",low,sometimes,,graduate-or-professional-degree,no,prefer-not-to-say,t,2026-04-16 05:54:56.54479+00
99260887-777c-4801-a8b7-51f09e75d620,cb2c53c4-ff77-487e-895a-0df328f9d800,7d2803a4-967a-4b5b-aaa7-e76fea38ab03,female,White or Caucasian,20-or-under,other,part-time,"[""credit-card"", ""student-loan""]",moderate,sometimes,,high-school-diploma-or-ged,yes,yes,t,2026-04-16 05:56:47.760264+00
97d718e0-ace1-46a9-8f06-379df1397dd3,48ab5e44-c5f4-4a48-bbbc-20aa38703ca6,7d2803a4-967a-4b5b-aaa7-e76fea38ab03,female,Hispanic or Latino,20-or-under,spanish,no-work-experience,"[""credit-card""]",very-high,often,,high-school-diploma-or-ged,no,yes,t,2026-04-16 15:40:09.750452+00
0b892420-6e01-4c90-963d-c0f0f0d2df8c,052fb2f5-d21e-43c3-ab22-cf0ffbcfb144,7d2803a4-967a-4b5b-aaa7-e76fea38ab03,male,White or Caucasian,20-or-under,english,part-time,"[""credit-card"", ""student-loan""]",moderate,rarely,,bachelors-degree,no,no,f,2026-04-16 15:44:09.129069+00
3039a806-c3da-475a-b766-d66c6c6603e7,0678fbf8-1328-4762-afbb-82fcd51944ca,7d2803a4-967a-4b5b-aaa7-e76fea38ab03,female,White or Caucasian,20-or-under,english,prefer-not-to-answer,"[""student-loan"", ""investment-account""]",moderate,always,,some-college-no-degree,yes,prefer-not-to-say,t,2026-04-16 15:54:40.806929+00
b5e41abd-e14b-4753-b62a-ccf5a014075a,3379751c-24f8-42be-b87e-6ffd79b67d32,7d2803a4-967a-4b5b-aaa7-e76fea38ab03,male,Two or more racial or ethnic backgrounds,20-or-under,english,part-time,"[""credit-card"", ""student-loan"", ""investment-account""]",moderate,sometimes,,graduate-or-professional-degree,no,yes,t,2026-04-16 16:10:59.364889+00
3f27ba66-87a9-407b-8b5a-228425f555e7,beb975bd-43b3-482d-aef5-7c84cf110966,7d2803a4-967a-4b5b-aaa7-e76fea38ab03,female,Hispanic or Latino,20-or-under,spanish,full-time,"[""credit-card"", ""student-loan"", ""auto-loan""]",high,often,,high-school-diploma-or-ged,yes,yes,t,2026-04-16 17:23:44.955068+00
2e4b2b81-195b-4ce4-88bf-b5e360beac43,b46bc5cf-c078-4422-908b-dceb238faa2d,7d2803a4-967a-4b5b-aaa7-e76fea38ab03,male,Hispanic or Latino,20-or-under,spanish,part-time,"[""student-loan"", ""investment-account""]",moderate,sometimes,,high-school-diploma-or-ged,no,prefer-not-to-say,t,2026-04-16 17:32:06.305054+00
c11e6b20-bb75-4e47-a588-fb40df381d59,a97fd42d-5d61-492f-87d6-2ab102e8e247,7d2803a4-967a-4b5b-aaa7-e76fea38ab03,male,Hispanic or Latino,20-or-under,english,part-time,"[""credit-card"", ""student-loan"", ""investment-account""]",high,often,,graduate-or-professional-degree,yes,yes,t,2026-04-16 18:29:06.046812+00
03b3ee50-ec6c-4e6c-b9d1-8a3ebfbdd659,8e959397-5753-484e-b822-85173091454e,7d2803a4-967a-4b5b-aaa7-e76fea38ab03,male,White or Caucasian,20-or-under,english,full-time,"[""prefer-not-to-answer""]",prefer-not-to-answer,prefer-not-to-answer,,prefer-not-to-answer,no,no,t,2026-04-16 18:29:09.50499+00
9bd267d6-f09c-4dcd-b2c9-06c7041ff347,7f984b1c-f9b5-400b-a3df-f1458ad1a920,7d2803a4-967a-4b5b-aaa7-e76fea38ab03,female,Black or African American,20-or-under,english,part-time,"[""investment-account"", ""credit-card""]",moderate,rarely,,some-college-no-degree,no,no,t,2026-04-16 18:30:59.571363+00
a570f654-8b76-476f-a70f-3817c11f03de,cdda16b8-b29f-400e-aa31-2e6f39b91b98,7d2803a4-967a-4b5b-aaa7-e76fea38ab03,female,Other,20-or-under,english,part-time,"[""none""]",moderate,never,,bachelors-degree,no,no,t,2026-04-16 18:32:43.772563+00
a426ac76-8386-4b44-ad92-2142cedfe229,c30655f0-d4b7-4565-b9d3-6015f8b17e72,7d2803a4-967a-4b5b-aaa7-e76fea38ab03,male,Hispanic or Latino,20-or-under,english,part-time,"[""credit-card""]",moderate,sometimes,,less-than-high-school,yes,no,t,2026-04-16 18:33:45.468218+00
159f1260-23c0-4391-a11b-efe2f25dea3e,d448fcf8-fc6c-46a6-9d2c-dcc04632109d,7d2803a4-967a-4b5b-aaa7-e76fea38ab03,female,White or Caucasian,20-or-under,other,part-time,"[""student-loan""]",very-low,sometimes,,high-school-diploma-or-ged,yes,yes,t,2026-04-16 18:33:51.790495+00
810ffccd-7b81-4a33-8019-5c5d21e2b70b,54964867-2f66-4575-889e-97d0363bb029,7d2803a4-967a-4b5b-aaa7-e76fea38ab03,male,Asian,20-or-under,english,part-time,"[""credit-card"", ""investment-account""]",low,never,,bachelors-degree,no,no,f,2026-04-16 18:37:17.098983+00
7a419311-0148-47dc-9d18-26fddcb2bad1,6285cca1-1cc0-4f25-84cf-e4b297e3c84c,7d2803a4-967a-4b5b-aaa7-e76fea38ab03,male,Asian,20-or-under,english,part-time,"[""credit-card"", ""investment-account""]",moderate,sometimes,,high-school-diploma-or-ged,yes,yes,t,2026-04-16 18:56:59.602045+00
35cd8fd0-5d69-436f-a3fe-a5e1d63ed3ae,a1daac46-0f1a-4715-93f1-6ebc0ea94b48,7d2803a4-967a-4b5b-aaa7-e76fea38ab03,male,Two or more racial or ethnic backgrounds,20-or-under,english,part-time,"[""credit-card"", ""investment-account""]",moderate,rarely,,graduate-or-professional-degree,no,no,f,2026-04-16 18:59:20.51442+00
d8ecfea8-f01a-495f-9c71-fa8674dc322e,28f23778-5452-4ae9-a7b1-1425c21055fb,7d2803a4-967a-4b5b-aaa7-e76fea38ab03,male,White or Caucasian,20-or-under,english,part-time,"[""student-loan"", ""investment-account""]",moderate,never,,some-college-no-degree,no,prefer-not-to-say,f,2026-04-16 19:13:03.891204+00
be02eb0f-ad3d-4f47-9c54-0d23ff3bd29d,be8b0ff8-40d3-46da-a788-a0dcb0e7cdc1,7d2803a4-967a-4b5b-aaa7-e76fea38ab03,male,White or Caucasian,20-or-under,english,full-time,"[""credit-card"", ""investment-account"", ""insurance""]",moderate,rarely,,some-college-no-degree,no,no,t,2026-04-16 19:18:19.267957+00
13d14dbe-708d-4b82-9df0-d63bdd0ab671,b7417958-f675-44a3-ad07-5f89848a89af,7d2803a4-967a-4b5b-aaa7-e76fea38ab03,female,Two or more racial or ethnic backgrounds,20-or-under,english,part-time,"[""none""]",low,sometimes,,bachelors-degree,no,no,t,2026-04-16 19:44:40.935994+00
9a12005b-ef39-4310-bf20-a1217dbe6825,9e8d79dd-b3bd-4580-83b3-7a5e98162bf4,7d2803a4-967a-4b5b-aaa7-e76fea38ab03,female,White or Caucasian,20-or-under,english,part-time,"[""none""]",low,never,,some-college-no-degree,yes,no,t,2026-04-16 20:09:58.84896+00
ee091a8b-a805-4fac-878c-947a0fc36c78,a6058c17-f102-4448-a4d5-969984cf801f,7d2803a4-967a-4b5b-aaa7-e76fea38ab03,male,White or Caucasian,20-or-under,other,part-time,"[""investment-account"", ""student-loan""]",very-high,rarely,,high-school-diploma-or-ged,yes,yes,t,2026-04-16 20:29:26.076671+00
91a82679-6267-488b-b09a-99dbe9f535c4,cc64c595-af04-4d7a-900a-efa808501a62,7d2803a4-967a-4b5b-aaa7-e76fea38ab03,female,Asian,20-or-under,other,no-work-experience,"[""credit-card""]",low,sometimes,,bachelors-degree,no,no,t,2026-04-16 20:47:43.649743+00
06384963-03d9-419e-8176-b08c04b9bf1e,13e0a5bb-8347-4fa0-8048-e1e5285b3a06,7d2803a4-967a-4b5b-aaa7-e76fea38ab03,male,White or Caucasian,20-or-under,english,part-time,"[""investment-account"", ""credit-card""]",very-low,often,,bachelors-degree,no,no,f,2026-04-16 22:18:46.916689+00
8b2f46ac-bd13-4a4c-b1e6-f0e471212087,3e3d2aca-1572-4182-af54-d8a654df9650,7d2803a4-967a-4b5b-aaa7-e76fea38ab03,male,White or Caucasian,20-or-under,spanish,part-time,"[""credit-card""]",high,sometimes,,graduate-or-professional-degree,no,no,t,2026-04-16 23:48:16.564958+00
c8c91d7a-ac8b-4496-a7c7-f4cc8b741c2b,e8d28032-6015-4e62-be40-837373b1ea07,7d2803a4-967a-4b5b-aaa7-e76fea38ab03,male,Hispanic or Latino,20-or-under,spanish,part-time,"[""credit-card""]",high,rarely,,dont-know,no,no,t,2026-04-16 23:58:51.872697+00
327b9b82-fe09-47e2-9c15-3ce7a225b928,520dfbb8-810b-4c2d-a0a6-1ad8cd8d7d62,7d2803a4-967a-4b5b-aaa7-e76fea38ab03,male,Hispanic or Latino,above-20,spanish,part-time,"[""credit-card"", ""investment-account"", ""insurance""]",low,prefer-not-to-answer,,bachelors-degree,no,no,t,2026-04-17 01:21:11.614069+00
d5137b13-8678-48c6-beff-642f40692956,67cbc35c-63d4-4d8a-ad2c-bc0cb0e74657,7d2803a4-967a-4b5b-aaa7-e76fea38ab03,male,White or Caucasian,20-or-under,english,part-time,"[""prefer-not-to-answer""]",low,rarely,,high-school-diploma-or-ged,no,no,t,2026-04-17 01:23:49.318303+00
53eec6b2-fa69-470c-8fda-13854f2e82fe,fe748bc5-5309-4b97-a3e5-34db070e9f6c,7d2803a4-967a-4b5b-aaa7-e76fea38ab03,male,Hispanic or Latino,20-or-under,english,full-time,"[""credit-card""]",moderate,often,,graduate-or-professional-degree,yes,no,t,2026-04-17 01:46:21.261415+00
b57d3800-764c-40b0-a5af-cbb5c3045b56,465bb9fa-30eb-47c2-97d8-445193ecae5f,7d2803a4-967a-4b5b-aaa7-e76fea38ab03,male,Hispanic or Latino,20-or-under,spanish,part-time,"[""none""]",moderate,rarely,,less-than-high-school,yes,no,t,2026-04-17 02:48:50.816173+00
3d5ef121-17b9-456d-8920-3cbb90aa14bc,71b01b6d-3de3-40df-a406-d568b13eb719,7d2803a4-967a-4b5b-aaa7-e76fea38ab03,male,Hispanic or Latino,20-or-under,spanish,prefer-not-to-answer,"[""none""]",moderate,rarely,,less-than-high-school,yes,no,t,2026-04-17 02:50:51.176697+00
de49d5e0-973c-4f84-ac58-90403e6a95ab,a4a8893e-476c-4300-85ac-dff47289f493,7d2803a4-967a-4b5b-aaa7-e76fea38ab03,female,White or Caucasian,20-or-under,english,part-time,"[""student-loan""]",moderate,sometimes,,graduate-or-professional-degree,no,no,t,2026-04-17 03:26:22.346838+00
0e534e25-f688-4a58-8e1e-4f5734175385,0f09fffe-2078-402f-b7d6-bf58fdaf754f,7d2803a4-967a-4b5b-aaa7-e76fea38ab03,female,White or Caucasian,20-or-under,english,part-time,"[""investment-account""]",low,sometimes,,graduate-or-professional-degree,no,no,f,2026-04-17 04:40:06.531093+00
51aab56c-c7d3-4fbb-897e-64367da2f02c,13b45d85-1ec7-403f-bd1e-e0bb712c7a09,7d2803a4-967a-4b5b-aaa7-e76fea38ab03,female,Two or more racial or ethnic backgrounds,20-or-under,english,no-work-experience,"[""credit-card""]",moderate,sometimes,,graduate-or-professional-degree,no,no,t,2026-04-17 04:52:19.146431+00
17539548-deae-4804-a10e-06d79831badd,ef3ddb90-4072-4047-bae6-2239209056b7,7d2803a4-967a-4b5b-aaa7-e76fea38ab03,male,White or Caucasian,20-or-under,other,no-work-experience,"[""credit-card"", ""investment-account""]",moderate,sometimes,,bachelors-degree,no,no,t,2026-04-17 14:19:00.583411+00
bef0441d-7fcc-4bc1-bc79-3a9f2ce042f5,e62d1bcf-64bc-4950-b4f2-d89e9f301418,7d2803a4-967a-4b5b-aaa7-e76fea38ab03,male,Hispanic or Latino,20-or-under,spanish,part-time,"[""credit-card""]",high,rarely,,bachelors-degree,no,no,t,2026-04-17 14:43:35.872191+00
470a1c0d-2b4b-41a2-af8b-0fd7a663e0f0,57511c7e-53f4-4d53-bb76-259c53b882fc,7d2803a4-967a-4b5b-aaa7-e76fea38ab03,male,Hispanic or Latino,20-or-under,english,part-time,"[""none""]",moderate,never,,associate-degree,no,no,t,2026-04-17 14:45:48.743343+00
718dabbf-8ce6-4612-a0c0-eedae8c6ab6c,e41c04a2-223f-477c-a0e7-b4bc778e9cbd,7d2803a4-967a-4b5b-aaa7-e76fea38ab03,male,White or Caucasian,20-or-under,english,part-time,"[""credit-card""]",moderate,often,,graduate-or-professional-degree,no,no,t,2026-04-17 14:54:39.95994+00
ef3a73df-007f-4d79-8220-df1f26df332a,9495dc88-42e5-480e-a89f-57cb83b7a53d,7d2803a4-967a-4b5b-aaa7-e76fea38ab03,female,Hispanic or Latino,20-or-under,spanish,no-work-experience,"[""credit-card"", ""investment-account""]",moderate,sometimes,,graduate-or-professional-degree,no,no,f,2026-04-17 15:46:31.814428+00
bc2bdb17-530d-4061-b675-28a834fc9e46,b1948dbe-3257-4024-958f-f1d07f5bc565,7d2803a4-967a-4b5b-aaa7-e76fea38ab03,female,Black or African American,20-or-under,english,part-time,"[""student-loan""]",moderate,rarely,,associate-degree,yes,no,t,2026-04-17 16:26:51.727303+00
bb67d58d-1e05-4062-b618-705590d06036,026eb525-b0f1-486b-b4e5-61a37b520629,7d2803a4-967a-4b5b-aaa7-e76fea38ab03,male,White or Caucasian,20-or-under,french,part-time,"[""credit-card"", ""investment-account""]",high,sometimes,,graduate-or-professional-degree,no,no,t,2026-04-17 16:56:20.200464+00
177ef195-d78c-44b1-8005-93a9c3f479d4,e1b504f8-45b4-4d7e-a088-4090bb6c89ee,7d2803a4-967a-4b5b-aaa7-e76fea38ab03,male,Two or more racial or ethnic backgrounds,20-or-under,english,part-time,"[""credit-card"", ""student-loan"", ""investment-account""]",moderate,rarely,,some-college-no-degree,no,yes,t,2026-04-17 17:51:54.887491+00
e8333436-1c58-4eb2-b3c6-23226c41a6e3,92ace83d-99bf-4a62-89ba-ad8e00345d9b,7d2803a4-967a-4b5b-aaa7-e76fea38ab03,male,White or Caucasian,20-or-under,english,part-time,"[""investment-account"", ""insurance""]",low,sometimes,,some-college-no-degree,no,no,t,2026-04-17 17:59:19.546959+00
134d2b65-efcc-44f8-9961-d61186eb2f35,e52f1067-89c4-46ef-b6fb-62da194197a0,7d2803a4-967a-4b5b-aaa7-e76fea38ab03,male,Asian,20-or-under,other,part-time,"[""credit-card"", ""investment-account""]",moderate,often,,bachelors-degree,yes,no,t,2026-04-17 18:44:31.070397+00
764c6bfb-b357-4f55-9099-823b23c52c70,6647f8c4-961f-42db-845f-5cc3ba0b88f7,7d2803a4-967a-4b5b-aaa7-e76fea38ab03,male,Asian,20-or-under,english,part-time,"[""credit-card"", ""investment-account"", ""insurance""]",moderate,always,,less-than-high-school,yes,prefer-not-to-say,t,2026-04-17 18:53:21.808775+00
0cbcf032-4719-4b0b-a4f4-96ce12c79e95,3e2903b3-c239-43e9-848a-9a5fbc3068d7,7d2803a4-967a-4b5b-aaa7-e76fea38ab03,female,White or Caucasian,20-or-under,english,full-time,"[""none""]",moderate,rarely,,some-college-no-degree,yes,no,t,2026-04-17 19:09:03.771585+00
243a67df-7663-4222-b660-276dabe9031e,da53b92e-3a31-494e-a224-138acf04e9c7,7d2803a4-967a-4b5b-aaa7-e76fea38ab03,female,Hispanic or Latino,20-or-under,spanish,no-work-experience,"[""investment-account""]",moderate,sometimes,,graduate-or-professional-degree,no,no,t,2026-04-17 19:12:26.44755+00
f6a660da-b983-4110-873a-7a75f4ba6d7f,3d34bb1e-8033-4022-97f5-85dfd2ee2d6c,7d2803a4-967a-4b5b-aaa7-e76fea38ab03,male,Hispanic or Latino,20-or-under,english,no-work-experience,"[""none""]",high,sometimes,,some-college-no-degree,yes,no,t,2026-04-17 19:15:41.964501+00
5274521a-f466-41af-ad8a-50302be06e7c,22394cb7-9e7a-4e62-8c92-3e012168b786,7d2803a4-967a-4b5b-aaa7-e76fea38ab03,prefer-not-to-say,Prefer not to say,prefer-not-to-answer,prefer-not-to-answer,prefer-not-to-answer,"[""credit-card"", ""investment-account""]",moderate,rarely,,bachelors-degree,no,no,t,2026-04-17 19:25:34.900022+00
226ff672-3c88-4555-beea-be825ae877ba,9555f6eb-d3dd-4cb3-917f-4d1b59cd2223,7d2803a4-967a-4b5b-aaa7-e76fea38ab03,male,Two or more racial or ethnic backgrounds,20-or-under,english,no-work-experience,"[""credit-card""]",low,often,,graduate-or-professional-degree,no,no,t,2026-04-17 20:03:50.465832+00
63ef3d49-c3af-4ec8-be7b-4926e9e74d9f,1c1a29fc-6c83-4242-8abc-81cd053eee24,7d2803a4-967a-4b5b-aaa7-e76fea38ab03,female,White or Caucasian,above-20,english,full-time,"[""credit-card"", ""student-loan"", ""investment-account""]",moderate,often,,high-school-diploma-or-ged,yes,yes,t,2026-04-17 22:40:31.008828+00
63beda3b-3cac-427e-8784-5e35f8b65d34,a0b1e727-7b99-43f4-9f5a-d321dce0b186,7d2803a4-967a-4b5b-aaa7-e76fea38ab03,female,Hispanic or Latino,above-20,english,part-time,"[""credit-card"", ""student-loan""]",moderate,often,,high-school-diploma-or-ged,yes,yes,t,2026-04-17 22:40:49.367229+00
cd49a518-a8c5-4fee-acde-50beecdb1ac0,c706e072-a452-4f52-8335-c6580b7de595,7d2803a4-967a-4b5b-aaa7-e76fea38ab03,female,White or Caucasian,20-or-under,english,part-time,"[""prefer-not-to-answer""]",low,often,,bachelors-degree,no,prefer-not-to-say,t,2026-04-18 00:06:59.754297+00
f1997d26-5f38-4f4c-88ad-9d56e803574c,991d5bb2-f6a0-4ad1-bcf8-394c30e85775,7d2803a4-967a-4b5b-aaa7-e76fea38ab03,female,Hispanic or Latino,20-or-under,spanish,no-work-experience,"[""credit-card""]",moderate,sometimes,,bachelors-degree,no,no,f,2026-04-18 01:10:18.953445+00
78e93aee-6ed7-45fb-a7ef-75c663332a16,c3cdb2df-03fd-4fa4-9043-0d4b7e4af40e,7d2803a4-967a-4b5b-aaa7-e76fea38ab03,female,Hispanic or Latino,20-or-under,english,no-work-experience,"[""none""]",low,sometimes,,associate-degree,yes,no,t,2026-04-18 01:10:52.368787+00
ccd29882-7bec-4d67-9485-202d621169fb,81c890f9-f7e7-4a96-a5f0-9e7e6448ff34,7d2803a4-967a-4b5b-aaa7-e76fea38ab03,female,White or Caucasian,20-or-under,english,part-time,"[""none"", ""credit-card""]",moderate,sometimes,,graduate-or-professional-degree,no,no,t,2026-04-18 01:56:13.416181+00
d927559f-164e-4585-b414-01b2c3d4e56c,7e4427fd-de59-42d6-a4fc-964b1ce9d1ec,7d2803a4-967a-4b5b-aaa7-e76fea38ab03,male,White or Caucasian,20-or-under,other,prefer-not-to-answer,"[""investment-account""]",very-high,never,,graduate-or-professional-degree,no,no,t,2026-04-18 06:11:44.724985+00
23db49bb-2369-43d7-aff4-a79765711ad5,8dcd5995-a36c-4064-95c5-cd1b6a4fa05b,7d2803a4-967a-4b5b-aaa7-e76fea38ab03,male,White or Caucasian,above-20,russian,prefer-not-to-answer,"[""credit-card"", ""investment-account"", ""insurance""]",high,sometimes,,dont-know,no,no,f,2026-04-18 16:26:47.686+00
ae104376-efc8-498e-b0b6-1c2091d5da0a,8c5864e4-242f-4805-8719-15ca3fb438a3,7d2803a4-967a-4b5b-aaa7-e76fea38ab03,female,Black or African American,20-or-under,english,part-time,"[""student-loan""]",moderate,sometimes,,graduate-or-professional-degree,no,yes,f,2026-04-18 16:27:57.357412+00
316a5281-e56a-4388-aea6-232c023e843d,8474b62d-bcfb-4447-89c1-ec6fec10c94d,7d2803a4-967a-4b5b-aaa7-e76fea38ab03,female,White or Caucasian,20-or-under,other,part-time,"[""credit-card"", ""investment-account""]",moderate,never,,some-college-no-degree,yes,no,t,2026-04-18 16:28:00.684241+00
06ab2430-a764-46f7-a2b4-161470c49b4e,36e3a24d-0da0-4219-a248-5943f02d3657,7d2803a4-967a-4b5b-aaa7-e76fea38ab03,female,Black or African American,20-or-under,english,full-time,"[""credit-card""]",moderate,often,,graduate-or-professional-degree,no,no,t,2026-04-18 17:54:49.052851+00
55b4481d-96dc-4a79-93ec-23b7bc5213af,f4fcf75f-7f76-4bd3-82a2-8aae1d6a6e2f,7d2803a4-967a-4b5b-aaa7-e76fea38ab03,male,White or Caucasian,20-or-under,english,prefer-not-to-answer,"[""credit-card"", ""investment-account""]",moderate,rarely,,graduate-or-professional-degree,no,no,t,2026-04-18 19:12:23.920535+00
be400f75-0fe8-4051-956a-734f294fc8b8,199340b4-0374-46d6-b377-2e38bfb300c7,7d2803a4-967a-4b5b-aaa7-e76fea38ab03,male,Asian,20-or-under,english,no-work-experience,"[""none""]",moderate,rarely,,bachelors-degree,no,no,f,2026-04-18 19:30:50.662917+00
38187ee8-64f3-4226-bf38-6841c9e13d0f,acd8c8f8-6ced-4eab-8240-58ca34f68dfc,7d2803a4-967a-4b5b-aaa7-e76fea38ab03,female,White or Caucasian,20-or-under,english,part-time,"[""investment-account""]",moderate,often,,graduate-or-professional-degree,no,no,t,2026-04-18 19:55:55.304999+00
fddcf49f-ad50-402a-b81b-086bd74ebea8,cc6bcb41-6e6b-4a30-9a59-bb4ebb2fbd6f,7d2803a4-967a-4b5b-aaa7-e76fea38ab03,female,Asian,20-or-under,english,part-time,"[""credit-card""]",high,sometimes,,some-college-no-degree,no,no,t,2026-04-18 20:35:35.778846+00
dd7cd7b4-e3e6-41fc-82e5-26f4096446f9,2cdf333d-6752-4f52-8b72-74ac3fd9cae0,7d2803a4-967a-4b5b-aaa7-e76fea38ab03,male,White or Caucasian,20-or-under,english,no-work-experience,"[""credit-card"", ""investment-account""]",low,always,,high-school-diploma-or-ged,no,prefer-not-to-say,t,2026-04-18 20:56:08.887003+00
8b0c475d-5239-403c-a492-5eac95280782,79d36393-36be-4bdc-a513-055d6a9283c1,7d2803a4-967a-4b5b-aaa7-e76fea38ab03,male,Asian,20-or-under,english,part-time,"[""credit-card"", ""investment-account""]",moderate,rarely,,graduate-or-professional-degree,no,no,f,2026-04-18 21:31:40.7515+00
4561cc26-8f17-4a55-b9f4-be9b81c52b85,86c3ea20-2118-402e-922f-2a0ca3eb8328,7d2803a4-967a-4b5b-aaa7-e76fea38ab03,male,Hispanic or Latino,20-or-under,spanish,full-time,"[""credit-card"", ""investment-account""]",moderate,often,,graduate-or-professional-degree,no,no,t,2026-04-18 21:35:27.108326+00
211541f9-3313-446f-b489-864b081fbdf9,2b2bafe2-d361-42ce-b1c9-60b82e0b16ed,7d2803a4-967a-4b5b-aaa7-e76fea38ab03,male,Hispanic or Latino,20-or-under,english,part-time,"[""prefer-not-to-answer""]",low,sometimes,,high-school-diploma-or-ged,no,yes,t,2026-04-18 21:36:11.90699+00
20a8f219-d87e-413c-a2f7-4d2cfadb1b9a,2d9332af-a57d-456b-9875-8535479e38ec,7d2803a4-967a-4b5b-aaa7-e76fea38ab03,male,Two or more racial or ethnic backgrounds,20-or-under,english,no-work-experience,"[""prefer-not-to-answer""]",moderate,often,,graduate-or-professional-degree,no,prefer-not-to-say,t,2026-04-18 21:36:15.955416+00
fe038a11-6dc6-41a3-be4c-eb45da59c75f,8305868b-c711-4016-b4c4-6940d266095b,7d2803a4-967a-4b5b-aaa7-e76fea38ab03,male,Asian,20-or-under,english,full-time,"[""credit-card"", ""investment-account""]",moderate,sometimes,,high-school-diploma-or-ged,no,no,t,2026-04-18 21:42:45.523953+00
a3c762cd-5502-4e96-855a-24c76e8a33b5,168b2aba-82f2-4363-98aa-45d67ffa0d38,7d2803a4-967a-4b5b-aaa7-e76fea38ab03,male,Hispanic or Latino,20-or-under,english,no-work-experience,"[""student-loan""]",low,often,,high-school-diploma-or-ged,yes,prefer-not-to-say,f,2026-04-18 21:43:51.641492+00
ccce622c-70a9-4b28-add5-8c2cb68e9390,5300640c-2dc0-4a31-a4f1-f83ca5ed58b8,7d2803a4-967a-4b5b-aaa7-e76fea38ab03,male,Hispanic or Latino,20-or-under,english,part-time,"[""prefer-not-to-answer""]",low,sometimes,,high-school-diploma-or-ged,no,no,t,2026-04-18 21:49:30.187923+00
c6367930-92e1-447f-beb5-454f029d3b53,299664c3-8591-4684-b91d-e384393bd605,7d2803a4-967a-4b5b-aaa7-e76fea38ab03,male,White or Caucasian,20-or-under,english,part-time,"[""credit-card"", ""student-loan"", ""investment-account""]",moderate,often,,high-school-diploma-or-ged,yes,prefer-not-to-say,t,2026-04-18 21:51:30.103203+00
4e3bcad6-fb06-40be-8dc3-606d94dfe740,02f803ea-4eac-4a57-8bc6-8397c7b23f77,7d2803a4-967a-4b5b-aaa7-e76fea38ab03,female,Hispanic or Latino,20-or-under,english,no-work-experience,"[""none""]",moderate,sometimes,,bachelors-degree,no,no,t,2026-04-18 22:07:28.680689+00
173fcecb-5de9-43b4-804c-fae541506d26,720cf50e-c5fa-4a86-bfa0-f1a6f5681b99,7d2803a4-967a-4b5b-aaa7-e76fea38ab03,male,Black or African American,20-or-under,english,part-time,"[""investment-account""]",moderate,rarely,,graduate-or-professional-degree,no,no,f,2026-04-18 22:12:27.343575+00
19da5cab-d8ee-40d1-b009-b892e4493991,6d2a5330-dedb-4a11-b53d-ead6574b56c4,7d2803a4-967a-4b5b-aaa7-e76fea38ab03,male,Two or more racial or ethnic backgrounds,20-or-under,english,part-time,"[""credit-card"", ""student-loan""]",very-low,often,,bachelors-degree,no,yes,t,2026-04-18 23:08:00.257548+00
d3b0fe63-64fe-424a-92ac-8017711e9867,d93426b9-071d-4d2e-9464-5b5651bf1954,7d2803a4-967a-4b5b-aaa7-e76fea38ab03,male,White or Caucasian,20-or-under,english,part-time,"[""credit-card""]",moderate,sometimes,,bachelors-degree,no,no,t,2026-04-18 23:55:31.7337+00
78cb51ca-8ace-4091-8355-aa45b9d78251,a42545e3-b0f9-4ded-a0b7-ea0269ed06db,7d2803a4-967a-4b5b-aaa7-e76fea38ab03,female,Prefer not to say,20-or-under,english,part-time,"[""investment-account""]",moderate,rarely,,some-college-no-degree,no,no,f,2026-04-19 00:52:48.196778+00
8d3b1f8b-8197-4278-94b2-1d88171e49db,f6c37b87-07f0-424a-8c20-eb9b7512270e,7d2803a4-967a-4b5b-aaa7-e76fea38ab03,female,Asian,20-or-under,english,part-time,"[""investment-account""]",low,never,,bachelors-degree,no,no,f,2026-04-19 01:24:53.787203+00
7d5c648e-865e-4b8a-bfe3-545648c5eddc,67f93fc2-6d8e-481a-80c3-560561f436f9,7d2803a4-967a-4b5b-aaa7-e76fea38ab03,male,White or Caucasian,20-or-under,english,part-time,"[""prefer-not-to-answer""]",low,sometimes,,some-college-no-degree,no,prefer-not-to-say,t,2026-04-19 02:12:54.452886+00
522f6b31-8de4-49ad-bd5a-8c160f2a2ece,fa251d4d-de11-4172-ad02-23548d603dce,7d2803a4-967a-4b5b-aaa7-e76fea38ab03,male,White or Caucasian,20-or-under,english,full-time,"[""credit-card"", ""investment-account""]",moderate,sometimes,,high-school-diploma-or-ged,no,no,f,2026-04-19 02:13:23.216789+00
78a5bb6b-310f-4031-9f16-6bb0b6ff50a4,dd1ba639-646a-4995-93f3-5a3eafab98b7,7d2803a4-967a-4b5b-aaa7-e76fea38ab03,female,White or Caucasian,above-20,other,full-time,"[""credit-card"", ""student-loan"", ""auto-loan"", ""investment-account"", ""insurance""]",high,always,,bachelors-degree,no,yes,t,2026-04-19 02:33:08.975032+00
f3cdf717-f650-4406-a932-7b8287af5dcc,2e27213f-085c-410e-8570-dfc2566bede5,7d2803a4-967a-4b5b-aaa7-e76fea38ab03,female,Hispanic or Latino,20-or-under,spanish,no-work-experience,"[""credit-card""]",very-low,always,,prefer-not-to-answer,no,no,t,2026-04-19 02:33:47.574771+00
9cbb86e2-7f75-4706-9005-72eb867b2c82,33c9b5d7-526d-4f0a-97a3-6fec13c7b70b,7d2803a4-967a-4b5b-aaa7-e76fea38ab03,male,Asian,above-20,english,no-work-experience,"[""none""]",moderate,often,,graduate-or-professional-degree,no,no,t,2026-04-19 03:34:09.393179+00
b9d704dd-55e9-4529-89f5-e1a912f5d954,a15c1b9d-6537-49c5-838c-4ff868fef5ad,7d2803a4-967a-4b5b-aaa7-e76fea38ab03,male,Black or African American,above-20,english,part-time,"[""student-loan"", ""investment-account""]",moderate,always,,some-college-no-degree,no,no,t,2026-04-19 03:40:49.747513+00
e9317dc5-b843-42f7-9151-7f983a5d5809,7e936c13-fda4-4c46-8afd-ec4592fe10c4,7d2803a4-967a-4b5b-aaa7-e76fea38ab03,female,Asian,20-or-under,other,no-work-experience,"[""credit-card""]",very-low,sometimes,,bachelors-degree,yes,no,t,2026-04-19 04:03:36.918965+00
959a155a-6a37-4382-abc4-27f7ae1d6dc2,d273737f-dab1-45dd-ae30-6d75e0c8dccf,7d2803a4-967a-4b5b-aaa7-e76fea38ab03,female,Hispanic or Latino,20-or-under,english,part-time,"[""none""]",moderate,sometimes,,bachelors-degree,no,yes,t,2026-04-19 04:47:54.913473+00
625da6e3-bc5e-4021-8ee7-1ea2f02b064f,549c26a3-7de9-4f18-85bf-57a344aea947,7d2803a4-967a-4b5b-aaa7-e76fea38ab03,male,White or Caucasian,20-or-under,english,part-time,"[""credit-card"", ""student-loan"", ""investment-account""]",very-high,sometimes,,graduate-or-professional-degree,no,yes,t,2026-04-19 04:52:39.720486+00
26f0ae2d-08d8-4c05-9cbf-14924f50116c,d2267586-5a13-4dde-a482-8cfdf6e7b445,7d2803a4-967a-4b5b-aaa7-e76fea38ab03,male,White or Caucasian,20-or-under,english,part-time,"[""investment-account""]",moderate,sometimes,,some-college-no-degree,yes,no,t,2026-04-19 06:59:46.550248+00
395524e7-e5db-4c86-b2cc-2b59b1f088b1,8df7430b-2cd0-4ad1-82d5-d4b9df1b5f20,7d2803a4-967a-4b5b-aaa7-e76fea38ab03,male,White or Caucasian,20-or-under,english,part-time,"[""credit-card"", ""student-loan"", ""investment-account""]",moderate,often,,graduate-or-professional-degree,no,no,t,2026-04-19 09:34:10.760301+00
0bebc20c-1012-4d0f-b11a-6aa4ac7db924,efc99986-e151-4a87-bc1c-906674deea9e,7d2803a4-967a-4b5b-aaa7-e76fea38ab03,male,Black or African American,20-or-under,english,part-time,"[""credit-card"", ""student-loan"", ""investment-account""]",low,sometimes,,bachelors-degree,no,no,t,2026-04-19 17:20:32.826865+00
741862cb-dd24-46de-a985-5d4d628aa01d,93af2536-4c91-4ad4-9dc0-192a34d31923,7d2803a4-967a-4b5b-aaa7-e76fea38ab03,male,Hispanic or Latino,20-or-under,spanish,no-work-experience,"[""credit-card""]",moderate,never,,bachelors-degree,no,no,t,2026-04-19 19:22:06.804323+00
1e8765b6-ceb8-43e8-9396-24565230d9f0,b2afacef-bd66-4ecb-ac70-8ac08681b088,7d2803a4-967a-4b5b-aaa7-e76fea38ab03,female,White or Caucasian,above-20,english,full-time,"[""credit-card"", ""student-loan"", ""auto-loan"", ""insurance""]",moderate,often,,associate-degree,no,yes,t,2026-04-19 20:31:48.891652+00
53d5fa7a-f15c-4eb1-960c-1505fb9cce2c,27ed8285-994d-4679-a80f-976d5873ef33,7d2803a4-967a-4b5b-aaa7-e76fea38ab03,female,Black or African American,20-or-under,english,prefer-not-to-answer,"[""investment-account"", ""credit-card""]",moderate,sometimes,,graduate-or-professional-degree,no,no,t,2026-04-20 00:28:37.148013+00
9cc95ed7-23de-435c-b89b-7109bdf59542,678960c1-1fcb-497a-b59b-e87b727f3496,7d2803a4-967a-4b5b-aaa7-e76fea38ab03,male,Asian,20-or-under,other,part-time,"[""student-loan"", ""credit-card""]",high,often,,high-school-diploma-or-ged,no,yes,t,2026-04-20 01:38:55.584956+00
6b11540a-a27b-4466-a5a2-25fafc063e55,f2fb8456-5b2a-4933-bb95-957d32b3eabd,7d2803a4-967a-4b5b-aaa7-e76fea38ab03,female,Asian,20-or-under,english,no-work-experience,"[""credit-card""]",moderate,never,,graduate-or-professional-degree,no,no,t,2026-04-20 03:54:25.328447+00
adbfa1f5-2266-49ad-87ff-d855bc34c9c6,0fa3973d-d007-4018-8bfc-1b6747fbc42e,7d2803a4-967a-4b5b-aaa7-e76fea38ab03,male,White or Caucasian,20-or-under,english,part-time,"[""none""]",moderate,rarely,,high-school-diploma-or-ged,yes,no,f,2026-04-20 06:02:17.567836+00
49d64366-f4aa-493a-8731-119777149941,c6ac79d4-bcff-491c-aa5e-19ff63deeb1c,7d2803a4-967a-4b5b-aaa7-e76fea38ab03,male,Hispanic or Latino,20-or-under,english,part-time,"[""investment-account""]",moderate,rarely,,some-college-no-degree,yes,prefer-not-to-say,t,2026-04-20 13:05:21.722167+00
dd8ab1d7-fa4f-47b2-b3a1-6dc4988499b7,1ab34c41-eb07-4329-983f-c464032d833b,7d2803a4-967a-4b5b-aaa7-e76fea38ab03,male,White or Caucasian,20-or-under,english,part-time,"[""student-loan""]",low,never,,bachelors-degree,no,prefer-not-to-say,t,2026-04-20 14:47:47.011804+00
8c734022-d9f2-488e-9802-d7be57572656,cd80ea61-cc8f-4163-8eec-a7962b2343eb,7d2803a4-967a-4b5b-aaa7-e76fea38ab03,male,White or Caucasian,above-20,english,full-time,"[""credit-card"", ""student-loan"", ""auto-loan"", ""investment-account"", ""insurance""]",very-high,sometimes,,graduate-or-professional-degree,no,yes,t,2026-04-20 16:17:07.548594+00
c9f1f11c-d295-4bd5-b345-e8e316ad4f7c,296be6c6-e531-4b3d-84f0-1cf3e8d4a834,7d2803a4-967a-4b5b-aaa7-e76fea38ab03,female,White or Caucasian,20-or-under,other,part-time,"[""credit-card""]",moderate,sometimes,,graduate-or-professional-degree,yes,no,t,2026-04-21 02:06:32.321907+00
f0960af7-e7ce-46f4-b164-06a3076aa953,bafacb99-14e9-4962-8178-5692d8d0479f,7d2803a4-967a-4b5b-aaa7-e76fea38ab03,female,Hispanic or Latino,20-or-under,spanish,full-time,"[""credit-card""]",very-high,sometimes,,high-school-diploma-or-ged,yes,no,t,2026-04-21 03:59:25.375721+00
ebd8562e-d21f-49ef-b8ef-64c338bf42c8,fe003a65-f98c-4143-9be0-0eb713d4c19b,7d2803a4-967a-4b5b-aaa7-e76fea38ab03,female,Hispanic or Latino,20-or-under,spanish,part-time,"[""none""]",low,always,,prefer-not-to-answer,yes,prefer-not-to-say,t,2026-04-26 03:16:46.486646+00
